MALAYAN MARITIME SERVICES INC.,,,,,,,,,,,,,,,,,,,,,,,,,,,,,,,,,,,,,,,,,,,,,,,,,,,,,,,,,,,,,,,,,,,,,,,,,,,,,,,,,,,,,,,,,,,,,,,,,,,,,,,,,,,,,,,,,,,,,,,,,,,,,,,,,,,,,,,,,,,,,,,,,,,,,,,,,,,,,,,,,,,,,,,,,,,,,,,,,,,,,,,,,,,,,,,,,,,,,,,,,,,,,,,,,,,,,,,,,,,,,,,,,,,,,,,,,,,,,,,,,,,,,,,,,,,,,,,
AR MONITORING AS OF,,,,6/26/2026,,,,,,,,,,,,,,,,,,,,,,,,,,,,,,,,,,,,,,,,,,,,,,,,,,,,,,,,,,,,,,,,,,,,,,,,,,,,,,,,,,,,,,,,,,,,,,,,,,,,,,,,,,,,,,,,,,,,,,,,,,,,,,,,,,,,,,,,,,,,,,,,,,,,,,,,,,,,,,,,,,,,,,,,,,,,,,,,,,,,,,,,,,,,,,,,,,,,,,,,,,,,,,,,,,,,,,,,,,,,,,,,,,,,,,,,,,,,,,,,,,,,,,,,,,,
,,,,,,,,,,,,,,,,,,,,,,,,,,,,,,,,,,,,,,,,,,,,,,,,,,,,,,,,,,,,,,,,,,,,,,,,,,,,,,,,,,,,,,,,,,,,,,,,,,,,,,,,,,,,,,,,,,,,,,,,,,,,,,,,,,,,,,,,,,,,,,,,,,,,,,,,,,,,,,,,,,,,,,,,,,,,,,,,,,,,,,,,,,,,,,,,,,,,,,,,,,,,,,,,,,,,,,,,,,,,,,,,,,,,,,,,,,,,,,,,,,,,,,,,,,,,,,,
,,,,,,,,,,,,,,,,,,,,,,,,,,,,,,,,,,,,,,,,,,,,,,,,,,,,,,,,,,,,,,,,,,,,,,,,,,,,,,,,,,,,,,,,,,,,,,,,,,,,,,,,,,,,,,,,,,,,,,,,,,,,,,,,,,,,,,,,,,,,,,,,,,,,,,,,,,,,,,,,,,,,,,,,,,,,,,,,,,,,,,,,,,,,,,,,,,,,,,,,,,,,,,,,,,,,,,,,,,,,,,,,,,,,,,,,,,,,,,,,,,,,,,,,,,,,,,,
DETAILS OF TRIPS OF TUGBOAT,,,,,,,,,,,,,,,,,,,,,,,,,,,,FOR PNL USE,,,,,,,,,,,,,,,,,,,,,,,,,,AP LEDGER,,,,,,,,,,,,,,,,,,,,,,,A/R LEDGER,,,,,,,,,,,,,,,,,,,,,,,,,,,,,,,,,,,,,,,,,,,,,,,,,,,,,,,,,,,,,,,,,,,,,,,,,,,,,,,,,,,,,,,Number of ASSISTS,,,,,,,,,,,,,,,,,,,,,,,,,,,,,,,,,,,,,,,,,,,,,,,,,,Number of TENDING,,,,,,,,,,,,,Number of TENDING HOURS,,,,,,,,,,,,,,,,,,,,,,,,,,,,
BILLING STATEMENT DATE/DISPATCH DATE,DISPATCH TICKET NUMBER,BILLING STATEMENT #,CUSTOMER NAME,NAME OF VESSEL,TYPE OF VESSEL,NAME OF TUGBOAT,PORT,TERMINAL,NATURE OF SERVICE,TIME STARTED,TIME END,NO. OF HRS,RATE,GROSS SALES,DATE DEPOSITED,RECEIPT DATE,RECEIPT NUMBER,BANK,VATABLE AMOUNT,EWT,AMOUNT DEPOSITED,SBMA SHARE,OVERPAYMENT,AGENCY INCENTIVE,AGENT COMMISSION,BALANCE,AP OTHER TUGS,NET SALES,INCOME FROM ALLIE BRAVO,INCOME FROM AMATA MARU,INCOME FROM BOHOL SEA,INCOME FROM CEBU STRAIT,INCOME FROM CHOKWANG,INCOME FROM HOKUTO,INCOME FROM LAKANDULA,INCOME FROM PALDO,INCOME FROM PANAY GULF,INCOME FROM SUJEONG,INCOME FROM SUN JIN NO.505,INCOME FROM TABANGAO,INCOME FROM OTHER TUGS,ALLIE BRAVO # OF HOURS,AMATA MARU # OF HOURS,BOHOL SEA # OF HOURS,CEBU STRAIT # OF HOURS,CHOKWANG # OF HOURS,HOKUTO # OF HOURS,LAKANDULA # OF HOURS,PALDO # OF HOURS,PANAY GULF # OF HOURS,SUJEONG # OF HOURS,SUN JIN NO.505 # OF HOURS,TABANGAO # OF HOURS,AGUILAR MARITIME LINK SERVICES INC.,"ASSIST TOW MARINE, INC.",CEBU MOORING GANG,DABAW PILOTS,DAVAO GULF,FORTIS,GENESIS,"HARBOR STAR SHIPPINIG SERVICES, INC.",LEO MARINE SERVICES,MELCON MARINE,"METRO CEBU HARBOR PILOTS CO. INC,",MTSC,"NAVFULL MARINE SERVICES, OPC",NORTH HARBOR TUGS,OCEANIC,PACIFIC ROSE,PCL,SEEN SAM SHIPPING INC.,SMC SHIPPING AND LIGHTERAGE CORPORATION,SURIGAO PILOT,TACLOBAN HARBOR PILOTS PARTNERSHIP (THHP) CO.,TRANSCOASTAL TUGS & SHIPPING SERVICES CO. INC.,VENUS MARINE SERVICES INC.,2GO GROUP INC,ALL ORIENT SHIPPING CORPORATION,ANIMO MARINE HAUELERS SHIP MANAGEMENT CORP.,ARDMORE MR POOL LLC,ASTROX  OIL CORPORATION,BAISHIPPING INC.,BALYENA TANKER CORPORATION,BEN LINE AGENCIES PHILS INC,CEBU SEA CHARTERER INC.,CLIO SHIPPING AND LOGISTICS PHILS. INC,CMA CGM PHILIPPINES INC.,DABAW PILOTS,DAVAO GULF MARINE SERVICES INC.,EBC SHIPPING SERVICES,ECOLOGY MARINE CORPORATION,EQUINOR ASIA PACIFIC PTE LTD.,ESGUERRA SHIPPING CORPORATION,FANRONG SHIPPING CORP.,FASTGUYS LOGISTIC CORPORATION,FELCOR PETROLEUM DEPOT CORPORATION,FLYING VESSEL,FOUR DRAGONS SHIPPING SERVICES,FULLSTEAM SHIPPING CORPORATION,GAC PHILIPPINES INC,GENSAN SHIPYARD AND MACHINE WORKS INC.,"GIANG PHONG SHIPPING CO., LTD",GOTHONG SOUTHERN SHIPPING LINES INC.,"HAFNIA MIDDLE EAST DMCC, DA-DESK",HARBOR EAGLE,HERMA SHIPPING AND TRANSPORT CORPORATION,HONOR MERIT,INSULAR OIL CORPORATION,ISLAS TANKERS SEATRANSPORT CORP.,KUDOS TRUCKING CORPORATION,LORENZO SHIPPING CORPORATION,LYNUX SHIPPING LTD,MALAYAN TOWAGE & SALVAGE CORP.,"MAR-SHIPS AGENCY, INC.",METRO CEBU HARBOR PILOTS CO. INC.,"METRO CEBU HARBOR PILOTS COMPANY,INC.",MICHAEL INC.,MIZZEN SHIPPING ENTERPRISES INC.,MOLAVE TANKER CORPORATION,MTP MARINE SERVICES,NARRA TANKERS CORPORATION,ND SHIPPING AGENCY AND ALLIED SERVICES,NORTEAM,NOVALCO ENTERPRISES SINGAPORE PTE. LTD.,OCEANIC CONTAINER LINES,OMS SHIPPING SERVICES AND LOGISTICS INC.,PACIFICROSE SHIPPING SERVICES INC.,PETROMIN SHIPPING & MARINE SERVICES INC.,PETROTRADE PHILIPPINES INC.,PHIL-CEB MARINE SERVICES INC.,PHIL. SPAN ASIA CARRIER CORP.,PHILHUA SHIPPING INC,PHILIPPINE TRANSWORLD SHIPPING CORPORATION,PHOENIX PETROLEUM PHILS. INC.,PNX - CHELSEA SHIPPING CORP.,SAFEAIR CORPORATION,"SAN MIGUEL FOODS, INC.",SEABOARD SHIPPING AGENCY AND SERVICES CORP,SEADOVE MARITIME SERVICES INC,SERVPORT SHIPPING SERVICES INC.,SHARPORT FERRY SERVICES,SHOGUN SHIPS CO. INC.,SITE RESOURCES DEVELOPMENT CORPORATION,SMC SHIPPING AND LIGHTERAGE CORPORATION,SOUTHWEST SHIPS AGENCIES INC.,"SOUTHWEST SHIPS AGENCIES, INC.",SUBSEA SERVICES INC,SWORD FISH MARINE SERVICES CORP.,TERBAN MARINE CORPORATION,"TRANS-ASIA SHIPPING LINES, INC.",TRUSTME SHIPPING CORP,UKC BUILDERS,"UKC BUILDERS, INC.",UPCMC SHIPPING INC.,VIA MARINE CORPORATION,WALLEM PHILIPPINES SHIPPING INC.,"WILHELMSEN-SMITH BELL SHIPPING, INC.","WILHELMSEN-SMITH BELL SUBIC, INC.",WILLY ONG DIZON,WINDBAY SHIPPING AND LOGISTICS INC.,XINGYUN MARINE TRANSPORT INC.,YANGTZE PACIFIC SHIPPING LINES,TOTAL,ALLIE BRAVO LOCAL (IOC),AMATA MARU LOCAL (IOC),BOHOL SEA LOCAL (IOC),CEBU STRAIT LOCAL (IOC),CHOKWANG LOCAL (IOC),HOKUTO LOCAL (IOC),LAKANDULA LOCAL (IOC),PALDO LOCAL (IOC),PANAY GULF LOCAL (IOC),SUJEONG LOCAL (IOC),SUN JIN NO.505 LOCAL (IOC),TABANGAO LOCAL (IOC),ALLIE BRAVO FOREIGN (IOC),AMATA MARU FOREIGN (IOC),BOHOL SEA FOREIGN (IOC),CEBU STRAIT FOREIGN (IOC),CHOKWANG FOREIGN (IOC),HOKUTO FOREIGN (IOC),LAKANDULA FOREIGN (IOC),PALDO FOREIGN (IOC),PANAY GULF FOREIGN (IOC),SUJEONG FOREIGN (IOC),SUN JIN NO.505 FOREIGN (IOC),TABANGAO FOREIGN (IOC),ALLIE BRAVO LOCAL (OUTSIDE),AMATA MARU LOCAL (OUTSIDE),BOHOL SEA LOCAL (OUTSIDE),CEBU STRAIT LOCAL (OUTSIDE),CHOKWANG LOCAL (OUTSIDE),HOKUTO LOCAL (OUTSIDE),LAKANDULA LOCAL (OUTSIDE),PALDO LOCAL (OUTSIDE),PANAY GULF LOCAL (OUTSIDE),SUJEONG LOCAL (OUTSIDE),SUN JIN NO.505 LOCAL (OUTSIDE),TABANGAO LOCAL (OUTSIDE),ALLIE BRAVO FOREIGN (OUTSIDE),AMATA MARU FOREIGN (OUTSIDE),BOHOL SEA FOREIGN (OUTSIDE),CEBU STRAIT FOREIGN (OUTSIDE),CHOKWANG FOREIGN (OUTSIDE),HOKUTO FOREIGN (OUTSIDE),LAKANDULA FOREIGN (OUTSIDE),PALDO FOREIGN (OUTSIDE),PANAY GULF FOREIGN (OUTSIDE),SUJEONG FOREIGN (OUTSIDE),SUN JIN NO.505 FOREIGN (OUTSIDE),TABANGAO FOREIGN (OUTSIDE),OTHER TUGS LOCAL,OTHER TUGS FOREIGN,ALLIE BRAVO,AMATA MARU,BOHOL SEA,CEBU STRAIT,CHOKWANG,HOKUTO,LAKANDULA,PALDO,PANAY GULF,SUJEONG,SUN JIN NO.505,TABANGAO,OTHER TUGS,ALLIE BRAVO TENDING HOURS - LOCAL,ALLIE BRAVO TENDING HOURS - FOREIGN,AMATA MARU TENDING HOURS - LOCAL,AMATA MARU TENDING HOURS - FOREIGN,BOHOL SEA TENDING HOURS - LOCAL,BOHOL SEA TENDING HOURS - FOREIGN,CEBU STRAIT TENDING HOURS - LOCAL,CEBU STRAIT TENDING HOURS - FOREIGN,CHOKWANG TENDING HOURS - LOCAL,CHOKWANG TENDING HOURS - FOREIGN,HOKUTO TENDING HOURS - LOCAL,HOKUTO TENDING HOURS - FOREIGN,LAKANDULA TENDING HOURS - LOCAL,LAKANDULA TENDING HOURS - FOREIGN,PALDO TENDING HOURS - LOCAL,PALDO TENDING HOURS - FOREIGN,PANAY GULF TENDING HOURS - LOCAL,PANAY GULF TENDING HOURS - FOREIGN,SUJEONG TENDING HOURS - LOCAL,SUJEONG TENDING HOURS - FOREIGN,SUN JIN NO.505 TENDING HOURS - LOCAL,SUN JIN NO.505 TENDING HOURS - FOREIGN,TABANGAO TENDING HOURS - LOCAL,TABANGAO TENDING HOURS - FOREIGN,OTHER TUGS LOCAL,OTHER TUGS FOREIGN,,DOC/UNDOC,PRINCIPAL
06/01/2026,35534          ,1789,PETROTRADE PHILIPPINES INC.,MT SASA,LOCAL  ,PANAY GULF,BATANGAS,CHEVRON,DOCKING,05/27/2026 12:55,05/27/2026 14:10,1.25 ,"50,925.63 ","50,925.63 ",,,       ,       ,,,,,,,,"50,925.63 ",,"50,925.63 ",,,,,,,,,"50,925.63 ",,,,,,,,,,,,,1.25 ,,,,,,,,,,,,,,,,,,,,,,,,,,,,,,,,,,,,,,,,,,,,,,,,,,,,,,,,,,,,,,,,,,,,,,,,,,,,,,,"50,925.63 ",,,,,,,,,,,,,,,,,,,,,,,,,,,,,,,,,,"50,925.63 ",,,,,,,,,,,,,,,,,,,,,,,,,,,,,,,,,,,,,,,,,,,,,,,,,,,,,,,,,,,,,,,,,,,,,,,,,,,,,,,,,,,,,,,,,,,DOC,
06/01/2026,35535          ,1789,PETROTRADE PHILIPPINES INC.,MT SASA,LOCAL  ,PANAY GULF,BATANGAS,CHEVRON,UNDOCKING,05/28/2026 09:35,05/28/2026 10:05,0.50 ,"42,570.25 ","42,570.25 ",,,       ,       ,,,,,,,,"42,570.25 ",,"42,570.25 ",,,,,,,,,"42,570.25 ",,,,,,,,,,,,,0.50 ,,,,,,,,,,,,,,,,,,,,,,,,,,,,,,,,,,,,,,,,,,,,,,,,,,,,,,,,,,,,,,,,,,,,,,,,,,,,,,,"42,570.25 ",,,,,,,,,,,,,,,,,,,,,,,,,,,,,,,,,,"42,570.25 ",,,,,,,,,,,,,,,,,,,,,,,,,,,,,,,,,,,,,,,,,,,,,,,,,,,,,,,,,,,,,,,,,,,,,,,,,,,,,,,,,,,,,,,,,,,DOC,
06/01/2026,36831-M        ,,INSULAR OIL CORPORATION,MT COSTICA,LOCAL  ,STRONG INTEGRITY,SURIGAO,CORALES DEPOT,MOORING,06/01/2026 09:00,06/01/2026 10:00,1.00 ,,,,,       ,       ,,,,,,,,,,,,,,,,,,,,,,,,,,,,,,,,,,,,,,,,,,,,,,,,,,,,,,,,,,,,,,,,,,,,,,,,,,,,,,,,,,,,,,,,,,,,,,,,,,,,,,,,,,,,,,,,,,,,,,,,,,,,,,,,,,,,,,,,,,,,,,,,,,,,,,,,,,,,,,,,,,,,,,,,,,,,,,,,,,,,,,,,,,,,,,,,,,,,,,,,,,,,,,,,,,,,,,,,,,,,,,,,,,,,,,,,,,,,,
06/01/2026,36831-a        ,,INSULAR OIL CORPORATION,MT COSTICA,LOCAL  ,STRONG INTEGRITY,SURIGAO,CORALES DEPOT,DOCKING,06/01/2026 09:00,06/01/2026 10:00,1.00 ,,,,,       ,       ,,,,,,,,,,,,,,,,,,,,,,,,,,,,,,,,,,,,,,,,,,,,,,,,,,,,,,,,,,,,,,,,,,,,,,,,,,,,,,,,,,,,,,,,,,,,,,,,,,,,,,,,,,,,,,,,,,,,,,,,,,,,,,,,,,,,,,,,,,,,,,,,,,,,,,,,,,,,,,,,,,,,,,,,,,,,,,,,,,,,,,,,,,,,,,,,,,,,,,,,,,,,,,,,,,,,,,,,,,,,,,,,,,,,,,,,,,,,,
06/05/2026,36832-U        ,,INSULAR OIL CORPORATION,MT COSTICA,LOCAL  ,STRONG INTEGRITY,SURIGAO,CORALES DEPOT,UNMOORING,06/05/2026 11:45,06/05/2026 12:25,0.67 ,,,,,       ,       ,,,,,,,,,,,,,,,,,,,,,,,,,,,,,,,,,,,,,,,,,,,,,,,,,,,,,,,,,,,,,,,,,,,,,,,,,,,,,,,,,,,,,,,,,,,,,,,,,,,,,,,,,,,,,,,,,,,,,,,,,,,,,,,,,,,,,,,,,,,,,,,,,,,,,,,,,,,,,,,,,,,,,,,,,,,,,,,,,,,,,,,,,,,,,,,,,,,,,,,,,,,,,,,,,,,,,,,,,,,,,,,,,,,,,,,,,,,,,
06/05/2026,36832-a        ,,INSULAR OIL CORPORATION,MT COSTICA,LOCAL  ,STRONG INTEGRITY,SURIGAO,CORALES DEPOT,UNDOCKING,06/05/2026 11:45,06/05/2026 12:25,0.67 ,,,,,       ,       ,,,,,,,,,,,,,,,,,,,,,,,,,,,,,,,,,,,,,,,,,,,,,,,,,,,,,,,,,,,,,,,,,,,,,,,,,,,,,,,,,,,,,,,,,,,,,,,,,,,,,,,,,,,,,,,,,,,,,,,,,,,,,,,,,,,,,,,,,,,,,,,,,,,,,,,,,,,,,,,,,,,,,,,,,,,,,,,,,,,,,,,,,,,,,,,,,,,,,,,,,,,,,,,,,,,,,,,,,,,,,,,,,,,,,,,,,,,,,
06/10/2026,34504          ,1692,PHIL-CEB MARINE SERVICES INC.,MV PEARL ORIENT,LOCAL  ,SUJEONG,DAVAO,SASA PORT,DOCKING,06/03/2026 13:10,06/03/2026 16:00,2.83 ,"38,355.59 ","38,355.59 ",,,       ,       ,,,,,,,,"38,355.59 ",,"38,355.59 ",,,,,,,,,,"38,355.59 ",,,,,,,,,,,,,2.83 ,,,,,,,,,,,,,,,,,,,,,,,,,,,,,,,,,,,,,,,,,,,,,,,,,,,,,,,,,,,,,,,,,,,,,,,,,,,,,,,"38,355.59 ",,,,,,,,,,,,,,,,,,,,,,,,,,,,,,,,,"38,355.59 ",,,,,,,,,,,,,,,,,,,,,,,,,,,,,,,,,,,,,,,,,,,,,,,,,,,,,,,,,,,,,,,,,,,,,,,,,,,,,,,,,,,,,,,,,,,DOC,
06/10/2026,34509          ,1692,PHIL-CEB MARINE SERVICES INC.,MV PEARL ORIENT,LOCAL  ,SUJEONG,DAVAO,SASA PORT,UNDOCKING,06/04/2026 07:35,06/04/2026 08:25,0.83 ,"23,899.50 ","23,899.50 ",,,       ,       ,,,,,,,,"23,899.50 ",,"23,899.50 ",,,,,,,,,,"23,899.50 ",,,,,,,,,,,,,0.83 ,,,,,,,,,,,,,,,,,,,,,,,,,,,,,,,,,,,,,,,,,,,,,,,,,,,,,,,,,,,,,,,,,,,,,,,,,,,,,,,"23,899.50 ",,,,,,,,,,,,,,,,,,,,,,,,,,,,,,,,,"23,899.50 ",,,,,,,,,,,,,,,,,,,,,,,,,,,,,,,,,,,,,,,,,,,,,,,,,,,,,,,,,,,,,,,,,,,,,,,,,,,,,,,,,,,,,,,,,,,DOC,
06/10/2026,37292          ,1692,PHIL-CEB MARINE SERVICES INC.,MV PEARL ORIENT,LOCAL  ,BOHOL SEA,DAVAO,SASA PORT,DOCKING,06/03/2026 13:10,06/03/2026 15:55,2.75 ,"37,723.63 ","37,723.63 ",,,       ,       ,,,,,,,,"37,723.63 ",,"37,723.63 ",,,"37,723.63 ",,,,,,,,,,,,,2.75 ,,,,,,,,,,,,,,,,,,,,,,,,,,,,,,,,,,,,,,,,,,,,,,,,,,,,,,,,,,,,,,,,,,,,,,,,,,,,,,,,,,,,,,"37,723.63 ",,,,,,,,,,,,,,,,,,,,,,,,,,,,,,,,,"37,723.63 ",,,,,,,,,,,,,,,,,,,,,,,,,,,,,,,,,,,,,,,,,,,,,,,,,,,,,,,,,,,,,,,,,,,,,,,,,,,,,,,,,,,,,,,,,,,DOC,
06/10/2026,37293          ,1692,PHIL-CEB MARINE SERVICES INC.,MV PEARL ORIENT,LOCAL  ,BOHOL SEA,DAVAO,SASA PORT,UNDOCKING,06/04/2026 07:35,06/04/2026 08:25,0.83 ,"23,899.50 ","23,899.50 ",,,       ,       ,,,,,,,,"23,899.50 ",,"23,899.50 ",,,"23,899.50 ",,,,,,,,,,,,,0.83 ,,,,,,,,,,,,,,,,,,,,,,,,,,,,,,,,,,,,,,,,,,,,,,,,,,,,,,,,,,,,,,,,,,,,,,,,,,,,,,,,,,,,,,"23,899.50 ",,,,,,,,,,,,,,,,,,,,,,,,,,,,,,,,,"23,899.50 ",,,,,,,,,,,,,,,,,,,,,,,,,,,,,,,,,,,,,,,,,,,,,,,,,,,,,,,,,,,,,,,,,,,,,,,,,,,,,,,,,,,,,,,,,,,DOC,
06/10/2026,37294          ,B000591,PHILHUA SHIPPING INC,MV GOLDEN NOBLE,FOREIGN,BOHOL SEA,DAVAO,SASA PORT,DOCKING,06/04/2026 11:40,06/04/2026 12:55,1.25 ,"60,000.00 ","60,000.00 ",,,       ,       ,,,,,,,,"60,000.00 ",,"60,000.00 ",,,"60,000.00 ",,,,,,,,,,,,,1.25 ,,,,,,,,,,,,,,,,,,,,,,,,,,,,,,,,,,,,,,,,,,,,,,,,,,,,,,,,,,,,,,,,,,,,,,,,,,,,,,,,,,,,,,,,"60,000.00 ",,,,,,,,,,,,,,,,,,,,,,,,,,,,,,,"60,000.00 ",,,,,,,,,,,,,,,,,,,,,,,,,,,,,,,,,,,,,,,,,,,,,,,,,,,,,,,,,,,,,,,,,,,,,,,,,,,,,,,,,,,,,,,,,,,UNDOC,
06/10/2026,37295          ,B000591,PHILHUA SHIPPING INC,MV GOLDEN NOBLE,FOREIGN,BOHOL SEA,DAVAO,SASA PORT,UNDOCKING,06/05/2026 22:40,06/05/2026 23:40,1.00 ,"60,000.00 ","60,000.00 ",,,       ,       ,,,,,,,,"60,000.00 ",,"60,000.00 ",,,"60,000.00 ",,,,,,,,,,,,,1.00 ,,,,,,,,,,,,,,,,,,,,,,,,,,,,,,,,,,,,,,,,,,,,,,,,,,,,,,,,,,,,,,,,,,,,,,,,,,,,,,,,,,,,,,,,"60,000.00 ",,,,,,,,,,,,,,,,,,,,,,,,,,,,,,,"60,000.00 ",,,,,,,,,,,,,,,,,,,,,,,,,,,,,,,,,,,,,,,,,,,,,,,,,,,,,,,,,,,,,,,,,,,,,,,,,,,,,,,,,,,,,,,,,,,UNDOC,
06/10/2026,37300          ,1693,PHIL-CEB MARINE SERVICES INC.,MV SAN RAFAEL DOS,LOCAL  ,BOHOL SEA,DAVAO,SASA PORT,UNDOCKING,06/06/2026 11:20,06/06/2026 12:10,0.83 ,"23,899.50 ","23,899.50 ",,,       ,       ,,,,,,,,"23,899.50 ",,"23,899.50 ",,,"23,899.50 ",,,,,,,,,,,,,0.83 ,,,,,,,,,,,,,,,,,,,,,,,,,,,,,,,,,,,,,,,,,,,,,,,,,,,,,,,,,,,,,,,,,,,,,,,,,,,,,,,,,,,,,,"23,899.50 ",,,,,,,,,,,,,,,,,,,,,,,,,,,,,,,,,"23,899.50 ",,,,,,,,,,,,,,,,,,,,,,,,,,,,,,,,,,,,,,,,,,,,,,,,,,,,,,,,,,,,,,,,,,,,,,,,,,,,,,,,,,,,,,,,,,,DOC,
06/10/2026,37546          ,1693,PHIL-CEB MARINE SERVICES INC.,MV SAN RAFAEL DOS,LOCAL  ,ALLIE BRAVO,DAVAO,SASA PORT,DOCKING,06/05/2026 08:55,06/05/2026 11:05,2.17 ,"33,141.92 ","33,141.92 ",,,       ,       ,,,,,,,,"33,141.92 ",,"33,141.92 ","33,141.92 ",,,,,,,,,,,,,2.17 ,,,,,,,,,,,,,,,,,,,,,,,,,,,,,,,,,,,,,,,,,,,,,,,,,,,,,,,,,,,,,,,,,,,,,,,,,,,,,,,,,,,,,,,,"33,141.92 ",,,,,,,,,,,,,,,,,,,,,,,,,,,,,,,,,"33,141.92 ",,,,,,,,,,,,,,,,,,,,,,,,,,,,,,,,,,,,,,,,,,,,,,,,,,,,,,,,,,,,,,,,,,,,,,,,,,,,,,,,,,,,,,,,,,,DOC,
06/10/2026,37547          ,1693,PHIL-CEB MARINE SERVICES INC.,MV SAN RAFAEL DOS,LOCAL  ,AMATA MARU,DAVAO,SASA PORT,UNDOCKING,06/06/2026 11:10,06/06/2026 12:05,0.92 ,"23,899.50 ","23,899.50 ",,,       ,       ,,,,,,,,"23,899.50 ",,"23,899.50 ",,"23,899.50 ",,,,,,,,,,,,,0.92 ,,,,,,,,,,,,,,,,,,,,,,,,,,,,,,,,,,,,,,,,,,,,,,,,,,,,,,,,,,,,,,,,,,,,,,,,,,,,,,,,,,,,,,,"23,899.50 ",,,,,,,,,,,,,,,,,,,,,,,,,,,,,,,,,"23,899.50 ",,,,,,,,,,,,,,,,,,,,,,,,,,,,,,,,,,,,,,,,,,,,,,,,,,,,,,,,,,,,,,,,,,,,,,,,,,,,,,,,,,,,,,,,,,,DOC,
06/10/2026,37668          ,B000591,PHILHUA SHIPPING INC,MV GOLDEN NOBLE,FOREIGN,AMATA MARU,DAVAO,SASA PORT,DOCKING,06/04/2026 11:40,06/04/2026 12:50,1.17 ,"60,000.00 ","60,000.00 ",,,       ,       ,,,,,,,,"60,000.00 ",,"60,000.00 ",,"60,000.00 ",,,,,,,,,,,,,1.17 ,,,,,,,,,,,,,,,,,,,,,,,,,,,,,,,,,,,,,,,,,,,,,,,,,,,,,,,,,,,,,,,,,,,,,,,,,,,,,,,,,,,,,,,,,"60,000.00 ",,,,,,,,,,,,,,,,,,,,,,,,,,,,,,,"60,000.00 ",,,,,,,,,,,,,,,,,,,,,,,,,,,,,,,,,,,,,,,,,,,,,,,,,,,,,,,,,,,,,,,,,,,,,,,,,,,,,,,,,,,,,,,,,,,UNDOC,
06/10/2026,37669          ,B000591,PHILHUA SHIPPING INC,MV GOLDEN NOBLE,FOREIGN,AMATA MARU,DAVAO,SASA PORT,UNDOCKING,06/05/2026 22:45,06/05/2026 23:45,1.00 ,"60,000.00 ","60,000.00 ",,,       ,       ,,,,,,,,"60,000.00 ",,"60,000.00 ",,"60,000.00 ",,,,,,,,,,,,,1.00 ,,,,,,,,,,,,,,,,,,,,,,,,,,,,,,,,,,,,,,,,,,,,,,,,,,,,,,,,,,,,,,,,,,,,,,,,,,,,,,,,,,,,,,,,,"60,000.00 ",,,,,,,,,,,,,,,,,,,,,,,,,,,,,,,"60,000.00 ",,,,,,,,,,,,,,,,,,,,,,,,,,,,,,,,,,,,,,,,,,,,,,,,,,,,,,,,,,,,,,,,,,,,,,,,,,,,,,,,,,,,,,,,,,,UNDOC,
06/10/2026,37706          ,1693,PHIL-CEB MARINE SERVICES INC.,MV SAN RAFAEL DOS,LOCAL  ,CEBU STRAIT,DAVAO,SASA PORT,DOCKING,06/05/2026 09:00,06/05/2026 11:05,2.08 ,"32,430.96 ","32,430.96 ",,,       ,       ,,,,,,,,"32,430.96 ",,"32,430.96 ",,,,"32,430.96 ",,,,,,,,,,,,,2.08 ,,,,,,,,,,,,,,,,,,,,,,,,,,,,,,,,,,,,,,,,,,,,,,,,,,,,,,,,,,,,,,,,,,,,,,,,,,,,,,,,,,,,,"32,430.96 ",,,,,,,,,,,,,,,,,,,,,,,,,,,,,,,,,"32,430.96 ",,,,,,,,,,,,,,,,,,,,,,,,,,,,,,,,,,,,,,,,,,,,,,,,,,,,,,,,,,,,,,,,,,,,,,,,,,,,,,,,,,,,,,,,,,,DOC,
06/11/2026,26-0327M       ,1790,VIA MARINE CORPORATION,MT CALLY,LOCAL  ,BATANGAS MOORING BOAT,BATANGAS,CHEVRON,MOORING,05/28/2026 20:20,05/28/2026 21:35,1.25 ,"8,960.00 ","8,960.00 ",,,       ,       ,,,,,,,,"8,960.00 ",,"8,960.00 ",,,,,,,,,,,,,"8,960.00 ",,,,,,,,,,,,,,,,,,,,,,,,,,,,,,,,,,,,,,,,,,,,,,,,,,,,,,,,,,,,,,,,,,,,,,,,,,,,,,,,,,,,,,,,,,,,,,,,,,,,,,,,,,,,,,,,,,"8,960.00 ",,,,,,,,"8,960.00 ",,,,,,,,,,,,,,,,,,,,,,,,,,,,,,,,,,,,,,,,,,,,,,,,,,,,,,,,,,,,,,,,,,,,,,,,,,,,,,,,,,,,,,,,,,,DOC,
06/11/2026,26-0327U       ,1790,VIA MARINE CORPORATION,MT CALLY,LOCAL  ,BATANGAS MOORING BOAT,BATANGAS,CHEVRON,UNMOORING,05/29/2026 19:20,05/29/2026 20:20,1.00 ,"8,960.00 ","8,960.00 ",,,       ,       ,,,,,,,,"8,960.00 ",,"8,960.00 ",,,,,,,,,,,,,"8,960.00 ",,,,,,,,,,,,,,,,,,,,,,,,,,,,,,,,,,,,,,,,,,,,,,,,,,,,,,,,,,,,,,,,,,,,,,,,,,,,,,,,,,,,,,,,,,,,,,,,,,,,,,,,,,,,,,,,,,"8,960.00 ",,,,,,,,"8,960.00 ",,,,,,,,,,,,,,,,,,,,,,,,,,,,,,,,,,,,,,,,,,,,,,,,,,,,,,,,,,,,,,,,,,,,,,,,,,,,,,,,,,,,,,,,,,,DOC,
06/11/2026,34507-A        ,B000592,WINDBAY SHIPPING AND LOGISTICS INC.,PACIFIC APEX,FOREIGN,SUJEONG,DAVAO,SOUTHERN CONCRETE INDUSTRY INC,UNDOCKING,06/06/2026 15:40,06/06/2026 19:25,3.75 ,"304,623.13 ","304,623.13 ",,,       ,       ,,,,,,,,"304,623.13 ",,"304,623.13 ",,,,,,,,,,"304,623.13 ",,,,,,,,,,,,,3.75 ,,,,,,,,,,,,,,,,,,,,,,,,,,,,,,,,,,,,,,,,,,,,,,,,,,,,,,,,,,,,,,,,,,,,,,,,,,,,,,,,,,,,,,,,,,,,,,,,,,,,,,,,,,,,,"304,623.13 ",,,"304,623.13 ",,,,,,,,,,,,,,,,,,,,,,,,,,,,,,,,,,,,,,,,,,,,,,,,,,,,,,,,,,,,,,,,,,,,,,,,,,,,,,,,,,,,,,,,,,,UNDOC,
06/11/2026,34508-A        ,B000592,WINDBAY SHIPPING AND LOGISTICS INC.,PACIFIC APEX,FOREIGN,SUJEONG,DAVAO,SOUTHERN CONCRETE INDUSTRY INC,DOCKING,06/02/2026 05:50,06/02/2026 13:25,7.58 ,"334,878.21 ","334,878.21 ",,,       ,       ,,,,,,,,"334,878.21 ",,"334,878.21 ",,,,,,,,,,"334,878.21 ",,,,,,,,,,,,,7.58 ,,,,,,,,,,,,,,,,,,,,,,,,,,,,,,,,,,,,,,,,,,,,,,,,,,,,,,,,,,,,,,,,,,,,,,,,,,,,,,,,,,,,,,,,,,,,,,,,,,,,,,,,,,,,,"334,878.21 ",,,"334,878.21 ",,,,,,,,,,,,,,,,,,,,,,,,,,,,,,,,,,,,,,,,,,,,,,,,,,,,,,,,,,,,,,,,,,,,,,,,,,,,,,,,,,,,,,,,,,,UNDOC,
06/11/2026,34512          ,1695,PHIL-CEB MARINE SERVICES INC.,MV SPAN ASIA 51,LOCAL  ,SUJEONG,DAVAO,SASA PORT,DOCKING,06/09/2026 05:05,06/09/2026 06:05,1.00 ,"25,919.00 ","25,919.00 ",,,       ,       ,,,,,,,,"25,919.00 ",,"25,919.00 ",,,,,,,,,,"25,919.00 ",,,,,,,,,,,,,1.00 ,,,,,,,,,,,,,,,,,,,,,,,,,,,,,,,,,,,,,,,,,,,,,,,,,,,,,,,,,,,,,,,,,,,,,,,,,,,,,,,"25,919.00 ",,,,,,,,,,,,,,,,,,,,,,,,,,,,,,,,,"25,919.00 ",,,,,,,,,,,,,,,,,,,,,,,,,,,,,,,,,,,,,,,,,,,,,,,,,,,,,,,,,,,,,,,,,,,,,,,,,,,,,,,,,,,,,,,,,,,DOC,
06/11/2026,35536          ,1790,VIA MARINE CORPORATION,MT CALLY,LOCAL  ,PANAY GULF,BATANGAS,CHEVRON,DOCKING,05/28/2026 20:20,05/28/2026 21:35,1.25 ,"93,325.40 ","93,325.40 ",,,       ,       ,,,,,,,,"93,325.40 ",,"93,325.40 ",,,,,,,,,"93,325.40 ",,,,,,,,,,,,,1.25 ,,,,,,,,,,,,,,,,,,,,,,,,,,,,,,,,,,,,,,,,,,,,,,,,,,,,,,,,,,,,,,,,,,,,,,,,,,,,,,,,,,,,,,,,,,,,,,,,,,,,,,,,,"93,325.40 ",,,,,,,,"93,325.40 ",,,,,,,,,,,,,,,,,,,,,,,,,,,,,,,,,,,,,,,,,,,,,,,,,,,,,,,,,,,,,,,,,,,,,,,,,,,,,,,,,,,,,,,,,,,DOC,
06/11/2026,35537          ,1790,VIA MARINE CORPORATION,MT CALLY,LOCAL  ,PANAY GULF,BATANGAS,CHEVRON,UNDOCKING,05/29/2026 19:20,05/29/2026 20:20,1.00 ,"74,660.32 ","74,660.32 ",,,       ,       ,,,,,,,,"74,660.32 ",,"74,660.32 ",,,,,,,,,"74,660.32 ",,,,,,,,,,,,,1.00 ,,,,,,,,,,,,,,,,,,,,,,,,,,,,,,,,,,,,,,,,,,,,,,,,,,,,,,,,,,,,,,,,,,,,,,,,,,,,,,,,,,,,,,,,,,,,,,,,,,,,,,,,,"74,660.32 ",,,,,,,,"74,660.32 ",,,,,,,,,,,,,,,,,,,,,,,,,,,,,,,,,,,,,,,,,,,,,,,,,,,,,,,,,,,,,,,,,,,,,,,,,,,,,,,,,,,,,,,,,,,DOC,
06/11/2026,37544          ,B000592,WINDBAY SHIPPING AND LOGISTICS INC.,PACIFIC APEX,FOREIGN,ALLIE BRAVO,DAVAO,SOUTHERN CONCRETE INDUSTRY INC,DOCKING,06/02/2026 05:50,06/02/2026 13:50,8.00 ,"338,196.00 ","338,196.00 ",,,       ,       ,,,,,,,,"338,196.00 ",,"338,196.00 ","338,196.00 ",,,,,,,,,,,,,8.00 ,,,,,,,,,,,,,,,,,,,,,,,,,,,,,,,,,,,,,,,,,,,,,,,,,,,,,,,,,,,,,,,,,,,,,,,,,,,,,,,,,,,,,,,,,,,,,,,,,,,,,,,,,,,,,,,,,,,,,,"338,196.00 ",,,"338,196.00 ",,,,,,,,,,,,,,,,,,,,,,,,,,,,,,,,,,,,,,,,,,,,,,,,,,,,,,,,,,,,,,,,,,,,,,,,,,,,,,,,,,,,,,,,,,,UNDOC,
06/11/2026,37545          ,B000592,WINDBAY SHIPPING AND LOGISTICS INC.,PACIFIC APEX,FOREIGN,ALLIE BRAVO,DAVAO,SOUTHERN CONCRETE INDUSTRY INC,UNDOCKING,06/06/2026 15:40,06/06/2026 19:20,3.67 ,"303,991.17 ","303,991.17 ",,,       ,       ,,,,,,,,"303,991.17 ",,"303,991.17 ","303,991.17 ",,,,,,,,,,,,,3.67 ,,,,,,,,,,,,,,,,,,,,,,,,,,,,,,,,,,,,,,,,,,,,,,,,,,,,,,,,,,,,,,,,,,,,,,,,,,,,,,,,,,,,,,,,,,,,,,,,,,,,,,,,,,,,,,,,,,,,,,"303,991.17 ",,,"303,991.17 ",,,,,,,,,,,,,,,,,,,,,,,,,,,,,,,,,,,,,,,,,,,,,,,,,,,,,,,,,,,,,,,,,,,,,,,,,,,,,,,,,,,,,,,,,,,UNDOC,
06/11/2026,37681          ,1695,PHIL-CEB MARINE SERVICES INC.,MV SPAN ASIA 51,LOCAL  ,AMATA MARU,DAVAO,SASA PORT,UNDOCKING,06/09/2026 17:40,06/09/2026 18:10,0.50 ,"25,919.00 ","25,919.00 ",,,       ,       ,,,,,,,,"25,919.00 ",,"25,919.00 ",,"25,919.00 ",,,,,,,,,,,,,0.50 ,,,,,,,,,,,,,,,,,,,,,,,,,,,,,,,,,,,,,,,,,,,,,,,,,,,,,,,,,,,,,,,,,,,,,,,,,,,,,,,,,,,,,,,"25,919.00 ",,,,,,,,,,,,,,,,,,,,,,,,,,,,,,,,,"25,919.00 ",,,,,,,,,,,,,,,,,,,,,,,,,,,,,,,,,,,,,,,,,,,,,,,,,,,,,,,,,,,,,,,,,,,,,,,,,,,,,,,,,,,,,,,,,,,DOC,
06/11/2026,37704          ,B000592,WINDBAY SHIPPING AND LOGISTICS INC.,PACIFIC APEX,FOREIGN,CEBU STRAIT,DAVAO,SOUTHERN CONCRETE INDUSTRY INC,DOCKING,06/02/2026 06:00,06/02/2026 13:50,7.83 ,"336,853.09 ","336,853.09 ",,,       ,       ,,,,,,,,"336,853.09 ",,"336,853.09 ",,,,"336,853.09 ",,,,,,,,,,,,,7.83 ,,,,,,,,,,,,,,,,,,,,,,,,,,,,,,,,,,,,,,,,,,,,,,,,,,,,,,,,,,,,,,,,,,,,,,,,,,,,,,,,,,,,,,,,,,,,,,,,,,,,,,,,,,,,,,,,,,,"336,853.09 ",,,"336,853.09 ",,,,,,,,,,,,,,,,,,,,,,,,,,,,,,,,,,,,,,,,,,,,,,,,,,,,,,,,,,,,,,,,,,,,,,,,,,,,,,,,,,,,,,,,,,,UNDOC,
06/11/2026,37705          ,B000592,WINDBAY SHIPPING AND LOGISTICS INC.,PACIFIC APEX,FOREIGN,CEBU STRAIT,DAVAO,SOUTHERN CONCRETE INDUSTRY INC,UNDOCKING,06/06/2026 15:30,06/06/2026 19:25,3.92 ,"305,966.04 ","305,966.04 ",,,       ,       ,,,,,,,,"305,966.04 ",,"305,966.04 ",,,,"305,966.04 ",,,,,,,,,,,,,3.92 ,,,,,,,,,,,,,,,,,,,,,,,,,,,,,,,,,,,,,,,,,,,,,,,,,,,,,,,,,,,,,,,,,,,,,,,,,,,,,,,,,,,,,,,,,,,,,,,,,,,,,,,,,,,,,,,,,,,"305,966.04 ",,,"305,966.04 ",,,,,,,,,,,,,,,,,,,,,,,,,,,,,,,,,,,,,,,,,,,,,,,,,,,,,,,,,,,,,,,,,,,,,,,,,,,,,,,,,,,,,,,,,,,UNDOC,
06/11/2026,37711          ,1695,PHIL-CEB MARINE SERVICES INC.,MV SPAN ASIA 51,LOCAL  ,CEBU STRAIT,DAVAO,SASA PORT,DOCKING,06/09/2026 05:00,06/09/2026 06:00,1.00 ,"25,919.00 ","25,919.00 ",,,       ,       ,,,,,,,,"25,919.00 ",,"25,919.00 ",,,,"25,919.00 ",,,,,,,,,,,,,1.00 ,,,,,,,,,,,,,,,,,,,,,,,,,,,,,,,,,,,,,,,,,,,,,,,,,,,,,,,,,,,,,,,,,,,,,,,,,,,,,,,,,,,,,"25,919.00 ",,,,,,,,,,,,,,,,,,,,,,,,,,,,,,,,,"25,919.00 ",,,,,,,,,,,,,,,,,,,,,,,,,,,,,,,,,,,,,,,,,,,,,,,,,,,,,,,,,,,,,,,,,,,,,,,,,,,,,,,,,,,,,,,,,,,DOC,
06/11/2026,37753          ,1695,PHIL-CEB MARINE SERVICES INC.,MV SPAN ASIA 51,LOCAL  ,BOHOL SEA,DAVAO,SASA PORT,UNDOCKING,06/09/2026 17:40,06/09/2026 18:25,0.75 ,"25,919.00 ","25,919.00 ",,,       ,       ,,,,,,,,"25,919.00 ",,"25,919.00 ",,,"25,919.00 ",,,,,,,,,,,,,0.75 ,,,,,,,,,,,,,,,,,,,,,,,,,,,,,,,,,,,,,,,,,,,,,,,,,,,,,,,,,,,,,,,,,,,,,,,,,,,,,,,,,,,,,,"25,919.00 ",,,,,,,,,,,,,,,,,,,,,,,,,,,,,,,,,"25,919.00 ",,,,,,,,,,,,,,,,,,,,,,,,,,,,,,,,,,,,,,,,,,,,,,,,,,,,,,,,,,,,,,,,,,,,,,,,,,,,,,,,,,,,,,,,,,,DOC,
06/13/2026,122M           ,1792,SITE RESOURCES DEVELOPMENT CORPORATION,MT PANGLAO ISLAND,LOCAL  ,DAVAO MOORING BOAT,DAVAO,SRDC SASA,MOORING,05/26/2026 15:30,05/27/2026 07:30,16.00 ,"8,000.00 ","8,000.00 ",,,       ,       ,,,,,,,,"8,000.00 ",,"8,000.00 ",,,,,,,,,,,,,"8,000.00 ",,,,,,,,,,,,,,,,,,,,,,,,,,,,,,,,,,,,,,,,,,,,,,,,,,,,,,,,,,,,,,,,,,,,,,,,,,,,,,,,,,,,,,,,,,,,,,,,,,,,,,"8,000.00 ",,,,,,,,,,,,,,,,,,,,"8,000.00 ",,,,,,,,,,,,,,,,,,,,,,,,,,,,,,,,,,,,,,,,,,,,,,,,,,,,,,,,,,,,,,,,,,,,,,,,,,,,,,,,,,,,,,,,,,,DOC,
06/13/2026,122U           ,1792,SITE RESOURCES DEVELOPMENT CORPORATION,MT PANGLAO ISLAND,LOCAL  ,DAVAO MOORING BOAT,DAVAO,SRDC SASA,UNMOORING,05/26/2026 15:30,05/27/2026 07:30,16.00 ,"8,000.00 ","8,000.00 ",,,       ,       ,,,,,,,,"8,000.00 ",,"8,000.00 ",,,,,,,,,,,,,"8,000.00 ",,,,,,,,,,,,,,,,,,,,,,,,,,,,,,,,,,,,,,,,,,,,,,,,,,,,,,,,,,,,,,,,,,,,,,,,,,,,,,,,,,,,,,,,,,,,,,,,,,,,,,"8,000.00 ",,,,,,,,,,,,,,,,,,,,"8,000.00 ",,,,,,,,,,,,,,,,,,,,,,,,,,,,,,,,,,,,,,,,,,,,,,,,,,,,,,,,,,,,,,,,,,,,,,,,,,,,,,,,,,,,,,,,,,,DOC,
06/13/2026,2026-12M       ,1771,SITE RESOURCES DEVELOPMENT CORPORATION,MT PANGLAO ISLAND,LOCAL  ,CEBU MOORING BOAT,CEBU,SRDC LAPU LAPU,MOORING,05/21/2026 00:06,05/21/2026 17:59,17.88 ,"8,000.00 ","8,000.00 ",,,       ,       ,,,,,,,,"8,000.00 ",,"8,000.00 ",,,,,,,,,,,,,"8,000.00 ",,,,,,,,,,,,,,,,,,,,,,,,,,,,,,,,,,,,,,,,,,,,,,,,,,,,,,,,,,,,,,,,,,,,,,,,,,,,,,,,,,,,,,,,,,,,,,,,,,,,,,"8,000.00 ",,,,,,,,,,,,,,,,,,,,"8,000.00 ",,,,,,,,,,,,,,,,,,,,,,,,,,,,,,,,,,,,,,,,,,,,,,,,,,,,,,,,,,,,,,,,,,,,,,,,,,,,,,,,,,,,,,,,,,,DOC,
06/13/2026,2026-12U       ,1771,SITE RESOURCES DEVELOPMENT CORPORATION,MT PANGLAO ISLAND,LOCAL  ,CEBU MOORING BOAT,CEBU,SRDC LAPU LAPU,UNMOORING,05/21/2026 00:06,05/21/2026 17:59,17.88 ,"8,000.00 ","8,000.00 ",,,       ,       ,,,,,,,,"8,000.00 ",,"8,000.00 ",,,,,,,,,,,,,"8,000.00 ",,,,,,,,,,,,,,,,,,,,,,,,,,,,,,,,,,,,,,,,,,,,,,,,,,,,,,,,,,,,,,,,,,,,,,,,,,,,,,,,,,,,,,,,,,,,,,,,,,,,,,"8,000.00 ",,,,,,,,,,,,,,,,,,,,"8,000.00 ",,,,,,,,,,,,,,,,,,,,,,,,,,,,,,,,,,,,,,,,,,,,,,,,,,,,,,,,,,,,,,,,,,,,,,,,,,,,,,,,,,,,,,,,,,,DOC,
06/13/2026,2026-13M       ,1794,SITE RESOURCES DEVELOPMENT CORPORATION,MT PANGLAO ISLAND,LOCAL  ,CEBU MOORING BOAT,CEBU,SRDC LAPU LAPU,MOORING,06/01/2026 19:27,06/02/2026 05:53,10.43 ,"8,000.00 ","8,000.00 ",,,       ,       ,,,,,,,,"8,000.00 ",,"8,000.00 ",,,,,,,,,,,,,"8,000.00 ",,,,,,,,,,,,,,,,,,,,,,,,,,,,,,,,,,,,,,,,,,,,,,,,,,,,,,,,,,,,,,,,,,,,,,,,,,,,,,,,,,,,,,,,,,,,,,,,,,,,,,"8,000.00 ",,,,,,,,,,,,,,,,,,,,"8,000.00 ",,,,,,,,,,,,,,,,,,,,,,,,,,,,,,,,,,,,,,,,,,,,,,,,,,,,,,,,,,,,,,,,,,,,,,,,,,,,,,,,,,,,,,,,,,,DOC,
06/13/2026,2026-13U       ,1794,SITE RESOURCES DEVELOPMENT CORPORATION,MT PANGLAO ISLAND,LOCAL  ,CEBU MOORING BOAT,CEBU,SRDC LAPU LAPU,UNMOORING,06/01/2026 19:27,06/02/2026 05:53,10.43 ,"8,000.00 ","8,000.00 ",,,       ,       ,,,,,,,,"8,000.00 ",,"8,000.00 ",,,,,,,,,,,,,"8,000.00 ",,,,,,,,,,,,,,,,,,,,,,,,,,,,,,,,,,,,,,,,,,,,,,,,,,,,,,,,,,,,,,,,,,,,,,,,,,,,,,,,,,,,,,,,,,,,,,,,,,,,,,"8,000.00 ",,,,,,,,,,,,,,,,,,,,"8,000.00 ",,,,,,,,,,,,,,,,,,,,,,,,,,,,,,,,,,,,,,,,,,,,,,,,,,,,,,,,,,,,,,,,,,,,,,,,,,,,,,,,,,,,,,,,,,,DOC,
06/13/2026,2026-14M       ,,SITE RESOURCES DEVELOPMENT CORPORATION,MT PANGLAO ISLAND,LOCAL  ,CEBU MOORING BOAT,CEBU,SRDC LAPU LAPU,MOORING,06/13/2026 05:42,06/14/2026 01:00,19.30 ,"8,000.00 ","8,000.00 ",,,       ,       ,,,,,,,,"8,000.00 ",,"8,000.00 ",,,,,,,,,,,,,"8,000.00 ",,,,,,,,,,,,,,,,,,,,,,,,,,,,,,,,,,,,,,,,,,,,,,,,,,,,,,,,,,,,,,,,,,,,,,,,,,,,,,,,,,,,,,,,,,,,,,,,,,,,,,"8,000.00 ",,,,,,,,,,,,,,,,,,,,"8,000.00 ",,,,,,,,,,,,,,,,,,,,,,,,,,,,,,,,,,,,,,,,,,,,,,,,,,,,,,,,,,,,,,,,,,,,,,,,,,,,,,,,,,,,,,,,,,,,
06/13/2026,26-0325M       ,1791,SITE RESOURCES DEVELOPMENT CORPORATION,MT PANGLAO ISLAND,LOCAL  ,BATANGAS MOORING BOAT,BATANGAS,SRDC,MOORING,05/22/2026 22:53,05/23/2026 01:10,2.28 ,"8,000.00 ","8,000.00 ",,,       ,       ,,,,,,,,"8,000.00 ",,"8,000.00 ",,,,,,,,,,,,,"8,000.00 ",,,,,,,,,,,,,,,,,,,,,,,,,,,,,,,,,,,,,,,,,,,,,,,,,,,,,,,,,,,,,,,,,,,,,,,,,,,,,,,,,,,,,,,,,,,,,,,,,,,,,,"8,000.00 ",,,,,,,,,,,,,,,,,,,,"8,000.00 ",,,,,,,,,,,,,,,,,,,,,,,,,,,,,,,,,,,,,,,,,,,,,,,,,,,,,,,,,,,,,,,,,,,,,,,,,,,,,,,,,,,,,,,,,,,DOC,
06/13/2026,26-0325U       ,1791,SITE RESOURCES DEVELOPMENT CORPORATION,MT PANGLAO ISLAND,LOCAL  ,BATANGAS MOORING BOAT,BATANGAS,SRDC,UNMOORING,05/23/2026 19:10,05/23/2026 20:35,1.42 ,"8,000.00 ","8,000.00 ",,,       ,       ,,,,,,,,"8,000.00 ",,"8,000.00 ",,,,,,,,,,,,,"8,000.00 ",,,,,,,,,,,,,,,,,,,,,,,,,,,,,,,,,,,,,,,,,,,,,,,,,,,,,,,,,,,,,,,,,,,,,,,,,,,,,,,,,,,,,,,,,,,,,,,,,,,,,,"8,000.00 ",,,,,,,,,,,,,,,,,,,,"8,000.00 ",,,,,,,,,,,,,,,,,,,,,,,,,,,,,,,,,,,,,,,,,,,,,,,,,,,,,,,,,,,,,,,,,,,,,,,,,,,,,,,,,,,,,,,,,,,DOC,
06/13/2026,26-0329M       ,1793,SITE RESOURCES DEVELOPMENT CORPORATION,MT PANGLAO ISLAND,LOCAL  ,BATANGAS MOORING BOAT,BATANGAS,SRDC,MOORING,05/30/2026 13:15,05/30/2026 14:15,1.00 ,"8,000.00 ","8,000.00 ",,,       ,       ,,,,,,,,"8,000.00 ",,"8,000.00 ",,,,,,,,,,,,,"8,000.00 ",,,,,,,,,,,,,,,,,,,,,,,,,,,,,,,,,,,,,,,,,,,,,,,,,,,,,,,,,,,,,,,,,,,,,,,,,,,,,,,,,,,,,,,,,,,,,,,,,,,,,,"8,000.00 ",,,,,,,,,,,,,,,,,,,,"8,000.00 ",,,,,,,,,,,,,,,,,,,,,,,,,,,,,,,,,,,,,,,,,,,,,,,,,,,,,,,,,,,,,,,,,,,,,,,,,,,,,,,,,,,,,,,,,,,DOC,
06/13/2026,26-0329U       ,1793,SITE RESOURCES DEVELOPMENT CORPORATION,MT PANGLAO ISLAND,LOCAL  ,BATANGAS MOORING BOAT,BATANGAS,SRDC,UNMOORING,05/31/2026 12:40,05/31/2026 13:20,0.67 ,"8,000.00 ","8,000.00 ",,,       ,       ,,,,,,,,"8,000.00 ",,"8,000.00 ",,,,,,,,,,,,,"8,000.00 ",,,,,,,,,,,,,,,,,,,,,,,,,,,,,,,,,,,,,,,,,,,,,,,,,,,,,,,,,,,,,,,,,,,,,,,,,,,,,,,,,,,,,,,,,,,,,,,,,,,,,,"8,000.00 ",,,,,,,,,,,,,,,,,,,,"8,000.00 ",,,,,,,,,,,,,,,,,,,,,,,,,,,,,,,,,,,,,,,,,,,,,,,,,,,,,,,,,,,,,,,,,,,,,,,,,,,,,,,,,,,,,,,,,,,DOC,
06/13/2026,28728-A        ,1795,ASTROX  OIL CORPORATION,MT JAN CARLO,LOCAL  ,FORTIS III,BATANGAS,SINISIAN LEMERY BATANGAS PORT,DOCKING,06/13/2026 15:40,06/13/2026 17:15,1.58 ,"150,299.00 ","150,299.00 ",,,       ,       ,,,,,,,,"150,299.00 ",,"150,299.00 ",,,,,,,,,,,,,"150,299.00 ",,,,,,,,,,,,,,,,,,,,,,,,,,,,,,,,,,,,,,,,"150,299.00 ",,,,,,,,,,,,,,,,,,,,,,,,,,,,,,,,,,,,,,,,,,,,,,,,,,,,,,,,,,,,,,,,,,,,,,,,,,,,,,,,,,"150,299.00 ",,,,,,,,,,,,,,,,,,,,,,,,,,,,,,,,,,,,,,,,,,,,,,,,,,,,,,,,,,,,,,,,,,,,,,,,,,,,,,,,,,,,,,,,,,,DOC,
06/13/2026,31170-A        ,,SITE RESOURCES DEVELOPMENT CORPORATION,MT PANGLAO ISLAND,LOCAL  ,PACIFIC ROSE 16,CEBU,SRDC LAPU LAPU,DOCKING,06/13/2026 05:15,06/13/2026 06:10,0.92 ,,,,,       ,       ,,,,,,,,,,,,,,,,,,,,,,,,,,,,,,,,,,,,,,,,,,,,,,,,,,,,,,,,,,,,,,,,,,,,,,,,,,,,,,,,,,,,,,,,,,,,,,,,,,,,,,,,,,,,,,,,,,,,,,,,,,,,,,,,,,,,,,,,,,,,,,,,,,,,,,,,,,,,,,,,,,,,,,,,,,,,,,,,,,,,,,,,,,,,,,,,,,,,,,,,,,,,,,,,,,,,,,,,,,,,,,,,,,,,,,,,,,,,,
06/13/2026,31210-A        ,,SITE RESOURCES DEVELOPMENT CORPORATION,MT PANGLAO ISLAND,LOCAL  ,PACIFIC ROSE 18,CEBU,SRDC LAPU LAPU,DOCKING,06/13/2026 05:20,06/13/2026 06:15,0.92 ,,,,,       ,       ,,,,,,,,,,,,,,,,,,,,,,,,,,,,,,,,,,,,,,,,,,,,,,,,,,,,,,,,,,,,,,,,,,,,,,,,,,,,,,,,,,,,,,,,,,,,,,,,,,,,,,,,,,,,,,,,,,,,,,,,,,,,,,,,,,,,,,,,,,,,,,,,,,,,,,,,,,,,,,,,,,,,,,,,,,,,,,,,,,,,,,,,,,,,,,,,,,,,,,,,,,,,,,,,,,,,,,,,,,,,,,,,,,,,,,,,,,,,,
06/13/2026,34810-A        ,1771,SITE RESOURCES DEVELOPMENT CORPORATION,MT PANGLAO ISLAND,LOCAL  ,SIDE ARM,CEBU,SRDC LAPU LAPU,DOCKING,05/20/2026 23:30,05/21/2026 00:45,1.25 ,"48,068.13 ","48,068.13 ",,,       ,       ,,,,,,,,"48,068.13 ",,"48,068.13 ",,,,,,,,,,,,,"48,068.13 ",,,,,,,,,,,,,,,,,,,,,,,,,,,,,,,,,,,,,,,,,,,,,,,,,,,,,,,,,,,,,,,,,,,,,,,,,,,,,,,,,,,,,,,,,,,,,,,,,,,,,,"48,068.13 ",,,,,,,,,,,,,,,,,,,,"48,068.13 ",,,,,,,,,,,,,,,,,,,,,,,,,,,,,,,,,,,,,,,,,,,,,,,,,,,,,,,,,,,,,,,,,,,,,,,,,,,,,,,,,,,,,,,,,,,DOC,
06/13/2026,34811-A        ,1771,SITE RESOURCES DEVELOPMENT CORPORATION,MT PANGLAO ISLAND,LOCAL  ,MT GENARA-1,CEBU,SRDC LAPU LAPU,DOCKING,05/20/2026 23:30,05/21/2026 00:45,1.25 ,"48,068.13 ","48,068.13 ",,,       ,       ,,,,,,,,"48,068.13 ",,"48,068.13 ",,,,,,,,,,,,,"48,068.13 ",,,,,,,,,,,,,,,,,,,,,,,,,,,,,,,,,,,,,,,,,,,,,,,,,,,,,,,,,,,,,,,,,,,,,,,,,,,,,,,,,,,,,,,,,,,,,,,,,,,,,,"48,068.13 ",,,,,,,,,,,,,,,,,,,,"48,068.13 ",,,,,,,,,,,,,,,,,,,,,,,,,,,,,,,,,,,,,,,,,,,,,,,,,,,,,,,,,,,,,,,,,,,,,,,,,,,,,,,,,,,,,,,,,,,DOC,
06/13/2026,34812-A        ,1771,SITE RESOURCES DEVELOPMENT CORPORATION,MT PANGLAO ISLAND,LOCAL  ,SIDE ARM,CEBU,SRDC LAPU LAPU,UNDOCKING,05/21/2026 17:30,05/21/2026 18:30,1.00 ,"45,454.50 ","45,454.50 ",,,       ,       ,,,,,,,,"45,454.50 ",,"45,454.50 ",,,,,,,,,,,,,"45,454.50 ",,,,,,,,,,,,,,,,,,,,,,,,,,,,,,,,,,,,,,,,,,,,,,,,,,,,,,,,,,,,,,,,,,,,,,,,,,,,,,,,,,,,,,,,,,,,,,,,,,,,,,"45,454.50 ",,,,,,,,,,,,,,,,,,,,"45,454.50 ",,,,,,,,,,,,,,,,,,,,,,,,,,,,,,,,,,,,,,,,,,,,,,,,,,,,,,,,,,,,,,,,,,,,,,,,,,,,,,,,,,,,,,,,,,,DOC,
06/13/2026,34813-A        ,1771,SITE RESOURCES DEVELOPMENT CORPORATION,MT PANGLAO ISLAND,LOCAL  ,MT GENARA-1,CEBU,SRDC LAPU LAPU,UNDOCKING,05/21/2026 17:30,05/21/2026 18:30,1.00 ,"45,454.50 ","45,454.50 ",,,       ,       ,,,,,,,,"45,454.50 ",,"45,454.50 ",,,,,,,,,,,,,"45,454.50 ",,,,,,,,,,,,,,,,,,,,,,,,,,,,,,,,,,,,,,,,,,,,,,,,,,,,,,,,,,,,,,,,,,,,,,,,,,,,,,,,,,,,,,,,,,,,,,,,,,,,,,"45,454.50 ",,,,,,,,,,,,,,,,,,,,"45,454.50 ",,,,,,,,,,,,,,,,,,,,,,,,,,,,,,,,,,,,,,,,,,,,,,,,,,,,,,,,,,,,,,,,,,,,,,,,,,,,,,,,,,,,,,,,,,,DOC,
06/13/2026,34821-A        ,1794,SITE RESOURCES DEVELOPMENT CORPORATION,MT PANGLAO ISLAND,LOCAL  ,SIDE ARM,CEBU,SRDC LAPU LAPU,DOCKING,06/01/2026 18:30,06/01/2026 20:00,1.50 ,"51,710.75 ","51,710.75 ",,,       ,       ,,,,,,,,"51,710.75 ",,"51,710.75 ",,,,,,,,,,,,,"51,710.75 ",,,,,,,,,,,,,,,,,,,,,,,,,,,,,,,,,,,,,,,,,,,,,,,,,,,,,,,,,,,,,,,,,,,,,,,,,,,,,,,,,,,,,,,,,,,,,,,,,,,,,,"51,710.75 ",,,,,,,,,,,,,,,,,,,,"51,710.75 ",,,,,,,,,,,,,,,,,,,,,,,,,,,,,,,,,,,,,,,,,,,,,,,,,,,,,,,,,,,,,,,,,,,,,,,,,,,,,,,,,,,,,,,,,,,DOC,
06/13/2026,34822-A        ,1794,SITE RESOURCES DEVELOPMENT CORPORATION,MT PANGLAO ISLAND,LOCAL  ,MT GENARA-1,CEBU,SRDC LAPU LAPU,DOCKING,06/01/2026 18:30,06/01/2026 20:00,1.50 ,"51,710.75 ","51,710.75 ",,,       ,       ,,,,,,,,"51,710.75 ",,"51,710.75 ",,,,,,,,,,,,,"51,710.75 ",,,,,,,,,,,,,,,,,,,,,,,,,,,,,,,,,,,,,,,,,,,,,,,,,,,,,,,,,,,,,,,,,,,,,,,,,,,,,,,,,,,,,,,,,,,,,,,,,,,,,,"51,710.75 ",,,,,,,,,,,,,,,,,,,,"51,710.75 ",,,,,,,,,,,,,,,,,,,,,,,,,,,,,,,,,,,,,,,,,,,,,,,,,,,,,,,,,,,,,,,,,,,,,,,,,,,,,,,,,,,,,,,,,,,DOC,
06/13/2026,34823-A        ,1794,SITE RESOURCES DEVELOPMENT CORPORATION,MT PANGLAO ISLAND,LOCAL  ,SIDE ARM,CEBU,SRDC LAPU LAPU,UNDOCKING,06/02/2026 05:30,06/02/2026 06:30,1.00 ,"42,899.50 ","42,899.50 ",,,       ,       ,,,,,,,,"42,899.50 ",,"42,899.50 ",,,,,,,,,,,,,"42,899.50 ",,,,,,,,,,,,,,,,,,,,,,,,,,,,,,,,,,,,,,,,,,,,,,,,,,,,,,,,,,,,,,,,,,,,,,,,,,,,,,,,,,,,,,,,,,,,,,,,,,,,,,"42,899.50 ",,,,,,,,,,,,,,,,,,,,"42,899.50 ",,,,,,,,,,,,,,,,,,,,,,,,,,,,,,,,,,,,,,,,,,,,,,,,,,,,,,,,,,,,,,,,,,,,,,,,,,,,,,,,,,,,,,,,,,,DOC,
06/13/2026,34824-A        ,1794,SITE RESOURCES DEVELOPMENT CORPORATION,MT PANGLAO ISLAND,LOCAL  ,MT GENARA-1,CEBU,SRDC LAPU LAPU,UNDOCKING,06/02/2026 05:30,06/02/2026 06:30,1.00 ,"42,899.50 ","42,899.50 ",,,       ,       ,,,,,,,,"42,899.50 ",,"42,899.50 ",,,,,,,,,,,,,"42,899.50 ",,,,,,,,,,,,,,,,,,,,,,,,,,,,,,,,,,,,,,,,,,,,,,,,,,,,,,,,,,,,,,,,,,,,,,,,,,,,,,,,,,,,,,,,,,,,,,,,,,,,,,"42,899.50 ",,,,,,,,,,,,,,,,,,,,"42,899.50 ",,,,,,,,,,,,,,,,,,,,,,,,,,,,,,,,,,,,,,,,,,,,,,,,,,,,,,,,,,,,,,,,,,,,,,,,,,,,,,,,,,,,,,,,,,,DOC,
06/13/2026,35542          ,1793,SITE RESOURCES DEVELOPMENT CORPORATION,MT PANGLAO ISLAND,LOCAL  ,PANAY GULF,BATANGAS,SRDC,DOCKING,05/30/2026 12:30,05/30/2026 14:40,2.17 ,"52,174.89 ","52,174.89 ",,,       ,       ,,,,,,,,"52,174.89 ",,"52,174.89 ",,,,,,,,,"52,174.89 ",,,,,,,,,,,,,2.17 ,,,,,,,,,,,,,,,,,,,,,,,,,,,,,,,,,,,,,,,,,,,,,,,,,,,,,,,,,,,,,,,,,,,,,,,,,,,,,,,,,,,,,,,,,,,,,"52,174.89 ",,,,,,,,,,,,,,,,,,,,"52,174.89 ",,,,,,,,,,,,,,,,,,,,,,,,,,,,,,,,,,,,,,,,,,,,,,,,,,,,,,,,,,,,,,,,,,,,,,,,,,,,,,,,,,,,,,,,,,,DOC,
06/13/2026,35545          ,1793,SITE RESOURCES DEVELOPMENT CORPORATION,MT PANGLAO ISLAND,LOCAL  ,PANAY GULF,BATANGAS,SRDC,UNDOCKING,05/31/2026 12:25,05/31/2026 14:05,1.67 ,"41,604.64 ","41,604.64 ",,,       ,       ,,,,,,,,"41,604.64 ",,"41,604.64 ",,,,,,,,,"41,604.64 ",,,,,,,,,,,,,1.67 ,,,,,,,,,,,,,,,,,,,,,,,,,,,,,,,,,,,,,,,,,,,,,,,,,,,,,,,,,,,,,,,,,,,,,,,,,,,,,,,,,,,,,,,,,,,,,"41,604.64 ",,,,,,,,,,,,,,,,,,,,"41,604.64 ",,,,,,,,,,,,,,,,,,,,,,,,,,,,,,,,,,,,,,,,,,,,,,,,,,,,,,,,,,,,,,,,,,,,,,,,,,,,,,,,,,,,,,,,,,,DOC,
06/13/2026,35713          ,1791,SITE RESOURCES DEVELOPMENT CORPORATION,MT PANGLAO ISLAND,LOCAL  ,PALDO,BATANGAS,SRDC,DOCKING,05/22/2026 22:53,05/23/2026 01:10,2.28 ,"51,836.26 ","51,836.26 ",,,       ,       ,,,,,,,,"51,836.26 ",,"51,836.26 ",,,,,,,,"51,836.26 ",,,,,,,,,,,,,2.28 ,,,,,,,,,,,,,,,,,,,,,,,,,,,,,,,,,,,,,,,,,,,,,,,,,,,,,,,,,,,,,,,,,,,,,,,,,,,,,,,,,,,,,,,,,,,,,,"51,836.26 ",,,,,,,,,,,,,,,,,,,,"51,836.26 ",,,,,,,,,,,,,,,,,,,,,,,,,,,,,,,,,,,,,,,,,,,,,,,,,,,,,,,,,,,,,,,,,,,,,,,,,,,,,,,,,,,,,,,,,,,DOC,
06/13/2026,35714          ,1791,SITE RESOURCES DEVELOPMENT CORPORATION,MT PANGLAO ISLAND,LOCAL  ,PALDO,BATANGAS,SRDC,UNDOCKING,05/23/2026 19:10,05/23/2026 20:35,1.42 ,"37,845.39 ","37,845.39 ",,,       ,       ,,,,,,,,"37,845.39 ",,"37,845.39 ",,,,,,,,"37,845.39 ",,,,,,,,,,,,,1.42 ,,,,,,,,,,,,,,,,,,,,,,,,,,,,,,,,,,,,,,,,,,,,,,,,,,,,,,,,,,,,,,,,,,,,,,,,,,,,,,,,,,,,,,,,,,,,,,"37,845.39 ",,,,,,,,,,,,,,,,,,,,"37,845.39 ",,,,,,,,,,,,,,,,,,,,,,,,,,,,,,,,,,,,,,,,,,,,,,,,,,,,,,,,,,,,,,,,,,,,,,,,,,,,,,,,,,,,,,,,,,,DOC,
06/13/2026,35734          ,1793,SITE RESOURCES DEVELOPMENT CORPORATION,MT PANGLAO ISLAND,LOCAL  ,PALDO,BATANGAS,SRDC,DOCKING,05/30/2026 13:15,05/30/2026 14:15,1.00 ,"39,140.50 ","39,140.50 ",,,       ,       ,,,,,,,,"39,140.50 ",,"39,140.50 ",,,,,,,,"39,140.50 ",,,,,,,,,,,,,1.00 ,,,,,,,,,,,,,,,,,,,,,,,,,,,,,,,,,,,,,,,,,,,,,,,,,,,,,,,,,,,,,,,,,,,,,,,,,,,,,,,,,,,,,,,,,,,,,,"39,140.50 ",,,,,,,,,,,,,,,,,,,,"39,140.50 ",,,,,,,,,,,,,,,,,,,,,,,,,,,,,,,,,,,,,,,,,,,,,,,,,,,,,,,,,,,,,,,,,,,,,,,,,,,,,,,,,,,,,,,,,,,DOC,
06/13/2026,35736          ,1793,SITE RESOURCES DEVELOPMENT CORPORATION,MT PANGLAO ISLAND,LOCAL  ,PALDO,BATANGAS,SRDC,UNDOCKING,05/31/2026 12:40,05/31/2026 13:20,0.67 ,"34,140.50 ","34,140.50 ",,,       ,       ,,,,,,,,"34,140.50 ",,"34,140.50 ",,,,,,,,"34,140.50 ",,,,,,,,,,,,,0.67 ,,,,,,,,,,,,,,,,,,,,,,,,,,,,,,,,,,,,,,,,,,,,,,,,,,,,,,,,,,,,,,,,,,,,,,,,,,,,,,,,,,,,,,,,,,,,,,"34,140.50 ",,,,,,,,,,,,,,,,,,,,"34,140.50 ",,,,,,,,,,,,,,,,,,,,,,,,,,,,,,,,,,,,,,,,,,,,,,,,,,,,,,,,,,,,,,,,,,,,,,,,,,,,,,,,,,,,,,,,,,,DOC,
06/13/2026,37534          ,1792,SITE RESOURCES DEVELOPMENT CORPORATION,MT PANGLAO ISLAND,LOCAL  ,ALLIE BRAVO,DAVAO,SRDC SASA,DOCKING,05/26/2026 14:45,05/26/2026 15:40,0.92 ,"46,140.50 ","46,140.50 ",,,       ,       ,,,,,,,,"46,140.50 ",,"46,140.50 ","46,140.50 ",,,,,,,,,,,,,0.92 ,,,,,,,,,,,,,,,,,,,,,,,,,,,,,,,,,,,,,,,,,,,,,,,,,,,,,,,,,,,,,,,,,,,,,,,,,,,,,,,,,,,,,,,,,,,,,,,,,,,,,"46,140.50 ",,,,,,,,,,,,,,,,,,,,"46,140.50 ",,,,,,,,,,,,,,,,,,,,,,,,,,,,,,,,,,,,,,,,,,,,,,,,,,,,,,,,,,,,,,,,,,,,,,,,,,,,,,,,,,,,,,,,,,,DOC,
06/13/2026,37535          ,1792,SITE RESOURCES DEVELOPMENT CORPORATION,MT PANGLAO ISLAND,LOCAL  ,ALLIE BRAVO,DAVAO,SRDC SASA,UNDOCKING,05/27/2026 07:05,05/27/2026 07:30,0.42 ,"46,140.50 ","46,140.50 ",,,       ,       ,,,,,,,,"46,140.50 ",,"46,140.50 ","46,140.50 ",,,,,,,,,,,,,0.42 ,,,,,,,,,,,,,,,,,,,,,,,,,,,,,,,,,,,,,,,,,,,,,,,,,,,,,,,,,,,,,,,,,,,,,,,,,,,,,,,,,,,,,,,,,,,,,,,,,,,,,"46,140.50 ",,,,,,,,,,,,,,,,,,,,"46,140.50 ",,,,,,,,,,,,,,,,,,,,,,,,,,,,,,,,,,,,,,,,,,,,,,,,,,,,,,,,,,,,,,,,,,,,,,,,,,,,,,,,,,,,,,,,,,,DOC,
06/13/2026,37538          ,B000593,XINGYUN MARINE TRANSPORT INC.,MT JOY 300,LOCAL  ,ALLIE BRAVO,DAVAO,INSULAR OIL,UNDOCKING,05/28/2026 10:55,05/28/2026 11:25,0.50 ,"67,770.10 ","67,770.10 ",,,       ,       ,,,,,,,,"67,770.10 ",,"67,770.10 ","67,770.10 ",,,,,,,,,,,,,0.50 ,,,,,,,,,,,,,,,,,,,,,,,,,,,,,,,,,,,,,,,,,,,,,,,,,,,,,,,,,,,,,,,,,,,,,,,,,,,,,,,,,,,,,,,,,,,,,,,,,,,,,,,,,,,,,,,,,,,,,,,"67,770.10 ",,"67,770.10 ",,,,,,,,,,,,,,,,,,,,,,,,,,,,,,,,,,,,,,,,,,,,,,,,,,,,,,,,,,,,,,,,,,,,,,,,,,,,,,,,,,,,,,,,,,,UNDOC,
06/13/2026,37539          ,B000593,XINGYUN MARINE TRANSPORT INC.,MT JOY 300,LOCAL  ,ALLIE BRAVO,DAVAO,INSULAR OIL,DOCKING,05/27/2026 19:50,05/27/2026 21:10,1.33 ,"78,584.23 ","78,584.23 ",,,       ,       ,,,,,,,,"78,584.23 ",,"78,584.23 ","78,584.23 ",,,,,,,,,,,,,1.33 ,,,,,,,,,,,,,,,,,,,,,,,,,,,,,,,,,,,,,,,,,,,,,,,,,,,,,,,,,,,,,,,,,,,,,,,,,,,,,,,,,,,,,,,,,,,,,,,,,,,,,,,,,,,,,,,,,,,,,,,"78,584.23 ",,"78,584.23 ",,,,,,,,,,,,,,,,,,,,,,,,,,,,,,,,,,,,,,,,,,,,,,,,,,,,,,,,,,,,,,,,,,,,,,,,,,,,,,,,,,,,,,,,,,,UNDOC,
06/13/2026,37656          ,1792,SITE RESOURCES DEVELOPMENT CORPORATION,MT PANGLAO ISLAND,LOCAL  ,AMATA MARU,DAVAO,SRDC SASA,DOCKING,05/26/2026 14:55,05/26/2026 15:40,0.75 ,"46,140.50 ","46,140.50 ",,,       ,       ,,,,,,,,"46,140.50 ",,"46,140.50 ",,"46,140.50 ",,,,,,,,,,,,,0.75 ,,,,,,,,,,,,,,,,,,,,,,,,,,,,,,,,,,,,,,,,,,,,,,,,,,,,,,,,,,,,,,,,,,,,,,,,,,,,,,,,,,,,,,,,,,,,,,,,,,,,"46,140.50 ",,,,,,,,,,,,,,,,,,,,"46,140.50 ",,,,,,,,,,,,,,,,,,,,,,,,,,,,,,,,,,,,,,,,,,,,,,,,,,,,,,,,,,,,,,,,,,,,,,,,,,,,,,,,,,,,,,,,,,,DOC,
06/13/2026,37657          ,1792,SITE RESOURCES DEVELOPMENT CORPORATION,MT PANGLAO ISLAND,LOCAL  ,AMATA MARU,DAVAO,SRDC SASA,UNDOCKING,05/27/2026 07:00,05/27/2026 07:25,0.42 ,"46,140.50 ","46,140.50 ",,,       ,       ,,,,,,,,"46,140.50 ",,"46,140.50 ",,"46,140.50 ",,,,,,,,,,,,,0.42 ,,,,,,,,,,,,,,,,,,,,,,,,,,,,,,,,,,,,,,,,,,,,,,,,,,,,,,,,,,,,,,,,,,,,,,,,,,,,,,,,,,,,,,,,,,,,,,,,,,,,"46,140.50 ",,,,,,,,,,,,,,,,,,,,"46,140.50 ",,,,,,,,,,,,,,,,,,,,,,,,,,,,,,,,,,,,,,,,,,,,,,,,,,,,,,,,,,,,,,,,,,,,,,,,,,,,,,,,,,,,,,,,,,,DOC,
06/13/2026,37660          ,B000593,XINGYUN MARINE TRANSPORT INC.,MT JOY 300,LOCAL  ,AMATA MARU,DAVAO,INSULAR OIL,DOCKING,05/27/2026 19:55,05/27/2026 21:10,1.25 ,"75,962.63 ","75,962.63 ",,,       ,       ,,,,,,,,"75,962.63 ",,"75,962.63 ",,"75,962.63 ",,,,,,,,,,,,,1.25 ,,,,,,,,,,,,,,,,,,,,,,,,,,,,,,,,,,,,,,,,,,,,,,,,,,,,,,,,,,,,,,,,,,,,,,,,,,,,,,,,,,,,,,,,,,,,,,,,,,,,,,,,,,,,,,,,,,,,,,"75,962.63 ",,"75,962.63 ",,,,,,,,,,,,,,,,,,,,,,,,,,,,,,,,,,,,,,,,,,,,,,,,,,,,,,,,,,,,,,,,,,,,,,,,,,,,,,,,,,,,,,,,,,,UNDOC,
06/13/2026,37661          ,B000593,XINGYUN MARINE TRANSPORT INC.,MT JOY 300,LOCAL  ,AMATA MARU,DAVAO,INSULAR OIL,UNDOCKING,05/28/2026 10:50,05/28/2026 11:25,0.58 ,"67,770.10 ","67,770.10 ",,,       ,       ,,,,,,,,"67,770.10 ",,"67,770.10 ",,"67,770.10 ",,,,,,,,,,,,,0.58 ,,,,,,,,,,,,,,,,,,,,,,,,,,,,,,,,,,,,,,,,,,,,,,,,,,,,,,,,,,,,,,,,,,,,,,,,,,,,,,,,,,,,,,,,,,,,,,,,,,,,,,,,,,,,,,,,,,,,,,"67,770.10 ",,"67,770.10 ",,,,,,,,,,,,,,,,,,,,,,,,,,,,,,,,,,,,,,,,,,,,,,,,,,,,,,,,,,,,,,,,,,,,,,,,,,,,,,,,,,,,,,,,,,,UNDOC,
06/13/2026,90990-A        ,1791,SITE RESOURCES DEVELOPMENT CORPORATION,MT PANGLAO ISLAND,LOCAL  ,SL MABINI 1,BATANGAS,SRDC,DOCKING,05/22/2026 22:45,05/23/2026 01:10,2.42 ,"53,299.89 ","53,299.89 ",,,       ,       ,,,,,,,,"53,299.89 ",,"53,299.89 ",,,,,,,,,,,,,"53,299.89 ",,,,,,,,,,,,,,,,,,,,,,,,,,,,,,,,,,,,,,,,,,,,,,,,,,,,,,,,,,,,,,,,,,,,,,,,,,,,,,,,,,,,,,,,,,,,,,,,,,,,,,"53,299.89 ",,,,,,,,,,,,,,,,,,,,"53,299.89 ",,,,,,,,,,,,,,,,,,,,,,,,,,,,,,,,,,,,,,,,,,,,,,,,,,,,,,,,,,,,,,,,,,,,,,,,,,,,,,,,,,,,,,,,,,,DOC,
06/14/2026,2026-14U       ,,SITE RESOURCES DEVELOPMENT CORPORATION,MT PANGLAO ISLAND,LOCAL  ,CEBU MOORING BOAT,CEBU,SRDC LAPU LAPU,UNMOORING,06/13/2026 05:42,06/14/2026 01:00,19.30 ,"8,000.00 ","8,000.00 ",,,       ,       ,,,,,,,,"8,000.00 ",,"8,000.00 ",,,,,,,,,,,,,"8,000.00 ",,,,,,,,,,,,,,,,,,,,,,,,,,,,,,,,,,,,,,,,,,,,,,,,,,,,,,,,,,,,,,,,,,,,,,,,,,,,,,,,,,,,,,,,,,,,,,,,,,,,,,"8,000.00 ",,,,,,,,,,,,,,,,,,,,"8,000.00 ",,,,,,,,,,,,,,,,,,,,,,,,,,,,,,,,,,,,,,,,,,,,,,,,,,,,,,,,,,,,,,,,,,,,,,,,,,,,,,,,,,,,,,,,,,,,
06/14/2026,31174-A        ,,SITE RESOURCES DEVELOPMENT CORPORATION,MT PANGLAO ISLAND,LOCAL  ,PACIFIC ROSE 16,CEBU,SRDC LAPU LAPU,UNDOCKING,06/14/2026 01:05,06/14/2026 01:30,0.42 ,,,,,       ,       ,,,,,,,,,,,,,,,,,,,,,,,,,,,,,,,,,,,,,,,,,,,,,,,,,,,,,,,,,,,,,,,,,,,,,,,,,,,,,,,,,,,,,,,,,,,,,,,,,,,,,,,,,,,,,,,,,,,,,,,,,,,,,,,,,,,,,,,,,,,,,,,,,,,,,,,,,,,,,,,,,,,,,,,,,,,,,,,,,,,,,,,,,,,,,,,,,,,,,,,,,,,,,,,,,,,,,,,,,,,,,,,,,,,,,,,,,,,,,
06/14/2026,31215-A        ,,SITE RESOURCES DEVELOPMENT CORPORATION,MT PANGLAO ISLAND,LOCAL  ,PACIFIC ROSE 18,CEBU,SRDC LAPU LAPU,UNDOCKING,06/14/2026 01:05,06/14/2026 01:35,0.50 ,,,,,       ,       ,,,,,,,,,,,,,,,,,,,,,,,,,,,,,,,,,,,,,,,,,,,,,,,,,,,,,,,,,,,,,,,,,,,,,,,,,,,,,,,,,,,,,,,,,,,,,,,,,,,,,,,,,,,,,,,,,,,,,,,,,,,,,,,,,,,,,,,,,,,,,,,,,,,,,,,,,,,,,,,,,,,,,,,,,,,,,,,,,,,,,,,,,,,,,,,,,,,,,,,,,,,,,,,,,,,,,,,,,,,,,,,,,,,,,,,,,,,,,
06/15/2026,2026-15M       ,,SITE RESOURCES DEVELOPMENT CORPORATION,MT PANGLAO ISLAND,LOCAL  ,CEBU MOORING BOAT,CEBU,SRDC LAPU LAPU,MOORING,06/15/2026 11:54,06/16/2026 02:00,14.10 ,,,,,       ,       ,,,,,,,,,,,,,,,,,,,,,,,,,,,,,,,,,,,,,,,,,,,,,,,,,,,,,,,,,,,,,,,,,,,,,,,,,,,,,,,,,,,,,,,,,,,,,,,,,,,,,,,,,,,,,,,,,,,,,,,,,,,,,,,,,,,,,,,,,,,,,,,,,,,,,,,,,,,,,,,,,,,,,,,,,,,,,,,,,,,,,,,,,,,,,,,,,,,,,,,,,,,,,,,,,,,,,,,,,,,,,,,,,,,,,,,,,,,,,
06/15/2026,31182-A        ,,SITE RESOURCES DEVELOPMENT CORPORATION,MT PANGLAO ISLAND,LOCAL  ,PACIFIC ROSE 16,CEBU,SRDC LAPU LAPU,DOCKING,06/15/2026 11:10,06/15/2026 12:05,0.92 ,,,,,       ,       ,,,,,,,,,,,,,,,,,,,,,,,,,,,,,,,,,,,,,,,,,,,,,,,,,,,,,,,,,,,,,,,,,,,,,,,,,,,,,,,,,,,,,,,,,,,,,,,,,,,,,,,,,,,,,,,,,,,,,,,,,,,,,,,,,,,,,,,,,,,,,,,,,,,,,,,,,,,,,,,,,,,,,,,,,,,,,,,,,,,,,,,,,,,,,,,,,,,,,,,,,,,,,,,,,,,,,,,,,,,,,,,,,,,,,,,,,,,,,
06/15/2026,31222-A        ,,SITE RESOURCES DEVELOPMENT CORPORATION,MT PANGLAO ISLAND,LOCAL  ,PACIFIC ROSE 18,CEBU,SRDC LAPU LAPU,DOCKING,06/15/2026 11:05,06/15/2026 12:15,1.17 ,,,,,       ,       ,,,,,,,,,,,,,,,,,,,,,,,,,,,,,,,,,,,,,,,,,,,,,,,,,,,,,,,,,,,,,,,,,,,,,,,,,,,,,,,,,,,,,,,,,,,,,,,,,,,,,,,,,,,,,,,,,,,,,,,,,,,,,,,,,,,,,,,,,,,,,,,,,,,,,,,,,,,,,,,,,,,,,,,,,,,,,,,,,,,,,,,,,,,,,,,,,,,,,,,,,,,,,,,,,,,,,,,,,,,,,,,,,,,,,,,,,,,,,
06/15/2026,35451          ,B000597,"MAR-SHIPS AGENCY, INC.",MTKR GUI CHI,FOREIGN,PANAY GULF,BATANGAS,SEAOIL MABINI,DOCKING,06/09/2026 05:00,06/09/2026 08:55,3.92 ,"166,569.00 ","166,569.00 ",,,       ,       ,,,,,,,,"166,569.00 ",,"166,569.00 ",,,,,,,,,"166,569.00 ",,,,,,,,,,,,,3.92 ,,,,,,,,,,,,,,,,,,,,,,,,,,,,,,,,,,,,,,,,,,,,,,,,,,,,,,,,,,,,,,,,"166,569.00 ",,,,,,,,,,,,,,,,,,,,,,,,,,,,,,,,,,,,,,,,,,,,,,,,,"166,569.00 ",,,,,,,,,,,,,,,,,,,,,,,,,,,,,,,,,,,,,,,,,,,,,,,,,,,,,,,,,,,,,,,,,,,,,,,,,,,,,,,,,,,,,,,,,,,UNDOC,
06/15/2026,35452          ,B000597,"MAR-SHIPS AGENCY, INC.",MTKR GUI CHI,FOREIGN,PANAY GULF,BATANGAS,SEAOIL MABINI,UNDOCKING,06/10/2026 05:10,06/10/2026 07:30,2.33 ,"166,569.00 ","166,569.00 ",,,       ,       ,,,,,,,,"166,569.00 ",,"166,569.00 ",,,,,,,,,"166,569.00 ",,,,,,,,,,,,,2.33 ,,,,,,,,,,,,,,,,,,,,,,,,,,,,,,,,,,,,,,,,,,,,,,,,,,,,,,,,,,,,,,,,"166,569.00 ",,,,,,,,,,,,,,,,,,,,,,,,,,,,,,,,,,,,,,,,,,,,,,,,,"166,569.00 ",,,,,,,,,,,,,,,,,,,,,,,,,,,,,,,,,,,,,,,,,,,,,,,,,,,,,,,,,,,,,,,,,,,,,,,,,,,,,,,,,,,,,,,,,,,UNDOC,
06/15/2026,35744          ,B000596,"MAR-SHIPS AGENCY, INC.",MTKR GUI CHI,FOREIGN,PALDO,BATANGAS,SEAOIL MABINI,BOARDING FORMALITIES,06/09/2026 00:32,06/09/2026 02:35,2.05 ,"56,835.00 ","56,835.00 ",,,       ,       ,,,,,,,,"56,835.00 ",,"56,835.00 ",,,,,,,,"56,835.00 ",,,,,,,,,,,,,2.05 ,,,,,,,,,,,,,,,,,,,,,,,,,,,,,,,,,,,,,,,,,,,,,,,,,,,,,,,,,,,,,,,,,"56,835.00 ",,,,,,,,,,,,,,,,,,,,,,,,,,,,,,,,,,,,,,,,,,,,,,,,,"56,835.00 ",,,,,,,,,,,,,,,,,,,,,,,,,,,,,,,,,,,,,,,,,,,,,,,,,,,,,,,,,,,,,,,,,,,,,,,,,,,,,,,,,,,,,,,,,,,UNDOC,
06/15/2026,35745          ,B000597,"MAR-SHIPS AGENCY, INC.",MTKR GUI CHI,FOREIGN,PALDO,BATANGAS,SEAOIL MABINI,DOCKING,06/09/2026 05:15,06/09/2026 08:30,3.25 ,"166,569.00 ","166,569.00 ",,,       ,       ,,,,,,,,"166,569.00 ",,"166,569.00 ",,,,,,,,"166,569.00 ",,,,,,,,,,,,,3.25 ,,,,,,,,,,,,,,,,,,,,,,,,,,,,,,,,,,,,,,,,,,,,,,,,,,,,,,,,,,,,,,,,,"166,569.00 ",,,,,,,,,,,,,,,,,,,,,,,,,,,,,,,,,,,,,,,,,,,,,,,,,"166,569.00 ",,,,,,,,,,,,,,,,,,,,,,,,,,,,,,,,,,,,,,,,,,,,,,,,,,,,,,,,,,,,,,,,,,,,,,,,,,,,,,,,,,,,,,,,,,,UNDOC,
06/15/2026,35746          ,B000597,"MAR-SHIPS AGENCY, INC.",MTKR GUI CHI,FOREIGN,PALDO,BATANGAS,SEAOIL MABINI,UNDOCKING,06/10/2026 05:10,06/10/2026 07:15,2.08 ,"166,569.00 ","166,569.00 ",,,       ,       ,,,,,,,,"166,569.00 ",,"166,569.00 ",,,,,,,,"166,569.00 ",,,,,,,,,,,,,2.08 ,,,,,,,,,,,,,,,,,,,,,,,,,,,,,,,,,,,,,,,,,,,,,,,,,,,,,,,,,,,,,,,,,"166,569.00 ",,,,,,,,,,,,,,,,,,,,,,,,,,,,,,,,,,,,,,,,,,,,,,,,,"166,569.00 ",,,,,,,,,,,,,,,,,,,,,,,,,,,,,,,,,,,,,,,,,,,,,,,,,,,,,,,,,,,,,,,,,,,,,,,,,,,,,,,,,,,,,,,,,,,UNDOC,
06/15/2026,36828          ,B000594,"MAR-SHIPS AGENCY, INC.",MT HUI HANG 11,FOREIGN,HOKUTO,LEYTE,VISPET,BOARDING FORMALITIES,06/05/2026 11:15,06/05/2026 13:15,2.00 ,"50,000.00 ","50,000.00 ",,,       ,       ,,,,,,,,"50,000.00 ",,"50,000.00 ",,,,,,"50,000.00 ",,,,,,,,,,,,,2.00 ,,,,,,,,,,,,,,,,,,,,,,,,,,,,,,,,,,,,,,,,,,,,,,,,,,,,,,,,,,,,,,,,,,,"50,000.00 ",,,,,,,,,,,,,,,,,,,,,,,,,,,,,,,,,,,,,,,,,,,,,,,,,"50,000.00 ",,,,,,,,,,,,,,,,,,,,,,,,,,,,,,,,,,,,,,,,,,,,,,,,,,,,,,,,,,,,,,,,,,,,,,,,,,,,,,,,,,,,,,,,,,,UNDOC,
06/15/2026,36829          ,B000595,"MAR-SHIPS AGENCY, INC.",MT HUI HANG 11,FOREIGN,HOKUTO,LEYTE,VISPET,DOCKING,06/05/2026 13:15,06/05/2026 15:50,2.58 ,"250,000.00 ","250,000.00 ",,,       ,       ,,,,,,,,"250,000.00 ",,"250,000.00 ",,,,,,"250,000.00 ",,,,,,,,,,,,,2.58 ,,,,,,,,,,,,,,,,,,,,,,,,,,,,,,,,,,,,,,,,,,,,,,,,,,,,,,,,,,,,,,,,,,,"250,000.00 ",,,,,,,,,,,,,,,,,,,,,,,,,,,,,,,,,,,,,,,,,,,,,,,,,"250,000.00 ",,,,,,,,,,,,,,,,,,,,,,,,,,,,,,,,,,,,,,,,,,,,,,,,,,,,,,,,,,,,,,,,,,,,,,,,,,,,,,,,,,,,,,,,,,,UNDOC,
06/15/2026,36830          ,B000595,"MAR-SHIPS AGENCY, INC.",MT HUI HANG 11,FOREIGN,HOKUTO,LEYTE,VISPET,UNDOCKING,06/06/2026 11:50,06/06/2026 13:00,1.17 ,"250,000.00 ","250,000.00 ",,,       ,       ,,,,,,,,"250,000.00 ",,"250,000.00 ",,,,,,"250,000.00 ",,,,,,,,,,,,,1.17 ,,,,,,,,,,,,,,,,,,,,,,,,,,,,,,,,,,,,,,,,,,,,,,,,,,,,,,,,,,,,,,,,,,,"250,000.00 ",,,,,,,,,,,,,,,,,,,,,,,,,,,,,,,,,,,,,,,,,,,,,,,,,"250,000.00 ",,,,,,,,,,,,,,,,,,,,,,,,,,,,,,,,,,,,,,,,,,,,,,,,,,,,,,,,,,,,,,,,,,,,,,,,,,,,,,,,,,,,,,,,,,,UNDOC,
06/15/2026,90764-A        ,B000597,"MAR-SHIPS AGENCY, INC.",MTKR GUI CHI,FOREIGN,SL LIMAY 6,BATANGAS,SEAOIL MABINI,DOCKING,06/09/2026 05:40,06/09/2026 08:05,2.42 ,"166,569.00 ","166,569.00 ",,,       ,       ,,,,,,,,"166,569.00 ",,"166,569.00 ",,,,,,,,,,,,,"166,569.00 ",,,,,,,,,,,,,,,,,,,,,,,,,,,,,,,,,,,,,,,,,,,,,,,,,,,,,,,,,,,,,,,,,,,,,,,,,"166,569.00 ",,,,,,,,,,,,,,,,,,,,,,,,,,,,,,,,,,,,,,,,,,,,,,,,,"166,569.00 ",,,,,,,,,,,,,,,,,,,,,,,,,,,,,,,,,,,,,,,,,,,,,,,,,,,,,,,,,,,,,,,,,,,,,,,,,,,,,,,,,,,,,,,,,,,UNDOC,
06/15/2026,90766-A        ,B000597,"MAR-SHIPS AGENCY, INC.",MTKR GUI CHI,FOREIGN,SL LIMAY 6,BATANGAS,SEAOIL MABINI,UNDOCKING,06/10/2026 04:40,06/10/2026 06:45,2.08 ,"166,569.00 ","166,569.00 ",,,       ,       ,,,,,,,,"166,569.00 ",,"166,569.00 ",,,,,,,,,,,,,"166,569.00 ",,,,,,,,,,,,,,,,,,,,,,,,,,,,,,,,,,,,,,,,,,,,,,,,,,,,,,,,,,,,,,,,,,,,,,,,,"166,569.00 ",,,,,,,,,,,,,,,,,,,,,,,,,,,,,,,,,,,,,,,,,,,,,,,,,"166,569.00 ",,,,,,,,,,,,,,,,,,,,,,,,,,,,,,,,,,,,,,,,,,,,,,,,,,,,,,,,,,,,,,,,,,,,,,,,,,,,,,,,,,,,,,,,,,,UNDOC,
06/16/2026,2026-15U       ,,SITE RESOURCES DEVELOPMENT CORPORATION,MT PANGLAO ISLAND,LOCAL  ,CEBU MOORING BOAT,CEBU,SRDC LAPU LAPU,UNMOORING,06/15/2026 11:54,06/16/2026 02:00,14.10 ,"8,000.00 ","8,000.00 ",,,       ,       ,,,,,,,,"8,000.00 ",,"8,000.00 ",,,,,,,,,,,,,"8,000.00 ",,,,,,,,,,,,,,,,,,,,,,,,,,,,,,,,,,,,,,,,,,,,,,,,,,,,,,,,,,,,,,,,,,,,,,,,,,,,,,,,,,,,,,,,,,,,,,,,,,,,,,"8,000.00 ",,,,,,,,,,,,,,,,,,,,"8,000.00 ",,,,,,,,,,,,,,,,,,,,,,,,,,,,,,,,,,,,,,,,,,,,,,,,,,,,,,,,,,,,,,,,,,,,,,,,,,,,,,,,,,,,,,,,,,,,
06/16/2026,26-0318M       ,1769,SITE RESOURCES DEVELOPMENT CORPORATION,MT PANGLAO ISLAND,LOCAL  ,BATANGAS MOORING BOAT,BATANGAS,SRDC,MOORING,05/10/2026 00:00,05/10/2026 00:34,0.57 ,"8,000.00 ","8,000.00 ",,,       ,       ,,,,,,,,"8,000.00 ",,"8,000.00 ",,,,,,,,,,,,,"8,000.00 ",,,,,,,,,,,,,,,,,,,,,,,,,,,,,,,,,,,,,,,,,,,,,,,,,,,,,,,,,,,,,,,,,,,,,,,,,,,,,,,,,,,,,,,,,,,,,,,,,,,,,,"8,000.00 ",,,,,,,,,,,,,,,,,,,,"8,000.00 ",,,,,,,,,,,,,,,,,,,,,,,,,,,,,,,,,,,,,,,,,,,,,,,,,,,,,,,,,,,,,,,,,,,,,,,,,,,,,,,,,,,,,,,,,,,DOC,
06/16/2026,26-0318U       ,1769,SITE RESOURCES DEVELOPMENT CORPORATION,MT PANGLAO ISLAND,LOCAL  ,BATANGAS MOORING BOAT,BATANGAS,SRDC,UNMOORING,05/11/2026 20:45,05/11/2026 21:10,0.42 ,"8,000.00 ","8,000.00 ",,,       ,       ,,,,,,,,"8,000.00 ",,"8,000.00 ",,,,,,,,,,,,,"8,000.00 ",,,,,,,,,,,,,,,,,,,,,,,,,,,,,,,,,,,,,,,,,,,,,,,,,,,,,,,,,,,,,,,,,,,,,,,,,,,,,,,,,,,,,,,,,,,,,,,,,,,,,,"8,000.00 ",,,,,,,,,,,,,,,,,,,,"8,000.00 ",,,,,,,,,,,,,,,,,,,,,,,,,,,,,,,,,,,,,,,,,,,,,,,,,,,,,,,,,,,,,,,,,,,,,,,,,,,,,,,,,,,,,,,,,,,DOC,
06/16/2026,26-0319M       ,1769,SITE RESOURCES DEVELOPMENT CORPORATION,MT PANGLAO ISLAND,LOCAL  ,BATANGAS MOORING BOAT,BATANGAS,SRDC,MOORING,05/10/2026 15:05,05/10/2026 16:15,1.17 ,"8,000.00 ","8,000.00 ",,,       ,       ,,,,,,,,"8,000.00 ",,"8,000.00 ",,,,,,,,,,,,,"8,000.00 ",,,,,,,,,,,,,,,,,,,,,,,,,,,,,,,,,,,,,,,,,,,,,,,,,,,,,,,,,,,,,,,,,,,,,,,,,,,,,,,,,,,,,,,,,,,,,,,,,,,,,,"8,000.00 ",,,,,,,,,,,,,,,,,,,,"8,000.00 ",,,,,,,,,,,,,,,,,,,,,,,,,,,,,,,,,,,,,,,,,,,,,,,,,,,,,,,,,,,,,,,,,,,,,,,,,,,,,,,,,,,,,,,,,,,DOC,
06/16/2026,26-0319U       ,1769,SITE RESOURCES DEVELOPMENT CORPORATION,MT PANGLAO ISLAND,LOCAL  ,BATANGAS MOORING BOAT,BATANGAS,SRDC,UNMOORING,05/11/2026 16:15,05/12/2026 00:00,7.75 ,"8,000.00 ","8,000.00 ",,,       ,       ,,,,,,,,"8,000.00 ",,"8,000.00 ",,,,,,,,,,,,,"8,000.00 ",,,,,,,,,,,,,,,,,,,,,,,,,,,,,,,,,,,,,,,,,,,,,,,,,,,,,,,,,,,,,,,,,,,,,,,,,,,,,,,,,,,,,,,,,,,,,,,,,,,,,,"8,000.00 ",,,,,,,,,,,,,,,,,,,,"8,000.00 ",,,,,,,,,,,,,,,,,,,,,,,,,,,,,,,,,,,,,,,,,,,,,,,,,,,,,,,,,,,,,,,,,,,,,,,,,,,,,,,,,,,,,,,,,,,DOC,
06/16/2026,26-0322M       ,1770,SITE RESOURCES DEVELOPMENT CORPORATION,MT PANGLAO ISLAND,LOCAL  ,BATANGAS MOORING BOAT,BATANGAS,SRDC,MOORING,05/18/2026 21:40,05/19/2026 00:00,2.33 ,"8,000.00 ","8,000.00 ",,,       ,       ,,,,,,,,"8,000.00 ",,"8,000.00 ",,,,,,,,,,,,,"8,000.00 ",,,,,,,,,,,,,,,,,,,,,,,,,,,,,,,,,,,,,,,,,,,,,,,,,,,,,,,,,,,,,,,,,,,,,,,,,,,,,,,,,,,,,,,,,,,,,,,,,,,,,,"8,000.00 ",,,,,,,,,,,,,,,,,,,,"8,000.00 ",,,,,,,,,,,,,,,,,,,,,,,,,,,,,,,,,,,,,,,,,,,,,,,,,,,,,,,,,,,,,,,,,,,,,,,,,,,,,,,,,,,,,,,,,,,DOC,
06/16/2026,26-0322U       ,1770,SITE RESOURCES DEVELOPMENT CORPORATION,MT PANGLAO ISLAND,LOCAL  ,BATANGAS MOORING BOAT,BATANGAS,SRDC,UNMOORING,05/19/2026 17:15,05/19/2026 18:50,1.58 ,"8,000.00 ","8,000.00 ",,,       ,       ,,,,,,,,"8,000.00 ",,"8,000.00 ",,,,,,,,,,,,,"8,000.00 ",,,,,,,,,,,,,,,,,,,,,,,,,,,,,,,,,,,,,,,,,,,,,,,,,,,,,,,,,,,,,,,,,,,,,,,,,,,,,,,,,,,,,,,,,,,,,,,,,,,,,,"8,000.00 ",,,,,,,,,,,,,,,,,,,,"8,000.00 ",,,,,,,,,,,,,,,,,,,,,,,,,,,,,,,,,,,,,,,,,,,,,,,,,,,,,,,,,,,,,,,,,,,,,,,,,,,,,,,,,,,,,,,,,,,DOC,
06/16/2026,26-0333M       ,1804,SITE RESOURCES DEVELOPMENT CORPORATION,MT PANGLAO ISLAND,LOCAL  ,BATANGAS MOORING BOAT,BATANGAS,SRDC,MOORING,06/08/2026 23:10,06/08/2026 23:45,0.58 ,"8,000.00 ","8,000.00 ",,,       ,       ,,,,,,,,"8,000.00 ",,"8,000.00 ",,,,,,,,,,,,,"8,000.00 ",,,,,,,,,,,,,,,,,,,,,,,,,,,,,,,,,,,,,,,,,,,,,,,,,,,,,,,,,,,,,,,,,,,,,,,,,,,,,,,,,,,,,,,,,,,,,,,,,,,,,,"8,000.00 ",,,,,,,,,,,,,,,,,,,,"8,000.00 ",,,,,,,,,,,,,,,,,,,,,,,,,,,,,,,,,,,,,,,,,,,,,,,,,,,,,,,,,,,,,,,,,,,,,,,,,,,,,,,,,,,,,,,,,,,DOC,
06/16/2026,26-0333U       ,1804,SITE RESOURCES DEVELOPMENT CORPORATION,MT PANGLAO ISLAND,LOCAL  ,BATANGAS MOORING BOAT,BATANGAS,SRDC,UNMOORING,06/08/2026 23:10,06/08/2026 23:45,0.58 ,"8,000.00 ","8,000.00 ",,,       ,       ,,,,,,,,"8,000.00 ",,"8,000.00 ",,,,,,,,,,,,,"8,000.00 ",,,,,,,,,,,,,,,,,,,,,,,,,,,,,,,,,,,,,,,,,,,,,,,,,,,,,,,,,,,,,,,,,,,,,,,,,,,,,,,,,,,,,,,,,,,,,,,,,,,,,,"8,000.00 ",,,,,,,,,,,,,,,,,,,,"8,000.00 ",,,,,,,,,,,,,,,,,,,,,,,,,,,,,,,,,,,,,,,,,,,,,,,,,,,,,,,,,,,,,,,,,,,,,,,,,,,,,,,,,,,,,,,,,,,DOC,
06/16/2026,26-0334M       ,1804,SITE RESOURCES DEVELOPMENT CORPORATION,MT PANGLAO ISLAND,LOCAL  ,BATANGAS MOORING BOAT,BATANGAS,SRDC,MOORING,06/08/2026 15:10,06/08/2026 17:15,2.08 ,"8,000.00 ","8,000.00 ",,,       ,       ,,,,,,,,"8,000.00 ",,"8,000.00 ",,,,,,,,,,,,,"8,000.00 ",,,,,,,,,,,,,,,,,,,,,,,,,,,,,,,,,,,,,,,,,,,,,,,,,,,,,,,,,,,,,,,,,,,,,,,,,,,,,,,,,,,,,,,,,,,,,,,,,,,,,,"8,000.00 ",,,,,,,,,,,,,,,,,,,,"8,000.00 ",,,,,,,,,,,,,,,,,,,,,,,,,,,,,,,,,,,,,,,,,,,,,,,,,,,,,,,,,,,,,,,,,,,,,,,,,,,,,,,,,,,,,,,,,,,DOC,
06/16/2026,26-0334U       ,1804,SITE RESOURCES DEVELOPMENT CORPORATION,MT PANGLAO ISLAND,LOCAL  ,BATANGAS MOORING BOAT,BATANGAS,SRDC,UNMOORING,06/09/2026 18:35,06/09/2026 19:05,0.50 ,"8,000.00 ","8,000.00 ",,,       ,       ,,,,,,,,"8,000.00 ",,"8,000.00 ",,,,,,,,,,,,,"8,000.00 ",,,,,,,,,,,,,,,,,,,,,,,,,,,,,,,,,,,,,,,,,,,,,,,,,,,,,,,,,,,,,,,,,,,,,,,,,,,,,,,,,,,,,,,,,,,,,,,,,,,,,,"8,000.00 ",,,,,,,,,,,,,,,,,,,,"8,000.00 ",,,,,,,,,,,,,,,,,,,,,,,,,,,,,,,,,,,,,,,,,,,,,,,,,,,,,,,,,,,,,,,,,,,,,,,,,,,,,,,,,,,,,,,,,,,DOC,
06/16/2026,26-0337M       ,,VIA MARINE CORPORATION,MT VERONICA 2,LOCAL  ,BATANGAS MOORING BOAT,BATANGAS,CHEVRON,MOORING,06/16/2026 18:20,06/16/2026 20:05,1.75 ,,,,,       ,       ,,,,,,,,,,,,,,,,,,,,,,,,,,,,,,,,,,,,,,,,,,,,,,,,,,,,,,,,,,,,,,,,,,,,,,,,,,,,,,,,,,,,,,,,,,,,,,,,,,,,,,,,,,,,,,,,,,,,,,,,,,,,,,,,,,,,,,,,,,,,,,,,,,,,,,,,,,,,,,,,,,,,,,,,,,,,,,,,,,,,,,,,,,,,,,,,,,,,,,,,,,,,,,,,,,,,,,,,,,,,,,,,,,,,,,,,,,,,,
06/16/2026,31186-A        ,,SITE RESOURCES DEVELOPMENT CORPORATION,MT PANGLAO ISLAND,LOCAL  ,PACIFIC ROSE 16,CEBU,SRDC LAPU LAPU,UNDOCKING,06/16/2026 01:45,06/16/2026 02:15,0.50 ,,,,,       ,       ,,,,,,,,,,,,,,,,,,,,,,,,,,,,,,,,,,,,,,,,,,,,,,,,,,,,,,,,,,,,,,,,,,,,,,,,,,,,,,,,,,,,,,,,,,,,,,,,,,,,,,,,,,,,,,,,,,,,,,,,,,,,,,,,,,,,,,,,,,,,,,,,,,,,,,,,,,,,,,,,,,,,,,,,,,,,,,,,,,,,,,,,,,,,,,,,,,,,,,,,,,,,,,,,,,,,,,,,,,,,,,,,,,,,,,,,,,,,,
06/16/2026,31225-A        ,,SITE RESOURCES DEVELOPMENT CORPORATION,MT PANGLAO ISLAND,LOCAL  ,PACIFIC ROSE 18,CEBU,SRDC LAPU LAPU,UNDOCKING,06/16/2026 01:45,06/16/2026 02:20,0.58 ,,,,,       ,       ,,,,,,,,,,,,,,,,,,,,,,,,,,,,,,,,,,,,,,,,,,,,,,,,,,,,,,,,,,,,,,,,,,,,,,,,,,,,,,,,,,,,,,,,,,,,,,,,,,,,,,,,,,,,,,,,,,,,,,,,,,,,,,,,,,,,,,,,,,,,,,,,,,,,,,,,,,,,,,,,,,,,,,,,,,,,,,,,,,,,,,,,,,,,,,,,,,,,,,,,,,,,,,,,,,,,,,,,,,,,,,,,,,,,,,,,,,,,,
06/16/2026,35523          ,1769,SITE RESOURCES DEVELOPMENT CORPORATION,MT PANGLAO ISLAND,LOCAL  ,PANAY GULF,BATANGAS,SRDC,DOCKING,05/10/2026 15:05,05/10/2026 16:15,1.17 ,"42,995.89 ","42,995.89 ",,,       ,       ,,,,,,,,"42,995.89 ",,"42,995.89 ",,,,,,,,,"42,995.89 ",,,,,,,,,,,,,1.17 ,,,,,,,,,,,,,,,,,,,,,,,,,,,,,,,,,,,,,,,,,,,,,,,,,,,,,,,,,,,,,,,,,,,,,,,,,,,,,,,,,,,,,,,,,,,,,"42,995.89 ",,,,,,,,,,,,,,,,,,,,"42,995.89 ",,,,,,,,,,,,,,,,,,,,,,,,,,,,,,,,,,,,,,,,,,,,,,,,,,,,,,,,,,,,,,,,,,,,,,,,,,,,,,,,,,,,,,,,,,,DOC,
06/16/2026,35524          ,1769,SITE RESOURCES DEVELOPMENT CORPORATION,MT PANGLAO ISLAND,LOCAL  ,PANAY GULF,BATANGAS,SRDC,SHIFTING,05/11/2026 00:00,05/11/2026 00:34,0.57 ,"35,817.00 ","35,817.00 ",,,       ,       ,,,,,,,,"35,817.00 ",,"35,817.00 ",,,,,,,,,"35,817.00 ",,,,,,,,,,,,,0.57 ,,,,,,,,,,,,,,,,,,,,,,,,,,,,,,,,,,,,,,,,,,,,,,,,,,,,,,,,,,,,,,,,,,,,,,,,,,,,,,,,,,,,,,,,,,,,,"35,817.00 ",,,,,,,,,,,,,,,,,,,,"35,817.00 ",,,,,,,,,,,,,,,,,,,,,,,,,,,,,,,,,,,,,,,,,,,,,,,,,,,,,,,,,,,,,,,,,,,,,,,,,,,,,,,,,,,,,,,,,,,DOC,
06/16/2026,35525          ,1769,SITE RESOURCES DEVELOPMENT CORPORATION,MT PANGLAO ISLAND,LOCAL  ,PANAY GULF,BATANGAS,SRDC,UNDOCKING,05/11/2026 20:45,05/11/2026 21:10,0.42 ,"35,817.00 ","35,817.00 ",,,       ,       ,,,,,,,,"35,817.00 ",,"35,817.00 ",,,,,,,,,"35,817.00 ",,,,,,,,,,,,,0.42 ,,,,,,,,,,,,,,,,,,,,,,,,,,,,,,,,,,,,,,,,,,,,,,,,,,,,,,,,,,,,,,,,,,,,,,,,,,,,,,,,,,,,,,,,,,,,,"35,817.00 ",,,,,,,,,,,,,,,,,,,,"35,817.00 ",,,,,,,,,,,,,,,,,,,,,,,,,,,,,,,,,,,,,,,,,,,,,,,,,,,,,,,,,,,,,,,,,,,,,,,,,,,,,,,,,,,,,,,,,,,DOC,
06/16/2026,35740          ,1804,SITE RESOURCES DEVELOPMENT CORPORATION,MT PANGLAO ISLAND,LOCAL  ,PANAY GULF,BATANGAS,SRDC,UNDOCKING,06/09/2026 18:35,06/09/2026 19:05,0.50 ,"32,919.00 ","32,919.00 ",,,       ,       ,,,,,,,,"32,919.00 ",,"32,919.00 ",,,,,,,,,"32,919.00 ",,,,,,,,,,,,,0.50 ,,,,,,,,,,,,,,,,,,,,,,,,,,,,,,,,,,,,,,,,,,,,,,,,,,,,,,,,,,,,,,,,,,,,,,,,,,,,,,,,,,,,,,,,,,,,,"32,919.00 ",,,,,,,,,,,,,,,,,,,,"32,919.00 ",,,,,,,,,,,,,,,,,,,,,,,,,,,,,,,,,,,,,,,,,,,,,,,,,,,,,,,,,,,,,,,,,,,,,,,,,,,,,,,,,,,,,,,,,,,DOC,
06/16/2026,35742          ,1804,SITE RESOURCES DEVELOPMENT CORPORATION,MT PANGLAO ISLAND,LOCAL  ,PALDO,BATANGAS,SRDC,DOCKING,06/08/2026 15:10,06/08/2026 17:15,2.08 ,"44,430.96 ","44,430.96 ",,,       ,       ,,,,,,,,"44,430.96 ",,"44,430.96 ",,,,,,,,"44,430.96 ",,,,,,,,,,,,,2.08 ,,,,,,,,,,,,,,,,,,,,,,,,,,,,,,,,,,,,,,,,,,,,,,,,,,,,,,,,,,,,,,,,,,,,,,,,,,,,,,,,,,,,,,,,,,,,,,"44,430.96 ",,,,,,,,,,,,,,,,,,,,"44,430.96 ",,,,,,,,,,,,,,,,,,,,,,,,,,,,,,,,,,,,,,,,,,,,,,,,,,,,,,,,,,,,,,,,,,,,,,,,,,,,,,,,,,,,,,,,,,,DOC,
06/16/2026,35743          ,1804,SITE RESOURCES DEVELOPMENT CORPORATION,MT PANGLAO ISLAND,LOCAL  ,PALDO,BATANGAS,SRDC,SHIFTING,06/08/2026 23:10,06/08/2026 23:45,0.58 ,"30,899.50 ","30,899.50 ",,,       ,       ,,,,,,,,"30,899.50 ",,"30,899.50 ",,,,,,,,"30,899.50 ",,,,,,,,,,,,,0.58 ,,,,,,,,,,,,,,,,,,,,,,,,,,,,,,,,,,,,,,,,,,,,,,,,,,,,,,,,,,,,,,,,,,,,,,,,,,,,,,,,,,,,,,,,,,,,,,"30,899.50 ",,,,,,,,,,,,,,,,,,,,"30,899.50 ",,,,,,,,,,,,,,,,,,,,,,,,,,,,,,,,,,,,,,,,,,,,,,,,,,,,,,,,,,,,,,,,,,,,,,,,,,,,,,,,,,,,,,,,,,,DOC,
06/16/2026,90540-A        ,1770,SITE RESOURCES DEVELOPMENT CORPORATION,MT PANGLAO ISLAND,LOCAL  ,SL MABINI 1,BATANGAS,SRDC,UNDOCKING,05/19/2026 17:15,05/19/2026 18:50,1.58 ,"39,518.11 ","39,518.11 ",,,       ,       ,,,,,,,,"39,518.11 ",,"39,518.11 ",,,,,,,,,,,,,"39,518.11 ",,,,,,,,,,,,,,,,,,,,,,,,,,,,,,,,,,,,,,,,,,,,,,,,,,,,,,,,,,,,,,,,,,,,,,,,,,,,,,,,,,,,,,,,,,,,,,,,,,,,,,"39,518.11 ",,,,,,,,,,,,,,,,,,,,"39,518.11 ",,,,,,,,,,,,,,,,,,,,,,,,,,,,,,,,,,,,,,,,,,,,,,,,,,,,,,,,,,,,,,,,,,,,,,,,,,,,,,,,,,,,,,,,,,,DOC,
06/16/2026,90541-A        ,1770,SITE RESOURCES DEVELOPMENT CORPORATION,MT PANGLAO ISLAND,LOCAL  ,SL LIMAY 6,BATANGAS,SRDC,UNDOCKING,05/19/2026 16:45,05/19/2026 18:55,2.17 ,"45,686.27 ","45,686.27 ",,,       ,       ,,,,,,,,"45,686.27 ",,"45,686.27 ",,,,,,,,,,,,,"45,686.27 ",,,,,,,,,,,,,,,,,,,,,,,,,,,,,,,,,,,,,,,,,,,,,,,,,,,,,,,,,,,,,,,,,,,,,,,,,,,,,,,,,,,,,,,,,,,,,,,,,,,,,,"45,686.27 ",,,,,,,,,,,,,,,,,,,,"45,686.27 ",,,,,,,,,,,,,,,,,,,,,,,,,,,,,,,,,,,,,,,,,,,,,,,,,,,,,,,,,,,,,,,,,,,,,,,,,,,,,,,,,,,,,,,,,,,DOC,
06/16/2026,90975-A        ,1770,SITE RESOURCES DEVELOPMENT CORPORATION,MT PANGLAO ISLAND,LOCAL  ,SL MABINI 1,BATANGAS,SRDC,DOCKING,05/18/2026 21:40,05/19/2026 00:00,2.33 ,"50,059.28 ","50,059.28 ",,,       ,       ,,,,,,,,"50,059.28 ",,"50,059.28 ",,,,,,,,,,,,,"50,059.28 ",,,,,,,,,,,,,,,,,,,,,,,,,,,,,,,,,,,,,,,,,,,,,,,,,,,,,,,,,,,,,,,,,,,,,,,,,,,,,,,,,,,,,,,,,,,,,,,,,,,,,,"50,059.28 ",,,,,,,,,,,,,,,,,,,,"50,059.28 ",,,,,,,,,,,,,,,,,,,,,,,,,,,,,,,,,,,,,,,,,,,,,,,,,,,,,,,,,,,,,,,,,,,,,,,,,,,,,,,,,,,,,,,,,,,DOC,
06/16/2026,90976-A        ,1770,SITE RESOURCES DEVELOPMENT CORPORATION,MT PANGLAO ISLAND,LOCAL  ,SL LIMAY 6,BATANGAS,SRDC,DOCKING,05/18/2026 21:40,05/19/2026 00:25,2.75 ,"54,035.63 ","54,035.63 ",,,       ,       ,,,,,,,,"54,035.63 ",,"54,035.63 ",,,,,,,,,,,,,"54,035.63 ",,,,,,,,,,,,,,,,,,,,,,,,,,,,,,,,,,,,,,,,,,,,,,,,,,,,,,,,,,,,,,,,,,,,,,,,,,,,,,,,,,,,,,,,,,,,,,,,,,,,,,"54,035.63 ",,,,,,,,,,,,,,,,,,,,"54,035.63 ",,,,,,,,,,,,,,,,,,,,,,,,,,,,,,,,,,,,,,,,,,,,,,,,,,,,,,,,,,,,,,,,,,,,,,,,,,,,,,,,,,,,,,,,,,,DOC,
06/17/2026,26-0330M       ,1808,VIA MARINE CORPORATION,MT CALLY,LOCAL  ,BATANGAS MOORING BOAT,BATANGAS,CHEVRON,MOORING,06/03/2026 21:15,06/03/2026 23:15,2.00 ,"8,960.00 ","8,960.00 ",,,       ,       ,,,,,,,,"8,960.00 ",,"8,960.00 ",,,,,,,,,,,,,"8,960.00 ",,,,,,,,,,,,,,,,,,,,,,,,,,,,,,,,,,,,,,,,,,,,,,,,,,,,,,,,,,,,,,,,,,,,,,,,,,,,,,,,,,,,,,,,,,,,,,,,,,,,,,,,,,,,,,,,,,"8,960.00 ",,,,,,,,"8,960.00 ",,,,,,,,,,,,,,,,,,,,,,,,,,,,,,,,,,,,,,,,,,,,,,,,,,,,,,,,,,,,,,,,,,,,,,,,,,,,,,,,,,,,,,,,,,,DOC,
06/17/2026,26-0330U       ,1808,VIA MARINE CORPORATION,MT CALLY,LOCAL  ,BATANGAS MOORING BOAT,BATANGAS,CHEVRON,UNMOORING,06/04/2026 21:35,06/04/2026 22:41,1.10 ,"8,960.00 ","8,960.00 ",,,       ,       ,,,,,,,,"8,960.00 ",,"8,960.00 ",,,,,,,,,,,,,"8,960.00 ",,,,,,,,,,,,,,,,,,,,,,,,,,,,,,,,,,,,,,,,,,,,,,,,,,,,,,,,,,,,,,,,,,,,,,,,,,,,,,,,,,,,,,,,,,,,,,,,,,,,,,,,,,,,,,,,,,"8,960.00 ",,,,,,,,"8,960.00 ",,,,,,,,,,,,,,,,,,,,,,,,,,,,,,,,,,,,,,,,,,,,,,,,,,,,,,,,,,,,,,,,,,,,,,,,,,,,,,,,,,,,,,,,,,,DOC,
06/17/2026,26-0331M       ,1811,VIA MARINE CORPORATION,MT VERONICA 2,LOCAL  ,BATANGAS MOORING BOAT,BATANGAS,CHEVRON,MOORING,06/05/2026 01:40,06/05/2026 03:25,1.75 ,"8,960.00 ","8,960.00 ",,,       ,       ,,,,,,,,"8,960.00 ",,"8,960.00 ",,,,,,,,,,,,,"8,960.00 ",,,,,,,,,,,,,,,,,,,,,,,,,,,,,,,,,,,,,,,,,,,,,,,,,,,,,,,,,,,,,,,,,,,,,,,,,,,,,,,,,,,,,,,,,,,,,,,,,,,,,,,,,,,,,,,,,,"8,960.00 ",,,,,,,,"8,960.00 ",,,,,,,,,,,,,,,,,,,,,,,,,,,,,,,,,,,,,,,,,,,,,,,,,,,,,,,,,,,,,,,,,,,,,,,,,,,,,,,,,,,,,,,,,,,DOC,
06/17/2026,26-0331U       ,1811,VIA MARINE CORPORATION,MT VERONICA 2,LOCAL  ,BATANGAS MOORING BOAT,BATANGAS,CHEVRON,UNMOORING,06/06/2026 18:00,06/06/2026 19:28,1.47 ,"8,960.00 ","8,960.00 ",,,       ,       ,,,,,,,,"8,960.00 ",,"8,960.00 ",,,,,,,,,,,,,"8,960.00 ",,,,,,,,,,,,,,,,,,,,,,,,,,,,,,,,,,,,,,,,,,,,,,,,,,,,,,,,,,,,,,,,,,,,,,,,,,,,,,,,,,,,,,,,,,,,,,,,,,,,,,,,,,,,,,,,,,"8,960.00 ",,,,,,,,"8,960.00 ",,,,,,,,,,,,,,,,,,,,,,,,,,,,,,,,,,,,,,,,,,,,,,,,,,,,,,,,,,,,,,,,,,,,,,,,,,,,,,,,,,,,,,,,,,,DOC,
06/17/2026,26-0332M       ,1809,VIA MARINE CORPORATION,MT CES,LOCAL  ,BATANGAS MOORING BOAT,BATANGAS,CHEVRON,MOORING,06/06/2026 20:10,06/06/2026 21:35,1.42 ,"8,960.00 ","8,960.00 ",,,       ,       ,,,,,,,,"8,960.00 ",,"8,960.00 ",,,,,,,,,,,,,"8,960.00 ",,,,,,,,,,,,,,,,,,,,,,,,,,,,,,,,,,,,,,,,,,,,,,,,,,,,,,,,,,,,,,,,,,,,,,,,,,,,,,,,,,,,,,,,,,,,,,,,,,,,,,,,,,,,,,,,,,"8,960.00 ",,,,,,,,"8,960.00 ",,,,,,,,,,,,,,,,,,,,,,,,,,,,,,,,,,,,,,,,,,,,,,,,,,,,,,,,,,,,,,,,,,,,,,,,,,,,,,,,,,,,,,,,,,,DOC,
06/17/2026,26-0332U       ,1809,VIA MARINE CORPORATION,MT CES,LOCAL  ,BATANGAS MOORING BOAT,BATANGAS,CHEVRON,UNMOORING,06/08/2026 08:35,06/08/2026 10:50,2.25 ,"8,960.00 ","8,960.00 ",,,       ,       ,,,,,,,,"8,960.00 ",,"8,960.00 ",,,,,,,,,,,,,"8,960.00 ",,,,,,,,,,,,,,,,,,,,,,,,,,,,,,,,,,,,,,,,,,,,,,,,,,,,,,,,,,,,,,,,,,,,,,,,,,,,,,,,,,,,,,,,,,,,,,,,,,,,,,,,,,,,,,,,,,"8,960.00 ",,,,,,,,"8,960.00 ",,,,,,,,,,,,,,,,,,,,,,,,,,,,,,,,,,,,,,,,,,,,,,,,,,,,,,,,,,,,,,,,,,,,,,,,,,,,,,,,,,,,,,,,,,,DOC,
06/17/2026,26-0336M       ,1810,VIA MARINE CORPORATION,MT CES,LOCAL  ,BATANGAS MOORING BOAT,BATANGAS,CHEVRON,MOORING,06/12/2026 18:35,06/12/2026 20:10,1.58 ,"8,960.00 ","8,960.00 ",,,       ,       ,,,,,,,,"8,960.00 ",,"8,960.00 ",,,,,,,,,,,,,"8,960.00 ",,,,,,,,,,,,,,,,,,,,,,,,,,,,,,,,,,,,,,,,,,,,,,,,,,,,,,,,,,,,,,,,,,,,,,,,,,,,,,,,,,,,,,,,,,,,,,,,,,,,,,,,,,,,,,,,,,"8,960.00 ",,,,,,,,"8,960.00 ",,,,,,,,,,,,,,,,,,,,,,,,,,,,,,,,,,,,,,,,,,,,,,,,,,,,,,,,,,,,,,,,,,,,,,,,,,,,,,,,,,,,,,,,,,,DOC,
06/17/2026,26-0336U       ,1810,VIA MARINE CORPORATION,MT CES,LOCAL  ,BATANGAS MOORING BOAT,BATANGAS,CHEVRON,UNMOORING,06/14/2026 00:34,06/14/2026 01:45,1.18 ,"8,960.00 ","8,960.00 ",,,       ,       ,,,,,,,,"8,960.00 ",,"8,960.00 ",,,,,,,,,,,,,"8,960.00 ",,,,,,,,,,,,,,,,,,,,,,,,,,,,,,,,,,,,,,,,,,,,,,,,,,,,,,,,,,,,,,,,,,,,,,,,,,,,,,,,,,,,,,,,,,,,,,,,,,,,,,,,,,,,,,,,,,"8,960.00 ",,,,,,,,"8,960.00 ",,,,,,,,,,,,,,,,,,,,,,,,,,,,,,,,,,,,,,,,,,,,,,,,,,,,,,,,,,,,,,,,,,,,,,,,,,,,,,,,,,,,,,,,,,,DOC,
06/17/2026,26-0337U       ,,VIA MARINE CORPORATION,MT VERONICA 2,LOCAL  ,BATANGAS MOORING BOAT,BATANGAS,CHEVRON,UNMOORING,06/17/2026 13:55,06/17/2026 15:20,1.42 ,,,,,       ,       ,,,,,,,,,,,,,,,,,,,,,,,,,,,,,,,,,,,,,,,,,,,,,,,,,,,,,,,,,,,,,,,,,,,,,,,,,,,,,,,,,,,,,,,,,,,,,,,,,,,,,,,,,,,,,,,,,,,,,,,,,,,,,,,,,,,,,,,,,,,,,,,,,,,,,,,,,,,,,,,,,,,,,,,,,,,,,,,,,,,,,,,,,,,,,,,,,,,,,,,,,,,,,,,,,,,,,,,,,,,,,,,,,,,,,,,,,,,,,
06/17/2026,34513-A        ,1807,SMC SHIPPING AND LIGHTERAGE CORPORATION,SL TINDALO,LOCAL  ,SUJEONG,DAVAO,PETRON SASA,UNDOCKING,06/15/2026 03:45,06/15/2026 04:35,0.83 ,"59,919.00 ","59,919.00 ",,,       ,       ,,,,,,,,"59,919.00 ",,"59,919.00 ",,,,,,,,,,"59,919.00 ",,,,,,,,,,,,,0.83 ,,,,,,,,,,,,,,,,,,,,,,,,,,,,,,,,,,,,,,,,,,,,,,,,,,,,,,,,,,,,,,,,,,,,,,,,,,,,,,,,,,,,,,,,,,,,,"59,919.00 ",,,,,,,,,,,,,,,,,,,"59,919.00 ",,,,,,,,,,,,,,,,,,,,,,,,,,,,,,,,,,,,,,,,,,,,,,,,,,,,,,,,,,,,,,,,,,,,,,,,,,,,,,,,,,,,,,,,,,,DOC,
06/17/2026,35454          ,1810,VIA MARINE CORPORATION,MT CES,LOCAL  ,PANAY GULF,BATANGAS,CHEVRON,DOCKING,06/12/2026 18:35,06/12/2026 20:10,1.58 ,"116,030.90 ","116,030.90 ",,,       ,       ,,,,,,,,"116,030.90 ",,"116,030.90 ",,,,,,,,,"116,030.90 ",,,,,,,,,,,,,1.58 ,,,,,,,,,,,,,,,,,,,,,,,,,,,,,,,,,,,,,,,,,,,,,,,,,,,,,,,,,,,,,,,,,,,,,,,,,,,,,,,,,,,,,,,,,,,,,,,,,,,,,,,,,"116,030.90 ",,,,,,,,"116,030.90 ",,,,,,,,,,,,,,,,,,,,,,,,,,,,,,,,,,,,,,,,,,,,,,,,,,,,,,,,,,,,,,,,,,,,,,,,,,,,,,,,,,,,,,,,,,,DOC,
06/17/2026,35456          ,1810,VIA MARINE CORPORATION,MT CES,LOCAL  ,PANAY GULF,BATANGAS,CHEVRON,UNDOCKING,06/14/2026 00:20,06/14/2026 02:10,1.83 ,"134,390.23 ","134,390.23 ",,,       ,       ,,,,,,,,"134,390.23 ",,"134,390.23 ",,,,,,,,,"134,390.23 ",,,,,,,,,,,,,1.83 ,,,,,,,,,,,,,,,,,,,,,,,,,,,,,,,,,,,,,,,,,,,,,,,,,,,,,,,,,,,,,,,,,,,,,,,,,,,,,,,,,,,,,,,,,,,,,,,,,,,,,,,,,"134,390.23 ",,,,,,,,"134,390.23 ",,,,,,,,,,,,,,,,,,,,,,,,,,,,,,,,,,,,,,,,,,,,,,,,,,,,,,,,,,,,,,,,,,,,,,,,,,,,,,,,,,,,,,,,,,,DOC,
06/17/2026,35547          ,1808,VIA MARINE CORPORATION,MT CALLY,LOCAL  ,PANAY GULF,BATANGAS,CHEVRON,DOCKING,06/03/2026 21:15,06/03/2026 23:15,2.00 ,"142,836.96 ","142,836.96 ",,,       ,       ,,,,,,,,"142,836.96 ",,"142,836.96 ",,,,,,,,,"142,836.96 ",,,,,,,,,,,,,2.00 ,,,,,,,,,,,,,,,,,,,,,,,,,,,,,,,,,,,,,,,,,,,,,,,,,,,,,,,,,,,,,,,,,,,,,,,,,,,,,,,,,,,,,,,,,,,,,,,,,,,,,,,,,"142,836.96 ",,,,,,,,"142,836.96 ",,,,,,,,,,,,,,,,,,,,,,,,,,,,,,,,,,,,,,,,,,,,,,,,,,,,,,,,,,,,,,,,,,,,,,,,,,,,,,,,,,,,,,,,,,,DOC,
06/17/2026,35550          ,1808,VIA MARINE CORPORATION,MT CALLY,LOCAL  ,PANAY GULF,BATANGAS,CHEVRON,UNDOCKING,06/04/2026 21:35,06/04/2026 22:41,1.10 ,"78,560.33 ","78,560.33 ",,,       ,       ,,,,,,,,"78,560.33 ",,"78,560.33 ",,,,,,,,,"78,560.33 ",,,,,,,,,,,,,1.10 ,,,,,,,,,,,,,,,,,,,,,,,,,,,,,,,,,,,,,,,,,,,,,,,,,,,,,,,,,,,,,,,,,,,,,,,,,,,,,,,,,,,,,,,,,,,,,,,,,,,,,,,,,"78,560.33 ",,,,,,,,"78,560.33 ",,,,,,,,,,,,,,,,,,,,,,,,,,,,,,,,,,,,,,,,,,,,,,,,,,,,,,,,,,,,,,,,,,,,,,,,,,,,,,,,,,,,,,,,,,,DOC,
06/17/2026,35737          ,1811,VIA MARINE CORPORATION,MT VERONICA 2,LOCAL  ,PANAY GULF,BATANGAS,CHEVRON,DOCKING,06/05/2026 01:40,06/05/2026 03:25,1.75 ,"124,982.34 ","124,982.34 ",,,       ,       ,,,,,,,,"124,982.34 ",,"124,982.34 ",,,,,,,,,"124,982.34 ",,,,,,,,,,,,,1.75 ,,,,,,,,,,,,,,,,,,,,,,,,,,,,,,,,,,,,,,,,,,,,,,,,,,,,,,,,,,,,,,,,,,,,,,,,,,,,,,,,,,,,,,,,,,,,,,,,,,,,,,,,,"124,982.34 ",,,,,,,,"124,982.34 ",,,,,,,,,,,,,,,,,,,,,,,,,,,,,,,,,,,,,,,,,,,,,,,,,,,,,,,,,,,,,,,,,,,,,,,,,,,,,,,,,,,,,,,,,,,DOC,
06/17/2026,35738          ,1811,VIA MARINE CORPORATION,MT VERONICA 2,LOCAL  ,PANAY GULF,BATANGAS,CHEVRON,UNDOCKING,06/06/2026 18:00,06/06/2026 19:35,1.58 ,"112,841.20 ","112,841.20 ",,,       ,       ,,,,,,,,"112,841.20 ",,"112,841.20 ",,,,,,,,,"112,841.20 ",,,,,,,,,,,,,1.58 ,,,,,,,,,,,,,,,,,,,,,,,,,,,,,,,,,,,,,,,,,,,,,,,,,,,,,,,,,,,,,,,,,,,,,,,,,,,,,,,,,,,,,,,,,,,,,,,,,,,,,,,,,"112,841.20 ",,,,,,,,"112,841.20 ",,,,,,,,,,,,,,,,,,,,,,,,,,,,,,,,,,,,,,,,,,,,,,,,,,,,,,,,,,,,,,,,,,,,,,,,,,,,,,,,,,,,,,,,,,,DOC,
06/17/2026,35739          ,1809,VIA MARINE CORPORATION,MT CES,LOCAL  ,PANAY GULF,BATANGAS,CHEVRON,DOCKING,06/06/2026 20:10,06/06/2026 21:35,1.42 ,"101,414.24 ","101,414.24 ",,,       ,       ,,,,,,,,"101,414.24 ",,"101,414.24 ",,,,,,,,,"101,414.24 ",,,,,,,,,,,,,1.42 ,,,,,,,,,,,,,,,,,,,,,,,,,,,,,,,,,,,,,,,,,,,,,,,,,,,,,,,,,,,,,,,,,,,,,,,,,,,,,,,,,,,,,,,,,,,,,,,,,,,,,,,,,"101,414.24 ",,,,,,,,"101,414.24 ",,,,,,,,,,,,,,,,,,,,,,,,,,,,,,,,,,,,,,,,,,,,,,,,,,,,,,,,,,,,,,,,,,,,,,,,,,,,,,,,,,,,,,,,,,,DOC,
06/17/2026,35741          ,1809,VIA MARINE CORPORATION,MT CES,LOCAL  ,PALDO,BATANGAS,CHEVRON,UNDOCKING,06/08/2026 08:35,06/08/2026 10:50,2.25 ,"160,691.58 ","160,691.58 ",,,       ,       ,,,,,,,,"160,691.58 ",,"160,691.58 ",,,,,,,,"160,691.58 ",,,,,,,,,,,,,2.25 ,,,,,,,,,,,,,,,,,,,,,,,,,,,,,,,,,,,,,,,,,,,,,,,,,,,,,,,,,,,,,,,,,,,,,,,,,,,,,,,,,,,,,,,,,,,,,,,,,,,,,,,,,,"160,691.58 ",,,,,,,,"160,691.58 ",,,,,,,,,,,,,,,,,,,,,,,,,,,,,,,,,,,,,,,,,,,,,,,,,,,,,,,,,,,,,,,,,,,,,,,,,,,,,,,,,,,,,,,,,,,DOC,
06/17/2026,35747          ,1810,VIA MARINE CORPORATION,MT CES,LOCAL  ,PALDO,BATANGAS,CHEVRON,DOCKING,06/12/2026 19:05,06/12/2026 20:20,1.25 ,"91,796.60 ","91,796.60 ",,,       ,       ,,,,,,,,"91,796.60 ",,"91,796.60 ",,,,,,,,"91,796.60 ",,,,,,,,,,,,,1.25 ,,,,,,,,,,,,,,,,,,,,,,,,,,,,,,,,,,,,,,,,,,,,,,,,,,,,,,,,,,,,,,,,,,,,,,,,,,,,,,,,,,,,,,,,,,,,,,,,,,,,,,,,,,"91,796.60 ",,,,,,,,"91,796.60 ",,,,,,,,,,,,,,,,,,,,,,,,,,,,,,,,,,,,,,,,,,,,,,,,,,,,,,,,,,,,,,,,,,,,,,,,,,,,,,,,,,,,,,,,,,,DOC,
06/17/2026,35748          ,1810,VIA MARINE CORPORATION,MT CES,LOCAL  ,PALDO,BATANGAS,CHEVRON,UNDOCKING,06/14/2026 00:34,06/14/2026 01:45,1.18 ,"86,655.99 ","86,655.99 ",,,       ,       ,,,,,,,,"86,655.99 ",,"86,655.99 ",,,,,,,,"86,655.99 ",,,,,,,,,,,,,1.18 ,,,,,,,,,,,,,,,,,,,,,,,,,,,,,,,,,,,,,,,,,,,,,,,,,,,,,,,,,,,,,,,,,,,,,,,,,,,,,,,,,,,,,,,,,,,,,,,,,,,,,,,,,,"86,655.99 ",,,,,,,,"86,655.99 ",,,,,,,,,,,,,,,,,,,,,,,,,,,,,,,,,,,,,,,,,,,,,,,,,,,,,,,,,,,,,,,,,,,,,,,,,,,,,,,,,,,,,,,,,,,DOC,
06/17/2026,37296          ,1691,SMC SHIPPING AND LIGHTERAGE CORPORATION,SL MOLAVE,LOCAL  ,BOHOL SEA,DAVAO,PETRON SASA,DOCKING,06/04/2026 15:00,06/04/2026 15:55,0.92 ,"57,899.50 ","57,899.50 ",,,       ,       ,,,,,,,,"57,899.50 ",,"57,899.50 ",,,"57,899.50 ",,,,,,,,,,,,,0.92 ,,,,,,,,,,,,,,,,,,,,,,,,,,,,,,,,,,,,,,,,,,,,,,,,,,,,,,,,,,,,,,,,,,,,,,,,,,,,,,,,,,,,,,,,,,,,,,,,,,,,"57,899.50 ",,,,,,,,,,,,,,,,,,,"57,899.50 ",,,,,,,,,,,,,,,,,,,,,,,,,,,,,,,,,,,,,,,,,,,,,,,,,,,,,,,,,,,,,,,,,,,,,,,,,,,,,,,,,,,,,,,,,,,DOC,
06/17/2026,37299          ,1691,SMC SHIPPING AND LIGHTERAGE CORPORATION,SL MOLAVE,LOCAL  ,BOHOL SEA,DAVAO,PETRON SASA,UNDOCKING,06/05/2026 11:15,06/05/2026 12:00,0.75 ,"57,899.50 ","57,899.50 ",,,       ,       ,,,,,,,,"57,899.50 ",,"57,899.50 ",,,"57,899.50 ",,,,,,,,,,,,,0.75 ,,,,,,,,,,,,,,,,,,,,,,,,,,,,,,,,,,,,,,,,,,,,,,,,,,,,,,,,,,,,,,,,,,,,,,,,,,,,,,,,,,,,,,,,,,,,,,,,,,,,"57,899.50 ",,,,,,,,,,,,,,,,,,,"57,899.50 ",,,,,,,,,,,,,,,,,,,,,,,,,,,,,,,,,,,,,,,,,,,,,,,,,,,,,,,,,,,,,,,,,,,,,,,,,,,,,,,,,,,,,,,,,,,DOC,
06/17/2026,37554          ,1807,SMC SHIPPING AND LIGHTERAGE CORPORATION,SL TINDALO,LOCAL  ,ALLIE BRAVO,DAVAO,PETRON SASA,DOCKING,06/14/2026 18:00,06/14/2026 19:15,1.25 ,"62,398.75 ","62,398.75 ",,,       ,       ,,,,,,,,"62,398.75 ",,"62,398.75 ","62,398.75 ",,,,,,,,,,,,,1.25 ,,,,,,,,,,,,,,,,,,,,,,,,,,,,,,,,,,,,,,,,,,,,,,,,,,,,,,,,,,,,,,,,,,,,,,,,,,,,,,,,,,,,,,,,,,,,,,,,,,,,,,"62,398.75 ",,,,,,,,,,,,,,,,,,,"62,398.75 ",,,,,,,,,,,,,,,,,,,,,,,,,,,,,,,,,,,,,,,,,,,,,,,,,,,,,,,,,,,,,,,,,,,,,,,,,,,,,,,,,,,,,,,,,,,DOC,
06/17/2026,37670          ,1691,SMC SHIPPING AND LIGHTERAGE CORPORATION,SL MOLAVE,LOCAL  ,AMATA MARU,DAVAO,PETRON SASA,DOCKING,06/04/2026 15:00,06/04/2026 15:50,0.83 ,"57,899.50 ","57,899.50 ",,,       ,       ,,,,,,,,"57,899.50 ",,"57,899.50 ",,"57,899.50 ",,,,,,,,,,,,,0.83 ,,,,,,,,,,,,,,,,,,,,,,,,,,,,,,,,,,,,,,,,,,,,,,,,,,,,,,,,,,,,,,,,,,,,,,,,,,,,,,,,,,,,,,,,,,,,,,,,,,,,,"57,899.50 ",,,,,,,,,,,,,,,,,,,"57,899.50 ",,,,,,,,,,,,,,,,,,,,,,,,,,,,,,,,,,,,,,,,,,,,,,,,,,,,,,,,,,,,,,,,,,,,,,,,,,,,,,,,,,,,,,,,,,,DOC,
06/17/2026,37690          ,1807,SMC SHIPPING AND LIGHTERAGE CORPORATION,SL TINDALO,LOCAL  ,AMATA MARU,DAVAO,PETRON SASA,DOCKING,06/14/2026 18:00,06/14/2026 19:20,1.33 ,"63,192.27 ","63,192.27 ",,,       ,       ,,,,,,,,"63,192.27 ",,"63,192.27 ",,"63,192.27 ",,,,,,,,,,,,,1.33 ,,,,,,,,,,,,,,,,,,,,,,,,,,,,,,,,,,,,,,,,,,,,,,,,,,,,,,,,,,,,,,,,,,,,,,,,,,,,,,,,,,,,,,,,,,,,,,,,,,,,,"63,192.27 ",,,,,,,,,,,,,,,,,,,"63,192.27 ",,,,,,,,,,,,,,,,,,,,,,,,,,,,,,,,,,,,,,,,,,,,,,,,,,,,,,,,,,,,,,,,,,,,,,,,,,,,,,,,,,,,,,,,,,,DOC,
06/17/2026,37691          ,1807,SMC SHIPPING AND LIGHTERAGE CORPORATION,SL TINDALO,LOCAL  ,AMATA MARU,DAVAO,PETRON SASA,UNDOCKING,06/15/2026 03:30,06/15/2026 04:35,1.08 ,"60,712.52 ","60,712.52 ",,,       ,       ,,,,,,,,"60,712.52 ",,"60,712.52 ",,"60,712.52 ",,,,,,,,,,,,,1.08 ,,,,,,,,,,,,,,,,,,,,,,,,,,,,,,,,,,,,,,,,,,,,,,,,,,,,,,,,,,,,,,,,,,,,,,,,,,,,,,,,,,,,,,,,,,,,,,,,,,,,,"60,712.52 ",,,,,,,,,,,,,,,,,,,"60,712.52 ",,,,,,,,,,,,,,,,,,,,,,,,,,,,,,,,,,,,,,,,,,,,,,,,,,,,,,,,,,,,,,,,,,,,,,,,,,,,,,,,,,,,,,,,,,,DOC,
06/17/2026,37708          ,1691,SMC SHIPPING AND LIGHTERAGE CORPORATION,SL MOLAVE,LOCAL  ,CEBU STRAIT,DAVAO,PETRON SASA,UNDOCKING,06/05/2026 11:10,06/05/2026 12:00,0.83 ,"57,899.50 ","57,899.50 ",,,       ,       ,,,,,,,,"57,899.50 ",,"57,899.50 ",,,,"57,899.50 ",,,,,,,,,,,,,0.83 ,,,,,,,,,,,,,,,,,,,,,,,,,,,,,,,,,,,,,,,,,,,,,,,,,,,,,,,,,,,,,,,,,,,,,,,,,,,,,,,,,,,,,,,,,,,,,,,,,,,"57,899.50 ",,,,,,,,,,,,,,,,,,,"57,899.50 ",,,,,,,,,,,,,,,,,,,,,,,,,,,,,,,,,,,,,,,,,,,,,,,,,,,,,,,,,,,,,,,,,,,,,,,,,,,,,,,,,,,,,,,,,,,DOC,
06/18/2026,00044-A        ,1820,INSULAR OIL CORPORATION,MT CASANDRA,LOCAL  ,SUGBU 7,CEBU,SPEC PITALO,DOCKING,06/12/2026 15:32,06/12/2026 16:22,0.83 ,"94,919.00 ","94,919.00 ",,,       ,       ,,,,,,,,"94,919.00 ",,"94,919.00 ",,,,,,,,,,,,,"94,919.00 ",,,,,,,,,,,,,,,,,,,,,,,,,,,,,,,,,,,,,,,,,,,,,,,,,,,,,,,,,,,,,,,,,,,"94,919.00 ",,,,,,,,,,,,,,,,,,,,,,,,,,,,,,,,,,,,,,,,,,,,,,,,,,,,,,,"94,919.00 ",,,,,,,,,,,,,,,,,,,,,,,,,,,,,,,,,,,,,,,,,,,,,,,,,,,,,,,,,,,,,,,,,,,,,,,,,,,,,,,,,,,,,,,,,,,DOC,
06/18/2026,00047-A        ,1820,INSULAR OIL CORPORATION,MT CASANDRA,LOCAL  ,SUGBU 7,CEBU,SPEC PITALO,UNDOCKING,06/13/2026 10:01,06/13/2026 11:00,0.98 ,"94,919.00 ","94,919.00 ",,,       ,       ,,,,,,,,"94,919.00 ",,"94,919.00 ",,,,,,,,,,,,,"94,919.00 ",,,,,,,,,,,,,,,,,,,,,,,,,,,,,,,,,,,,,,,,,,,,,,,,,,,,,,,,,,,,,,,,,,,"94,919.00 ",,,,,,,,,,,,,,,,,,,,,,,,,,,,,,,,,,,,,,,,,,,,,,,,,,,,,,,"94,919.00 ",,,,,,,,,,,,,,,,,,,,,,,,,,,,,,,,,,,,,,,,,,,,,,,,,,,,,,,,,,,,,,,,,,,,,,,,,,,,,,,,,,,,,,,,,,,DOC,
06/18/2026,00185-A        ,1820,INSULAR OIL CORPORATION,MT CASANDRA,LOCAL  ,MT SUGBU 5,CEBU,SPEC PITALO,DOCKING,06/12/2026 15:32,06/12/2026 16:22,0.83 ,"94,919.00 ","94,919.00 ",,,       ,       ,,,,,,,,"94,919.00 ",,"94,919.00 ",,,,,,,,,,,,,"94,919.00 ",,,,,,,,,,,,,,,,,,,,,,,,,,,,,,,,,,,,,,,,,,,,,,,,,,,,,,,,,,,,,,,,,,,"94,919.00 ",,,,,,,,,,,,,,,,,,,,,,,,,,,,,,,,,,,,,,,,,,,,,,,,,,,,,,,"94,919.00 ",,,,,,,,,,,,,,,,,,,,,,,,,,,,,,,,,,,,,,,,,,,,,,,,,,,,,,,,,,,,,,,,,,,,,,,,,,,,,,,,,,,,,,,,,,,DOC,
06/18/2026,00187-A        ,1820,INSULAR OIL CORPORATION,MT CASANDRA,LOCAL  ,MT SUGBU 5,CEBU,SPEC PITALO,UNDOCKING,06/13/2026 10:01,06/13/2026 11:00,0.98 ,"94,919.00 ","94,919.00 ",,,       ,       ,,,,,,,,"94,919.00 ",,"94,919.00 ",,,,,,,,,,,,,"94,919.00 ",,,,,,,,,,,,,,,,,,,,,,,,,,,,,,,,,,,,,,,,,,,,,,,,,,,,,,,,,,,,,,,,,,,"94,919.00 ",,,,,,,,,,,,,,,,,,,,,,,,,,,,,,,,,,,,,,,,,,,,,,,,,,,,,,,"94,919.00 ",,,,,,,,,,,,,,,,,,,,,,,,,,,,,,,,,,,,,,,,,,,,,,,,,,,,,,,,,,,,,,,,,,,,,,,,,,,,,,,,,,,,,,,,,,,DOC,
06/18/2026,00227-A        ,1813,INSULAR OIL CORPORATION,MT ALICE DL,LOCAL  ,TUG 5,CEBU,SPEC PITALO,DOCKING,06/08/2026 07:30,06/08/2026 08:10,0.67 ,"92,899.50 ","92,899.50 ",,,       ,       ,,,,,,,,"92,899.50 ",,"92,899.50 ",,,,,,,,,,,,,"92,899.50 ",,,,,,,,,,,,,,,,,,,,,,,,,,,,,,,,,,,,,,,,,,,,,,,,,,,,,,,,,,,,,,,,,,,"92,899.50 ",,,,,,,,,,,,,,,,,,,,,,,,,,,,,,,,,,,,,,,,,,,,,,,,,,,,,,,"92,899.50 ",,,,,,,,,,,,,,,,,,,,,,,,,,,,,,,,,,,,,,,,,,,,,,,,,,,,,,,,,,,,,,,,,,,,,,,,,,,,,,,,,,,,,,,,,,,DOC,
06/18/2026,00229-A        ,1813,INSULAR OIL CORPORATION,MT ALICE DL,LOCAL  ,TUG 5,CEBU,SPEC PITALO,UNDOCKING,06/09/2026 09:00,06/09/2026 09:32,0.53 ,"94,919.00 ","94,919.00 ",,,       ,       ,,,,,,,,"94,919.00 ",,"94,919.00 ",,,,,,,,,,,,,"94,919.00 ",,,,,,,,,,,,,,,,,,,,,,,,,,,,,,,,,,,,,,,,,,,,,,,,,,,,,,,,,,,,,,,,,,,"94,919.00 ",,,,,,,,,,,,,,,,,,,,,,,,,,,,,,,,,,,,,,,,,,,,,,,,,,,,,,,"94,919.00 ",,,,,,,,,,,,,,,,,,,,,,,,,,,,,,,,,,,,,,,,,,,,,,,,,,,,,,,,,,,,,,,,,,,,,,,,,,,,,,,,,,,,,,,,,,,DOC,
06/18/2026,00615-A        ,1813,INSULAR OIL CORPORATION,MT ALICE DL,LOCAL  ,MT MICO,CEBU,SPEC PITALO,DOCKING,06/08/2026 07:30,06/08/2026 08:10,0.67 ,"92,899.50 ","92,899.50 ",,,       ,       ,,,,,,,,"92,899.50 ",,"92,899.50 ",,,,,,,,,,,,,"92,899.50 ",,,,,,,,,,,,,,,,,,,,,,,,,,,,,,,,,,,,,,,,,,,,,,,,,,,,,,,,,,,,,,,,,,,"92,899.50 ",,,,,,,,,,,,,,,,,,,,,,,,,,,,,,,,,,,,,,,,,,,,,,,,,,,,,,,"92,899.50 ",,,,,,,,,,,,,,,,,,,,,,,,,,,,,,,,,,,,,,,,,,,,,,,,,,,,,,,,,,,,,,,,,,,,,,,,,,,,,,,,,,,,,,,,,,,DOC,
06/18/2026,00619-A        ,1813,INSULAR OIL CORPORATION,MT ALICE DL,LOCAL  ,MT MICO,CEBU,SPEC PITALO,UNDOCKING,06/09/2026 09:00,06/09/2026 09:32,0.53 ,"94,919.00 ","94,919.00 ",,,       ,       ,,,,,,,,"94,919.00 ",,"94,919.00 ",,,,,,,,,,,,,"94,919.00 ",,,,,,,,,,,,,,,,,,,,,,,,,,,,,,,,,,,,,,,,,,,,,,,,,,,,,,,,,,,,,,,,,,,"94,919.00 ",,,,,,,,,,,,,,,,,,,,,,,,,,,,,,,,,,,,,,,,,,,,,,,,,,,,,,,"94,919.00 ",,,,,,,,,,,,,,,,,,,,,,,,,,,,,,,,,,,,,,,,,,,,,,,,,,,,,,,,,,,,,,,,,,,,,,,,,,,,,,,,,,,,,,,,,,,DOC,
06/18/2026,26-0335M       ,1812,VIA MARINE CORPORATION,MT VERONICA 2,LOCAL  ,BATANGAS MOORING BOAT,BATANGAS,CHEVRON,MOORING,06/11/2026 12:40,06/11/2026 14:50,2.17 ,"8,960.00 ","8,960.00 ",,,       ,       ,,,,,,,,"8,960.00 ",,"8,960.00 ",,,,,,,,,,,,,"8,960.00 ",,,,,,,,,,,,,,,,,,,,,,,,,,,,,,,,,,,,,,,,,,,,,,,,,,,,,,,,,,,,,,,,,,,,,,,,,,,,,,,,,,,,,,,,,,,,,,,,,,,,,,,,,,,,,,,,,,"8,960.00 ",,,,,,,,"8,960.00 ",,,,,,,,,,,,,,,,,,,,,,,,,,,,,,,,,,,,,,,,,,,,,,,,,,,,,,,,,,,,,,,,,,,,,,,,,,,,,,,,,,,,,,,,,,,DOC,
06/18/2026,26-0335U       ,1812,VIA MARINE CORPORATION,MT VERONICA 2,LOCAL  ,BATANGAS MOORING BOAT,BATANGAS,CHEVRON,UNMOORING,06/12/2026 20:10,06/12/2026 21:15,1.08 ,"8,960.00 ","8,960.00 ",,,       ,       ,,,,,,,,"8,960.00 ",,"8,960.00 ",,,,,,,,,,,,,"8,960.00 ",,,,,,,,,,,,,,,,,,,,,,,,,,,,,,,,,,,,,,,,,,,,,,,,,,,,,,,,,,,,,,,,,,,,,,,,,,,,,,,,,,,,,,,,,,,,,,,,,,,,,,,,,,,,,,,,,,"8,960.00 ",,,,,,,,"8,960.00 ",,,,,,,,,,,,,,,,,,,,,,,,,,,,,,,,,,,,,,,,,,,,,,,,,,,,,,,,,,,,,,,,,,,,,,,,,,,,,,,,,,,,,,,,,,,DOC,
06/18/2026,35412-A        ,1814,INSULAR OIL CORPORATION,MT BULUSAN,LOCAL  ,FORTIS I,BATANGAS,SINISIAN LEMERY BATANGAS PORT,DOCKING,06/11/2026 05:10,06/11/2026 07:05,1.92 ,"116,878.50 ","116,878.50 ",,,       ,       ,,,,,,,,"116,878.50 ",,"116,878.50 ",,,,,,,,,,,,,"116,878.50 ",,,,,,,,,,,,,,,,,,,,,,,,,,,,,,,,,,,,,,,,,,,,,,,,,,,,,,,,,,,,,,,,,,,"116,878.50 ",,,,,,,,,,,,,,,,,,,,,,,,,,,,,,,,,,,,,,,,,,,,,,,,,,,,,,,"116,878.50 ",,,,,,,,,,,,,,,,,,,,,,,,,,,,,,,,,,,,,,,,,,,,,,,,,,,,,,,,,,,,,,,,,,,,,,,,,,,,,,,,,,,,,,,,,,,DOC,
06/18/2026,35413-A        ,1814,INSULAR OIL CORPORATION,MT BULUSAN,LOCAL  ,FORTIS III,BATANGAS,SINISIAN LEMERY BATANGAS PORT,DOCKING,06/11/2026 05:10,06/11/2026 06:50,1.67 ,"116,878.50 ","116,878.50 ",,,       ,       ,,,,,,,,"116,878.50 ",,"116,878.50 ",,,,,,,,,,,,,"116,878.50 ",,,,,,,,,,,,,,,,,,,,,,,,,,,,,,,,,,,,,,,,,,,,,,,,,,,,,,,,,,,,,,,,,,,"116,878.50 ",,,,,,,,,,,,,,,,,,,,,,,,,,,,,,,,,,,,,,,,,,,,,,,,,,,,,,,"116,878.50 ",,,,,,,,,,,,,,,,,,,,,,,,,,,,,,,,,,,,,,,,,,,,,,,,,,,,,,,,,,,,,,,,,,,,,,,,,,,,,,,,,,,,,,,,,,,DOC,
06/18/2026,35416-A        ,1818,INSULAR OIL CORPORATION,MT CHELSEA ENDURANCE,LOCAL  ,FORTIS XV,BATANGAS,SINISIAN LEMERY BATANGAS PORT,UNDOCKING,06/09/2026 22:10,06/09/2026 23:30,1.33 ,"115,192.27 ","115,192.27 ",,,       ,       ,,,,,,,,"115,192.27 ",,"115,192.27 ",,,,,,,,,,,,,"115,192.27 ",,,,,,,,,,,,,,,,,,,,,,,,,,,,,,,,,,,,,,,,,,,,,,,,,,,,,,,,,,,,,,,,,,,"115,192.27 ",,,,,,,,,,,,,,,,,,,,,,,,,,,,,,,,,,,,,,,,,,,,,,,,,,,,,,,"115,192.27 ",,,,,,,,,,,,,,,,,,,,,,,,,,,,,,,,,,,,,,,,,,,,,,,,,,,,,,,,,,,,,,,,,,,,,,,,,,,,,,,,,,,,,,,,,,,DOC,
06/18/2026,35419-A        ,1818,INSULAR OIL CORPORATION,MT CHELSEA ENDURANCE,LOCAL  ,FORTIS III,BATANGAS,SINISIAN LEMERY BATANGAS PORT,DOCKING,06/06/2026 13:30,06/06/2026 14:35,1.08 ,"110,531.46 ","110,531.46 ",,,       ,       ,,,,,,,,"110,531.46 ",,"110,531.46 ",,,,,,,,,,,,,"110,531.46 ",,,,,,,,,,,,,,,,,,,,,,,,,,,,,,,,,,,,,,,,,,,,,,,,,,,,,,,,,,,,,,,,,,,"110,531.46 ",,,,,,,,,,,,,,,,,,,,,,,,,,,,,,,,,,,,,,,,,,,,,,,,,,,,,,,"110,531.46 ",,,,,,,,,,,,,,,,,,,,,,,,,,,,,,,,,,,,,,,,,,,,,,,,,,,,,,,,,,,,,,,,,,,,,,,,,,,,,,,,,,,,,,,,,,,DOC,
06/18/2026,35420-A        ,1818,INSULAR OIL CORPORATION,MT CHELSEA ENDURANCE,LOCAL  ,FORTIS I,BATANGAS,SINISIAN LEMERY BATANGAS PORT,DOCKING,06/06/2026 12:20,06/06/2026 14:50,2.50 ,"121,748.75 ","121,748.75 ",,,       ,       ,,,,,,,,"121,748.75 ",,"121,748.75 ",,,,,,,,,,,,,"121,748.75 ",,,,,,,,,,,,,,,,,,,,,,,,,,,,,,,,,,,,,,,,,,,,,,,,,,,,,,,,,,,,,,,,,,,"121,748.75 ",,,,,,,,,,,,,,,,,,,,,,,,,,,,,,,,,,,,,,,,,,,,,,,,,,,,,,,"121,748.75 ",,,,,,,,,,,,,,,,,,,,,,,,,,,,,,,,,,,,,,,,,,,,,,,,,,,,,,,,,,,,,,,,,,,,,,,,,,,,,,,,,,,,,,,,,,,DOC,
06/18/2026,35448-A        ,1815,INSULAR OIL CORPORATION,MT BULUSAN II,LOCAL  ,FORTIS III,BATANGAS,SINISIAN LEMERY BATANGAS PORT,DOCKING,06/05/2026 17:00,06/05/2026 18:30,1.50 ,"113,849.25 ","113,849.25 ",,,       ,       ,,,,,,,,"113,849.25 ",,"113,849.25 ",,,,,,,,,,,,,"113,849.25 ",,,,,,,,,,,,,,,,,,,,,,,,,,,,,,,,,,,,,,,,,,,,,,,,,,,,,,,,,,,,,,,,,,,"113,849.25 ",,,,,,,,,,,,,,,,,,,,,,,,,,,,,,,,,,,,,,,,,,,,,,,,,,,,,,,"113,849.25 ",,,,,,,,,,,,,,,,,,,,,,,,,,,,,,,,,,,,,,,,,,,,,,,,,,,,,,,,,,,,,,,,,,,,,,,,,,,,,,,,,,,,,,,,,,,DOC,
06/18/2026,35449-A        ,1815,INSULAR OIL CORPORATION,MT BULUSAN II,LOCAL  ,FORTIS III,BATANGAS,SINISIAN LEMERY BATANGAS PORT,UNDOCKING,06/06/2026 12:20,06/06/2026 13:30,1.17 ,"113,849.25 ","113,849.25 ",,,       ,       ,,,,,,,,"113,849.25 ",,"113,849.25 ",,,,,,,,,,,,,"113,849.25 ",,,,,,,,,,,,,,,,,,,,,,,,,,,,,,,,,,,,,,,,,,,,,,,,,,,,,,,,,,,,,,,,,,,"113,849.25 ",,,,,,,,,,,,,,,,,,,,,,,,,,,,,,,,,,,,,,,,,,,,,,,,,,,,,,,"113,849.25 ",,,,,,,,,,,,,,,,,,,,,,,,,,,,,,,,,,,,,,,,,,,,,,,,,,,,,,,,,,,,,,,,,,,,,,,,,,,,,,,,,,,,,,,,,,,DOC,
06/18/2026,35450-A        ,1814,INSULAR OIL CORPORATION,MT BULUSAN,LOCAL  ,FORTIS III,BATANGAS,SINISIAN LEMERY BATANGAS PORT,UNDOCKING,06/11/2026 22:30,06/11/2026 23:50,1.33 ,"116,878.50 ","116,878.50 ",,,       ,       ,,,,,,,,"116,878.50 ",,"116,878.50 ",,,,,,,,,,,,,"116,878.50 ",,,,,,,,,,,,,,,,,,,,,,,,,,,,,,,,,,,,,,,,,,,,,,,,,,,,,,,,,,,,,,,,,,,"116,878.50 ",,,,,,,,,,,,,,,,,,,,,,,,,,,,,,,,,,,,,,,,,,,,,,,,,,,,,,,"116,878.50 ",,,,,,,,,,,,,,,,,,,,,,,,,,,,,,,,,,,,,,,,,,,,,,,,,,,,,,,,,,,,,,,,,,,,,,,,,,,,,,,,,,,,,,,,,,,DOC,
06/18/2026,35453          ,1812,VIA MARINE CORPORATION,MT VERONICA 2,LOCAL  ,PANAY GULF,BATANGAS,CHEVRON,DOCKING,06/11/2026 12:40,06/11/2026 14:50,2.17 ,"159,358.90 ","159,358.90 ",,,       ,       ,,,,,,,,"159,358.90 ",,"159,358.90 ",,,,,,,,,"159,358.90 ",,,,,,,,,,,,,2.17 ,,,,,,,,,,,,,,,,,,,,,,,,,,,,,,,,,,,,,,,,,,,,,,,,,,,,,,,,,,,,,,,,,,,,,,,,,,,,,,,,,,,,,,,,,,,,,,,,,,,,,,,,,"159,358.90 ",,,,,,,,"159,358.90 ",,,,,,,,,,,,,,,,,,,,,,,,,,,,,,,,,,,,,,,,,,,,,,,,,,,,,,,,,,,,,,,,,,,,,,,,,,,,,,,,,,,,,,,,,,,DOC,
06/18/2026,35455          ,1812,VIA MARINE CORPORATION,MT VERONICA 2,LOCAL  ,PANAY GULF,BATANGAS,CHEVRON,UNDOCKING,06/12/2026 20:10,06/12/2026 21:15,1.08 ,"79,312.26 ","79,312.26 ",,,       ,       ,,,,,,,,"79,312.26 ",,"79,312.26 ",,,,,,,,,"79,312.26 ",,,,,,,,,,,,,1.08 ,,,,,,,,,,,,,,,,,,,,,,,,,,,,,,,,,,,,,,,,,,,,,,,,,,,,,,,,,,,,,,,,,,,,,,,,,,,,,,,,,,,,,,,,,,,,,,,,,,,,,,,,,"79,312.26 ",,,,,,,,"79,312.26 ",,,,,,,,,,,,,,,,,,,,,,,,,,,,,,,,,,,,,,,,,,,,,,,,,,,,,,,,,,,,,,,,,,,,,,,,,,,,,,,,,,,,,,,,,,,DOC,
06/18/2026,35460          ,,VIA MARINE CORPORATION,MT VERONICA 2,LOCAL  ,PANAY GULF,BATANGAS,CHEVRON,UNDOCKING,06/18/2026 13:55,06/18/2026 15:20,1.42 ,,,,,       ,       ,,,,,,,,,,,,,,,,,,,,,,,,,,,,,,,,1.42 ,,,,,,,,,,,,,,,,,,,,,,,,,,,,,,,,,,,,,,,,,,,,,,,,,,,,,,,,,,,,,,,,,,,,,,,,,,,,,,,,,,,,,,,,,,,,,,,,,,,,,,,,,,,,,,,,,,,,,,,,,,,,,,,,,,,,,,,,,,,,,,,,,,,,,,,,,,,,,,,,,,,,,,,,,,,,,,,,,,,,,,,,,,,,,,,,,,,,,,,,,,,,,
06/18/2026,35529          ,1782,INSULAR OIL CORPORATION,MT BULUSAN II,LOCAL  ,PANAY GULF,BATANGAS,SINISIAN LEMERY BATANGAS PORT,UNDOCKING,05/16/2026 14:00,05/16/2026 15:00,1.00 ,"116,201.25 ","116,201.25 ",,,       ,       ,,,,,,,,"116,201.25 ",,"116,201.25 ",,,,,,,,,"116,201.25 ",,,,,,,,,,,,,1.00 ,,,,,,,,,,,,,,,,,,,,,,,,,,,,,,,,,,,,,,,,,,,,,,,,,,,,,,,,,,"116,201.25 ",,,,,,,,,,,,,,,,,,,,,,,,,,,,,,,,,,,,,,,,,,,,,,,,,,,,,,,"116,201.25 ",,,,,,,,,,,,,,,,,,,,,,,,,,,,,,,,,,,,,,,,,,,,,,,,,,,,,,,,,,,,,,,,,,,,,,,,,,,,,,,,,,,,,,,,,,,DOC,
06/18/2026,36833          ,1819,INSULAR OIL CORPORATION,MT CHELSEA ENDURANCE,LOCAL  ,HOKUTO,LEYTE,VISPET,DOCKING,06/15/2026 10:20,06/15/2026 11:50,1.50 ,"59,878.50 ","59,878.50 ",,,       ,       ,,,,,,,,"59,878.50 ",,"59,878.50 ",,,,,,"59,878.50 ",,,,,,,,,,,,,1.50 ,,,,,,,,,,,,,,,,,,,,,,,,,,,,,,,,,,,,,,,,,,,,,,,,,,,,,,,,,,,,,"59,878.50 ",,,,,,,,,,,,,,,,,,,,,,,,,,,,,,,,,,,,,,,,,,,,,,,,,,,,,,,"59,878.50 ",,,,,,,,,,,,,,,,,,,,,,,,,,,,,,,,,,,,,,,,,,,,,,,,,,,,,,,,,,,,,,,,,,,,,,,,,,,,,,,,,,,,,,,,,,,DOC,
06/18/2026,36834          ,1819,INSULAR OIL CORPORATION,MT CHELSEA ENDURANCE,LOCAL  ,HOKUTO,LEYTE,VISPET,UNDOCKING,06/16/2026 09:40,06/16/2026 10:55,1.25 ,"55,775.63 ","55,775.63 ",,,       ,       ,,,,,,,,"55,775.63 ",,"55,775.63 ",,,,,,"55,775.63 ",,,,,,,,,,,,,1.25 ,,,,,,,,,,,,,,,,,,,,,,,,,,,,,,,,,,,,,,,,,,,,,,,,,,,,,,,,,,,,,"55,775.63 ",,,,,,,,,,,,,,,,,,,,,,,,,,,,,,,,,,,,,,,,,,,,,,,,,,,,,,,"55,775.63 ",,,,,,,,,,,,,,,,,,,,,,,,,,,,,,,,,,,,,,,,,,,,,,,,,,,,,,,,,,,,,,,,,,,,,,,,,,,,,,,,,,,,,,,,,,,DOC,
06/18/2026,37550          ,1816,INSULAR OIL CORPORATION,MT CASANDRA,LOCAL  ,ALLIE BRAVO,DAVAO,INSULAR OIL,DOCKING,06/07/2026 05:00,06/07/2026 05:50,0.83 ,"42,899.50 ","42,899.50 ",,,       ,       ,,,,,,,,"42,899.50 ",,"42,899.50 ","42,899.50 ",,,,,,,,,,,,,0.83 ,,,,,,,,,,,,,,,,,,,,,,,,,,,,,,,,,,,,,,,,,,,,,,,,,,,,,,,,,,,,,,,,,,"42,899.50 ",,,,,,,,,,,,,,,,,,,,,,,,,,,,,,,,,,,,,,,,,,,,,,,,,,,,,,,"42,899.50 ",,,,,,,,,,,,,,,,,,,,,,,,,,,,,,,,,,,,,,,,,,,,,,,,,,,,,,,,,,,,,,,,,,,,,,,,,,,,,,,,,,,,,,,,,,,DOC,
06/18/2026,37551          ,1816,INSULAR OIL CORPORATION,MT CASANDRA,LOCAL  ,ALLIE BRAVO,DAVAO,INSULAR OIL,UNDOCKING,06/07/2026 23:25,06/07/2026 23:55,0.50 ,"42,899.50 ","42,899.50 ",,,       ,       ,,,,,,,,"42,899.50 ",,"42,899.50 ","42,899.50 ",,,,,,,,,,,,,0.50 ,,,,,,,,,,,,,,,,,,,,,,,,,,,,,,,,,,,,,,,,,,,,,,,,,,,,,,,,,,,,,,,,,,"42,899.50 ",,,,,,,,,,,,,,,,,,,,,,,,,,,,,,,,,,,,,,,,,,,,,,,,,,,,,,,"42,899.50 ",,,,,,,,,,,,,,,,,,,,,,,,,,,,,,,,,,,,,,,,,,,,,,,,,,,,,,,,,,,,,,,,,,,,,,,,,,,,,,,,,,,,,,,,,,,DOC,
06/18/2026,37552          ,1817,INSULAR OIL CORPORATION,MT CASANDRA,LOCAL  ,ALLIE BRAVO,DAVAO,INSULAR OIL,DOCKING,06/09/2026 06:05,06/09/2026 06:55,0.83 ,"44,919.00 ","44,919.00 ",,,       ,       ,,,,,,,,"44,919.00 ",,"44,919.00 ","44,919.00 ",,,,,,,,,,,,,0.83 ,,,,,,,,,,,,,,,,,,,,,,,,,,,,,,,,,,,,,,,,,,,,,,,,,,,,,,,,,,,,,,,,,,"44,919.00 ",,,,,,,,,,,,,,,,,,,,,,,,,,,,,,,,,,,,,,,,,,,,,,,,,,,,,,,"44,919.00 ",,,,,,,,,,,,,,,,,,,,,,,,,,,,,,,,,,,,,,,,,,,,,,,,,,,,,,,,,,,,,,,,,,,,,,,,,,,,,,,,,,,,,,,,,,,DOC,
06/18/2026,37553          ,1817,INSULAR OIL CORPORATION,MT CASANDRA,LOCAL  ,ALLIE BRAVO,DAVAO,INSULAR OIL,UNDOCKING,06/10/2026 07:05,06/10/2026 07:50,0.75 ,"44,919.00 ","44,919.00 ",,,       ,       ,,,,,,,,"44,919.00 ",,"44,919.00 ","44,919.00 ",,,,,,,,,,,,,0.75 ,,,,,,,,,,,,,,,,,,,,,,,,,,,,,,,,,,,,,,,,,,,,,,,,,,,,,,,,,,,,,,,,,,"44,919.00 ",,,,,,,,,,,,,,,,,,,,,,,,,,,,,,,,,,,,,,,,,,,,,,,,,,,,,,,"44,919.00 ",,,,,,,,,,,,,,,,,,,,,,,,,,,,,,,,,,,,,,,,,,,,,,,,,,,,,,,,,,,,,,,,,,,,,,,,,,,,,,,,,,,,,,,,,,,DOC,
06/18/2026,37675          ,1816,INSULAR OIL CORPORATION,MT CASANDRA,LOCAL  ,AMATA MARU,DAVAO,INSULAR OIL,DOCKING,06/07/2026 04:50,06/07/2026 05:40,0.83 ,"42,899.50 ","42,899.50 ",,,       ,       ,,,,,,,,"42,899.50 ",,"42,899.50 ",,"42,899.50 ",,,,,,,,,,,,,0.83 ,,,,,,,,,,,,,,,,,,,,,,,,,,,,,,,,,,,,,,,,,,,,,,,,,,,,,,,,,,,,,,,,,"42,899.50 ",,,,,,,,,,,,,,,,,,,,,,,,,,,,,,,,,,,,,,,,,,,,,,,,,,,,,,,"42,899.50 ",,,,,,,,,,,,,,,,,,,,,,,,,,,,,,,,,,,,,,,,,,,,,,,,,,,,,,,,,,,,,,,,,,,,,,,,,,,,,,,,,,,,,,,,,,,DOC,
06/18/2026,37676          ,1816,INSULAR OIL CORPORATION,MT CASANDRA,LOCAL  ,AMATA MARU,DAVAO,INSULAR OIL,UNDOCKING,06/07/2026 23:20,06/07/2026 23:55,0.58 ,"42,899.50 ","42,899.50 ",,,       ,       ,,,,,,,,"42,899.50 ",,"42,899.50 ",,"42,899.50 ",,,,,,,,,,,,,0.58 ,,,,,,,,,,,,,,,,,,,,,,,,,,,,,,,,,,,,,,,,,,,,,,,,,,,,,,,,,,,,,,,,,"42,899.50 ",,,,,,,,,,,,,,,,,,,,,,,,,,,,,,,,,,,,,,,,,,,,,,,,,,,,,,,"42,899.50 ",,,,,,,,,,,,,,,,,,,,,,,,,,,,,,,,,,,,,,,,,,,,,,,,,,,,,,,,,,,,,,,,,,,,,,,,,,,,,,,,,,,,,,,,,,,DOC,
06/18/2026,37712          ,1817,INSULAR OIL CORPORATION,MT CASANDRA,LOCAL  ,CEBU STRAIT,DAVAO,INSULAR OIL,DOCKING,06/09/2026 06:00,06/09/2026 07:00,1.00 ,"44,919.00 ","44,919.00 ",,,       ,       ,,,,,,,,"44,919.00 ",,"44,919.00 ",,,,"44,919.00 ",,,,,,,,,,,,,1.00 ,,,,,,,,,,,,,,,,,,,,,,,,,,,,,,,,,,,,,,,,,,,,,,,,,,,,,,,,,,,,,,,"44,919.00 ",,,,,,,,,,,,,,,,,,,,,,,,,,,,,,,,,,,,,,,,,,,,,,,,,,,,,,,"44,919.00 ",,,,,,,,,,,,,,,,,,,,,,,,,,,,,,,,,,,,,,,,,,,,,,,,,,,,,,,,,,,,,,,,,,,,,,,,,,,,,,,,,,,,,,,,,,,DOC,
06/18/2026,37713          ,1817,INSULAR OIL CORPORATION,MT CASANDRA,LOCAL  ,CEBU STRAIT,DAVAO,INSULAR OIL,UNDOCKING,06/10/2026 07:00,06/10/2026 08:00,1.00 ,"44,919.00 ","44,919.00 ",,,       ,       ,,,,,,,,"44,919.00 ",,"44,919.00 ",,,,"44,919.00 ",,,,,,,,,,,,,1.00 ,,,,,,,,,,,,,,,,,,,,,,,,,,,,,,,,,,,,,,,,,,,,,,,,,,,,,,,,,,,,,,,"44,919.00 ",,,,,,,,,,,,,,,,,,,,,,,,,,,,,,,,,,,,,,,,,,,,,,,,,,,,,,,"44,919.00 ",,,,,,,,,,,,,,,,,,,,,,,,,,,,,,,,,,,,,,,,,,,,,,,,,,,,,,,,,,,,,,,,,,,,,,,,,,,,,,,,,,,,,,,,,,,DOC,
06/18/2026,6974M          ,1813,INSULAR OIL CORPORATION,MT ALICE DL,LOCAL  ,CEBU MOORING BOAT,CEBU,SPEC PITALO,MOORING,06/08/2026 08:00,06/09/2026 09:00,25.00 ,"16,800.00 ","16,800.00 ",,,       ,       ,,,,,,,,"16,800.00 ",,"16,800.00 ",,,,,,,,,,,,,"16,800.00 ",,,,,,,,,,,,,,,,,,,,,,,,,,,,,,,,,,,,,,,,,,,,,,,,,,,,,,,,,,,,,,,,,,,"16,800.00 ",,,,,,,,,,,,,,,,,,,,,,,,,,,,,,,,,,,,,,,,,,,,,,,,,,,,,,,"16,800.00 ",,,,,,,,,,,,,,,,,,,,,,,,,,,,,,,,,,,,,,,,,,,,,,,,,,,,,,,,,,,,,,,,,,,,,,,,,,,,,,,,,,,,,,,,,,,DOC,
06/18/2026,6975U          ,1813,INSULAR OIL CORPORATION,MT ALICE DL,LOCAL  ,CEBU MOORING BOAT,CEBU,SPEC PITALO,UNMOORING,06/08/2026 08:00,06/09/2026 09:00,25.00 ,"16,800.00 ","16,800.00 ",,,       ,       ,,,,,,,,"16,800.00 ",,"16,800.00 ",,,,,,,,,,,,,"16,800.00 ",,,,,,,,,,,,,,,,,,,,,,,,,,,,,,,,,,,,,,,,,,,,,,,,,,,,,,,,,,,,,,,,,,,"16,800.00 ",,,,,,,,,,,,,,,,,,,,,,,,,,,,,,,,,,,,,,,,,,,,,,,,,,,,,,,"16,800.00 ",,,,,,,,,,,,,,,,,,,,,,,,,,,,,,,,,,,,,,,,,,,,,,,,,,,,,,,,,,,,,,,,,,,,,,,,,,,,,,,,,,,,,,,,,,,DOC,
06/18/2026,6979M          ,1820,INSULAR OIL CORPORATION,MT CASANDRA,LOCAL  ,CEBU MOORING BOAT,CEBU,SPEC PITALO,MOORING,06/12/2026 16:10,06/13/2026 10:40,18.50 ,"16,800.00 ","16,800.00 ",,,       ,       ,,,,,,,,"16,800.00 ",,"16,800.00 ",,,,,,,,,,,,,"16,800.00 ",,,,,,,,,,,,,,,,,,,,,,,,,,,,,,,,,,,,,,,,,,,,,,,,,,,,,,,,,,,,,,,,,,,"16,800.00 ",,,,,,,,,,,,,,,,,,,,,,,,,,,,,,,,,,,,,,,,,,,,,,,,,,,,,,,"16,800.00 ",,,,,,,,,,,,,,,,,,,,,,,,,,,,,,,,,,,,,,,,,,,,,,,,,,,,,,,,,,,,,,,,,,,,,,,,,,,,,,,,,,,,,,,,,,,DOC,
06/18/2026,6980U          ,1820,INSULAR OIL CORPORATION,MT CASANDRA,LOCAL  ,CEBU MOORING BOAT,CEBU,SPEC PITALO,UNMOORING,06/12/2026 16:10,06/13/2026 10:40,18.50 ,"16,800.00 ","16,800.00 ",,,       ,       ,,,,,,,,"16,800.00 ",,"16,800.00 ",,,,,,,,,,,,,"16,800.00 ",,,,,,,,,,,,,,,,,,,,,,,,,,,,,,,,,,,,,,,,,,,,,,,,,,,,,,,,,,,,,,,,,,,"16,800.00 ",,,,,,,,,,,,,,,,,,,,,,,,,,,,,,,,,,,,,,,,,,,,,,,,,,,,,,,"16,800.00 ",,,,,,,,,,,,,,,,,,,,,,,,,,,,,,,,,,,,,,,,,,,,,,,,,,,,,,,,,,,,,,,,,,,,,,,,,,,,,,,,,,,,,,,,,,,DOC,
06/19/2026,26-0339M       ,,SITE RESOURCES DEVELOPMENT CORPORATION,MT PANGLAO ISLAND,LOCAL  ,BATANGAS MOORING BOAT,BATANGAS,SRDC,MOORING,06/19/2026 16:18,06/19/2026 18:05,1.78 ,,,,,       ,       ,,,,,,,,,,,,,,,,,,,,,,,,,,,,,,,,,,,,,,,,,,,,,,,,,,,,,,,,,,,,,,,,,,,,,,,,,,,,,,,,,,,,,,,,,,,,,,,,,,,,,,,,,,,,,,,,,,,,,,,,,,,,,,,,,,,,,,,,,,,,,,,,,,,,,,,,,,,,,,,,,,,,,,,,,,,,,,,,,,,,,,,,,,,,,,,,,,,,,,,,,,,,,,,,,,,,,,,,,,,,,,,,,,,,,,,,,,,,,
06/19/2026,35462          ,,SITE RESOURCES DEVELOPMENT CORPORATION,MT PANGLAO ISLAND,LOCAL  ,PANAY GULF,BATANGAS,SRDC,DOCKING,06/19/2026 16:15,06/19/2026 18:05,1.83 ,,,,,       ,       ,,,,,,,,,,,,,,,,,,,,,,,,,,,,,,,,1.83 ,,,,,,,,,,,,,,,,,,,,,,,,,,,,,,,,,,,,,,,,,,,,,,,,,,,,,,,,,,,,,,,,,,,,,,,,,,,,,,,,,,,,,,,,,,,,,,,,,,,,,,,,,,,,,,,,,,,,,,,,,,,,,,,,,,,,,,,,,,,,,,,,,,,,,,,,,,,,,,,,,,,,,,,,,,,,,,,,,,,,,,,,,,,,,,,,,,,,,,,,,,,,,
06/19/2026,35852          ,,SITE RESOURCES DEVELOPMENT CORPORATION,MT PANGLAO ISLAND,LOCAL  ,PALDO,BATANGAS,SRDC,DOCKING,06/19/2026 16:30,06/19/2026 17:40,1.17 ,,,,,       ,       ,,,,,,,,,,,,,,,,,,,,,,,,,,,,,,,1.17 ,,,,,,,,,,,,,,,,,,,,,,,,,,,,,,,,,,,,,,,,,,,,,,,,,,,,,,,,,,,,,,,,,,,,,,,,,,,,,,,,,,,,,,,,,,,,,,,,,,,,,,,,,,,,,,,,,,,,,,,,,,,,,,,,,,,,,,,,,,,,,,,,,,,,,,,,,,,,,,,,,,,,,,,,,,,,,,,,,,,,,,,,,,,,,,,,,,,,,,,,,,,,,,
06/19/2026,37677          ,B000598,"MAR-SHIPS AGENCY, INC.",MT VELA,FOREIGN,AMATA MARU,DAVAO,KTC,UNDOCKING,06/10/2026 06:55,06/10/2026 08:50,1.92 ,"76,688.20 ","76,688.20 ",,,       ,       ,,,,,,,,"76,688.20 ",,"76,688.20 ",,"76,688.20 ",,,,,,,,,,,,,1.92 ,,,,,,,,,,,,,,,,,,,,,,,,,,,,,,,,,,,,,,,,,,,,,,,,,,,,,,,,,,,,,,,,,,,,,,,"76,688.20 ",,,,,,,,,,,,,,,,,,,,,,,,,,,,,,,,,,,,,,,,,,,,,,,,,"76,688.20 ",,,,,,,,,,,,,,,,,,,,,,,,,,,,,,,,,,,,,,,,,,,,,,,,,,,,,,,,,,,,,,,,,,,,,,,,,,,,,,,,,,,,,,,,,,,UNDOC,
06/19/2026,37678          ,B000598,"MAR-SHIPS AGENCY, INC.",MT VELA,FOREIGN,AMATA MARU,DAVAO,KTC,DOCKING,06/09/2026 01:55,06/09/2026 06:25,4.50 ,"76,688.20 ","76,688.20 ",,,       ,       ,,,,,,,,"76,688.20 ",,"76,688.20 ",,"76,688.20 ",,,,,,,,,,,,,4.50 ,,,,,,,,,,,,,,,,,,,,,,,,,,,,,,,,,,,,,,,,,,,,,,,,,,,,,,,,,,,,,,,,,,,,,,,"76,688.20 ",,,,,,,,,,,,,,,,,,,,,,,,,,,,,,,,,,,,,,,,,,,,,,,,,"76,688.20 ",,,,,,,,,,,,,,,,,,,,,,,,,,,,,,,,,,,,,,,,,,,,,,,,,,,,,,,,,,,,,,,,,,,,,,,,,,,,,,,,,,,,,,,,,,,UNDOC,
06/19/2026,37679          ,B000599,"MAR-SHIPS AGENCY, INC.",MT VELA,FOREIGN,AMATA MARU,DAVAO,NEW DAVAO OIL MILL,DOCKING,06/10/2026 08:50,06/10/2026 11:25,2.58 ,"76,688.20 ","76,688.20 ",,,       ,       ,,,,,,,,"76,688.20 ",,"76,688.20 ",,"76,688.20 ",,,,,,,,,,,,,2.58 ,,,,,,,,,,,,,,,,,,,,,,,,,,,,,,,,,,,,,,,,,,,,,,,,,,,,,,,,,,,,,,,,,,,,,,,"76,688.20 ",,,,,,,,,,,,,,,,,,,,,,,,,,,,,,,,,,,,,,,,,,,,,,,,,"76,688.20 ",,,,,,,,,,,,,,,,,,,,,,,,,,,,,,,,,,,,,,,,,,,,,,,,,,,,,,,,,,,,,,,,,,,,,,,,,,,,,,,,,,,,,,,,,,,UNDOC,
06/19/2026,37680          ,B000599,"MAR-SHIPS AGENCY, INC.",MT VELA,FOREIGN,AMATA MARU,DAVAO,NEW DAVAO OIL MILL,UNDOCKING,06/11/2026 05:10,06/11/2026 06:45,1.58 ,"76,688.20 ","76,688.20 ",,,       ,       ,,,,,,,,"76,688.20 ",,"76,688.20 ",,"76,688.20 ",,,,,,,,,,,,,1.58 ,,,,,,,,,,,,,,,,,,,,,,,,,,,,,,,,,,,,,,,,,,,,,,,,,,,,,,,,,,,,,,,,,,,,,,,"76,688.20 ",,,,,,,,,,,,,,,,,,,,,,,,,,,,,,,,,,,,,,,,,,,,,,,,,"76,688.20 ",,,,,,,,,,,,,,,,,,,,,,,,,,,,,,,,,,,,,,,,,,,,,,,,,,,,,,,,,,,,,,,,,,,,,,,,,,,,,,,,,,,,,,,,,,,UNDOC,
06/19/2026,37751          ,B000598,"MAR-SHIPS AGENCY, INC.",MT VELA,FOREIGN,BOHOL SEA,DAVAO,KTC,DOCKING,06/09/2026 01:50,06/09/2026 06:30,4.67 ,"76,688.20 ","76,688.20 ",,,       ,       ,,,,,,,,"76,688.20 ",,"76,688.20 ",,,"76,688.20 ",,,,,,,,,,,,,4.67 ,,,,,,,,,,,,,,,,,,,,,,,,,,,,,,,,,,,,,,,,,,,,,,,,,,,,,,,,,,,,,,,,,,,,,,"76,688.20 ",,,,,,,,,,,,,,,,,,,,,,,,,,,,,,,,,,,,,,,,,,,,,,,,,"76,688.20 ",,,,,,,,,,,,,,,,,,,,,,,,,,,,,,,,,,,,,,,,,,,,,,,,,,,,,,,,,,,,,,,,,,,,,,,,,,,,,,,,,,,,,,,,,,,UNDOC,
06/19/2026,37752          ,B000598,"MAR-SHIPS AGENCY, INC.",MT VELA,FOREIGN,BOHOL SEA,DAVAO,KTC,UNDOCKING,06/10/2026 06:50,06/10/2026 09:00,2.17 ,"76,688.20 ","76,688.20 ",,,       ,       ,,,,,,,,"76,688.20 ",,"76,688.20 ",,,"76,688.20 ",,,,,,,,,,,,,2.17 ,,,,,,,,,,,,,,,,,,,,,,,,,,,,,,,,,,,,,,,,,,,,,,,,,,,,,,,,,,,,,,,,,,,,,,"76,688.20 ",,,,,,,,,,,,,,,,,,,,,,,,,,,,,,,,,,,,,,,,,,,,,,,,,"76,688.20 ",,,,,,,,,,,,,,,,,,,,,,,,,,,,,,,,,,,,,,,,,,,,,,,,,,,,,,,,,,,,,,,,,,,,,,,,,,,,,,,,,,,,,,,,,,,UNDOC,
06/19/2026,37754          ,B000599,"MAR-SHIPS AGENCY, INC.",MT VELA,FOREIGN,BOHOL SEA,DAVAO,NEW DAVAO OIL MILL,DOCKING,06/10/2026 09:00,06/10/2026 12:10,3.17 ,"76,688.20 ","76,688.20 ",,,       ,       ,,,,,,,,"76,688.20 ",,"76,688.20 ",,,"76,688.20 ",,,,,,,,,,,,,3.17 ,,,,,,,,,,,,,,,,,,,,,,,,,,,,,,,,,,,,,,,,,,,,,,,,,,,,,,,,,,,,,,,,,,,,,,"76,688.20 ",,,,,,,,,,,,,,,,,,,,,,,,,,,,,,,,,,,,,,,,,,,,,,,,,"76,688.20 ",,,,,,,,,,,,,,,,,,,,,,,,,,,,,,,,,,,,,,,,,,,,,,,,,,,,,,,,,,,,,,,,,,,,,,,,,,,,,,,,,,,,,,,,,,,UNDOC,
06/19/2026,37755          ,B000599,"MAR-SHIPS AGENCY, INC.",MT VELA,FOREIGN,BOHOL SEA,DAVAO,NEW DAVAO OIL MILL,UNDOCKING,06/11/2026 05:05,06/11/2026 06:40,1.58 ,"76,688.20 ","76,688.20 ",,,       ,       ,,,,,,,,"76,688.20 ",,"76,688.20 ",,,"76,688.20 ",,,,,,,,,,,,,1.58 ,,,,,,,,,,,,,,,,,,,,,,,,,,,,,,,,,,,,,,,,,,,,,,,,,,,,,,,,,,,,,,,,,,,,,,"76,688.20 ",,,,,,,,,,,,,,,,,,,,,,,,,,,,,,,,,,,,,,,,,,,,,,,,,"76,688.20 ",,,,,,,,,,,,,,,,,,,,,,,,,,,,,,,,,,,,,,,,,,,,,,,,,,,,,,,,,,,,,,,,,,,,,,,,,,,,,,,,,,,,,,,,,,,UNDOC,
06/20/2026,0006330- M     ,1826,INSULAR OIL CORPORATION,MT AVA,LOCAL  ,CAGAYAN DE ORO MOORING BOAT,CAGAYAN DE ORO,PETRO DE ORO CORP,MOORING,06/05/2026 08:50,06/05/2026 09:45,0.92 ,"12,500.00 ","12,500.00 ",,,       ,       ,,,,,,,,"12,500.00 ",,"12,500.00 ",,,,,,,,,,,,,"12,500.00 ",,,,,,,,,,,,,,,,,,,,,,,,,,,,,,,,,,,,,,,,,,,,,,,,,,,,,,,,,,,,,,,,,,,"12,500.00 ",,,,,,,,,,,,,,,,,,,,,,,,,,,,,,,,,,,,,,,,,,,,,,,,,,,,,,,"12,500.00 ",,,,,,,,,,,,,,,,,,,,,,,,,,,,,,,,,,,,,,,,,,,,,,,,,,,,,,,,,,,,,,,,,,,,,,,,,,,,,,,,,,,,,,,,,,,DOC,
06/20/2026,0006331- U     ,1826,INSULAR OIL CORPORATION,MT AVA,LOCAL  ,CAGAYAN DE ORO MOORING BOAT,CAGAYAN DE ORO,PETRO DE ORO CORP,UNMOORING,06/06/2026 08:50,06/06/2026 09:35,0.75 ,"12,500.00 ","12,500.00 ",,,       ,       ,,,,,,,,"12,500.00 ",,"12,500.00 ",,,,,,,,,,,,,"12,500.00 ",,,,,,,,,,,,,,,,,,,,,,,,,,,,,,,,,,,,,,,,,,,,,,,,,,,,,,,,,,,,,,,,,,,"12,500.00 ",,,,,,,,,,,,,,,,,,,,,,,,,,,,,,,,,,,,,,,,,,,,,,,,,,,,,,,"12,500.00 ",,,,,,,,,,,,,,,,,,,,,,,,,,,,,,,,,,,,,,,,,,,,,,,,,,,,,,,,,,,,,,,,,,,,,,,,,,,,,,,,,,,,,,,,,,,DOC,
06/20/2026,22316-A        ,1825,SITE RESOURCES DEVELOPMENT CORPORATION,MT PANGLAO ISLAND,LOCAL  ,PACIFICROSE 12,JIMENEZ,SRDC,DOCKING,03/18/2026 09:40,03/18/2026 11:20,1.67 ,"28,143.68 ","28,143.68 ",,,       ,       ,,,,,,,,"28,143.68 ",,"28,143.68 ",,,,,,,,,,,,,"28,143.68 ",,,,,,,,,,,,,,,,,,,,,,,,,,,,,,,,,,,,,,,,,,,,,,,,,,,,,,,,,,,,,,,,,,,,,,,,,,,,,,,,,,,,,,,,,,,,,,,,,,,,,,"28,143.68 ",,,,,,,,,,,,,,,,,,,,"28,143.68 ",,,,,,,,,,,,,,,,,,,,,,,,,,,,,,,,,,,,,,,,,,,,,,,,,,,,,,,,,,,,,,,,,,,,,,,,,,,,,,,,,,,,,,,,,,,DOC,
06/20/2026,26-0339U       ,,SITE RESOURCES DEVELOPMENT CORPORATION,MT PANGLAO ISLAND,LOCAL  ,BATANGAS MOORING BOAT,BATANGAS,SRDC,DOCKING,06/20/2026 21:32,06/20/2026 22:30,0.97 ,,,,,       ,       ,,,,,,,,,,,,,,,,,,,,,,,,,,,,,,,,,,,,,,,,,,,,,,,,,,,,,,,,,,,,,,,,,,,,,,,,,,,,,,,,,,,,,,,,,,,,,,,,,,,,,,,,,,,,,,,,,,,,,,,,,,,,,,,,,,,,,,,,,,,,,,,,,,,,,,,,,,,,,,,,,,,,,,,,,,,,,,,,,,,,,,,,,,,,,,,,,,,,,,,,,,,,,,,,,,,,,,,,,,,,,,,,,,,,,,,,,,,,,
06/20/2026,29933-A        ,1826,INSULAR OIL CORPORATION,MT AVA,LOCAL  ,PACIFICROSE 11,CAGAYAN DE ORO,PETRO DE ORO CORP,DOCKING,06/05/2026 08:50,06/05/2026 09:45,0.92 ,"70,005.00 ","70,005.00 ",,,       ,       ,,,,,,,,"70,005.00 ",,"70,005.00 ",,,,,,,,,,,,,"70,005.00 ",,,,,,,,,,,,,,,,,,,,,,,,,,,,,,,,,,,,,,,,,,,,,,,,,,,,,,,,,,,,,,,,,,,"70,005.00 ",,,,,,,,,,,,,,,,,,,,,,,,,,,,,,,,,,,,,,,,,,,,,,,,,,,,,,,"70,005.00 ",,,,,,,,,,,,,,,,,,,,,,,,,,,,,,,,,,,,,,,,,,,,,,,,,,,,,,,,,,,,,,,,,,,,,,,,,,,,,,,,,,,,,,,,,,,DOC,
06/20/2026,29934-A        ,1826,INSULAR OIL CORPORATION,MT AVA,LOCAL  ,PACIFICROSE 11,CAGAYAN DE ORO,PETRO DE ORO CORP,UNDOCKING,06/06/2026 08:50,06/06/2026 09:35,0.75 ,"70,005.00 ","70,005.00 ",,,       ,       ,,,,,,,,"70,005.00 ",,"70,005.00 ",,,,,,,,,,,,,"70,005.00 ",,,,,,,,,,,,,,,,,,,,,,,,,,,,,,,,,,,,,,,,,,,,,,,,,,,,,,,,,,,,,,,,,,,"70,005.00 ",,,,,,,,,,,,,,,,,,,,,,,,,,,,,,,,,,,,,,,,,,,,,,,,,,,,,,,"70,005.00 ",,,,,,,,,,,,,,,,,,,,,,,,,,,,,,,,,,,,,,,,,,,,,,,,,,,,,,,,,,,,,,,,,,,,,,,,,,,,,,,,,,,,,,,,,,,DOC,
06/20/2026,29974-A        ,1826,INSULAR OIL CORPORATION,MT AVA,LOCAL  ,PACIFIC ROSE 9,CAGAYAN DE ORO,PETRO DE ORO CORP,DOCKING,06/05/2026 08:50,06/05/2026 09:45,0.92 ,"70,005.00 ","70,005.00 ",,,       ,       ,,,,,,,,"70,005.00 ",,"70,005.00 ",,,,,,,,,,,,,"70,005.00 ",,,,,,,,,,,,,,,,,,,,,,,,,,,,,,,,,,,,,,,,,,,,,,,,,,,,,,,,,,,,,,,,,,,"70,005.00 ",,,,,,,,,,,,,,,,,,,,,,,,,,,,,,,,,,,,,,,,,,,,,,,,,,,,,,,"70,005.00 ",,,,,,,,,,,,,,,,,,,,,,,,,,,,,,,,,,,,,,,,,,,,,,,,,,,,,,,,,,,,,,,,,,,,,,,,,,,,,,,,,,,,,,,,,,,DOC,
06/20/2026,34547-A        ,1822,SITE RESOURCES DEVELOPMENT CORPORATION,MT MARINGAL,LOCAL  ,MT GENARA-1,CEBU,SRDC LAPU LAPU,DOCKING,03/20/2026 19:30,03/20/2026 20:45,1.25 ,"21,065.63 ","21,065.63 ",,,       ,       ,,,,,,,,"21,065.63 ",,"21,065.63 ",,,,,,,,,,,,,"21,065.63 ",,,,,,,,,,,,,,,,,,,,,,,,,,,,,,,,,,,,,,,,,,,,,,,,,,,,,,,,,,,,,,,,,,,,,,,,,,,,,,,,,,,,,,,,,,,,,,,,,,,,,,"21,065.63 ",,,,,,,,,,,,,,,,,,,,"21,065.63 ",,,,,,,,,,,,,,,,,,,,,,,,,,,,,,,,,,,,,,,,,,,,,,,,,,,,,,,,,,,,,,,,,,,,,,,,,,,,,,,,,,,,,,,,,,,DOC,
06/20/2026,34548-A        ,1822,SITE RESOURCES DEVELOPMENT CORPORATION,MT MARINGAL,LOCAL  ,SIDE ARM,CEBU,SRDC LAPU LAPU,DOCKING,03/20/2026 19:30,03/20/2026 20:45,1.25 ,"21,065.63 ","21,065.63 ",,,       ,       ,,,,,,,,"21,065.63 ",,"21,065.63 ",,,,,,,,,,,,,"21,065.63 ",,,,,,,,,,,,,,,,,,,,,,,,,,,,,,,,,,,,,,,,,,,,,,,,,,,,,,,,,,,,,,,,,,,,,,,,,,,,,,,,,,,,,,,,,,,,,,,,,,,,,,"21,065.63 ",,,,,,,,,,,,,,,,,,,,"21,065.63 ",,,,,,,,,,,,,,,,,,,,,,,,,,,,,,,,,,,,,,,,,,,,,,,,,,,,,,,,,,,,,,,,,,,,,,,,,,,,,,,,,,,,,,,,,,,DOC,
06/20/2026,34605-A-A      ,1822,SITE RESOURCES DEVELOPMENT CORPORATION,MT MARINGAL,LOCAL  ,SIDE ARM,CEBU,SRDC LAPU LAPU,UNDOCKING,03/21/2026 11:30,03/21/2026 12:30,1.00 ,"16,852.50 ","16,852.50 ",,,       ,       ,,,,,,,,"16,852.50 ",,"16,852.50 ",,,,,,,,,,,,,"16,852.50 ",,,,,,,,,,,,,,,,,,,,,,,,,,,,,,,,,,,,,,,,,,,,,,,,,,,,,,,,,,,,,,,,,,,,,,,,,,,,,,,,,,,,,,,,,,,,,,,,,,,,,,"16,852.50 ",,,,,,,,,,,,,,,,,,,,"16,852.50 ",,,,,,,,,,,,,,,,,,,,,,,,,,,,,,,,,,,,,,,,,,,,,,,,,,,,,,,,,,,,,,,,,,,,,,,,,,,,,,,,,,,,,,,,,,,DOC,
06/20/2026,34606-A-A      ,1822,SITE RESOURCES DEVELOPMENT CORPORATION,MT MARINGAL,LOCAL  ,SIDE ARM,CEBU,SRDC LAPU LAPU,UNDOCKING,03/21/2026 11:30,03/21/2026 12:30,1.00 ,"16,852.50 ","16,852.50 ",,,       ,       ,,,,,,,,"16,852.50 ",,"16,852.50 ",,,,,,,,,,,,,"16,852.50 ",,,,,,,,,,,,,,,,,,,,,,,,,,,,,,,,,,,,,,,,,,,,,,,,,,,,,,,,,,,,,,,,,,,,,,,,,,,,,,,,,,,,,,,,,,,,,,,,,,,,,,"16,852.50 ",,,,,,,,,,,,,,,,,,,,"16,852.50 ",,,,,,,,,,,,,,,,,,,,,,,,,,,,,,,,,,,,,,,,,,,,,,,,,,,,,,,,,,,,,,,,,,,,,,,,,,,,,,,,,,,,,,,,,,,DOC,
06/20/2026,35214-A        ,1821,SITE RESOURCES DEVELOPMENT CORPORATION,MT MARINGAL,LOCAL  ,PALDO,BATANGAS,SRDC,DOCKING,03/11/2026 00:55,03/11/2026 03:00,2.08 ,"17,654.00 ","17,654.00 ",,,       ,       ,,,,,,,,"17,654.00 ",,"17,654.00 ",,,,,,,,"17,654.00 ",,,,,,,,,,,,,2.08 ,,,,,,,,,,,,,,,,,,,,,,,,,,,,,,,,,,,,,,,,,,,,,,,,,,,,,,,,,,,,,,,,,,,,,,,,,,,,,,,,,,,,,,,,,,,,,,"17,654.00 ",,,,,,,,,,,,,,,,,,,,"17,654.00 ",,,,,,,,,,,,,,,,,,,,,,,,,,,,,,,,,,,,,,,,,,,,,,,,,,,,,,,,,,,,,,,,,,,,,,,,,,,,,,,,,,,,,,,,,,,DOC,
06/20/2026,35216-A        ,1821,SITE RESOURCES DEVELOPMENT CORPORATION,MT MARINGAL,LOCAL  ,PALDO,BATANGAS,SRDC,UNDOCKING,03/12/2026 03:25,03/12/2026 05:03,1.63 ,"13,834.63 ","13,834.63 ",,,       ,       ,,,,,,,,"13,834.63 ",,"13,834.63 ",,,,,,,,"13,834.63 ",,,,,,,,,,,,,1.63 ,,,,,,,,,,,,,,,,,,,,,,,,,,,,,,,,,,,,,,,,,,,,,,,,,,,,,,,,,,,,,,,,,,,,,,,,,,,,,,,,,,,,,,,,,,,,,,"13,834.63 ",,,,,,,,,,,,,,,,,,,,"13,834.63 ",,,,,,,,,,,,,,,,,,,,,,,,,,,,,,,,,,,,,,,,,,,,,,,,,,,,,,,,,,,,,,,,,,,,,,,,,,,,,,,,,,,,,,,,,,,DOC,
06/20/2026,35217-A        ,1824,SITE RESOURCES DEVELOPMENT CORPORATION,MT PANGLAO ISLAND,LOCAL  ,PALDO,BATANGAS,SRDC,DOCKING,03/15/2026 20:10,03/15/2026 22:25,2.25 ,"19,096.88 ","19,096.88 ",,,       ,       ,,,,,,,,"19,096.88 ",,"19,096.88 ",,,,,,,,"19,096.88 ",,,,,,,,,,,,,2.25 ,,,,,,,,,,,,,,,,,,,,,,,,,,,,,,,,,,,,,,,,,,,,,,,,,,,,,,,,,,,,,,,,,,,,,,,,,,,,,,,,,,,,,,,,,,,,,,"19,096.88 ",,,,,,,,,,,,,,,,,,,,"19,096.88 ",,,,,,,,,,,,,,,,,,,,,,,,,,,,,,,,,,,,,,,,,,,,,,,,,,,,,,,,,,,,,,,,,,,,,,,,,,,,,,,,,,,,,,,,,,,DOC,
06/20/2026,35218-A        ,1824,SITE RESOURCES DEVELOPMENT CORPORATION,MT PANGLAO ISLAND,LOCAL  ,PALDO,BATANGAS,SRDC,UNDOCKING,03/16/2026 20:45,03/16/2026 22:25,1.67 ,"14,174.13 ","14,174.13 ",,,       ,       ,,,,,,,,"14,174.13 ",,"14,174.13 ",,,,,,,,"14,174.13 ",,,,,,,,,,,,,1.67 ,,,,,,,,,,,,,,,,,,,,,,,,,,,,,,,,,,,,,,,,,,,,,,,,,,,,,,,,,,,,,,,,,,,,,,,,,,,,,,,,,,,,,,,,,,,,,,"14,174.13 ",,,,,,,,,,,,,,,,,,,,"14,174.13 ",,,,,,,,,,,,,,,,,,,,,,,,,,,,,,,,,,,,,,,,,,,,,,,,,,,,,,,,,,,,,,,,,,,,,,,,,,,,,,,,,,,,,,,,,,,DOC,
06/20/2026,35219-A        ,1821,SITE RESOURCES DEVELOPMENT CORPORATION,MT MARINGAL,LOCAL  ,PALDO,BATANGAS,SRDC,DOCKING,03/17/2026 09:15,03/17/2026 11:00,1.75 ,"29,491.88 ","29,491.88 ",,,       ,       ,,,,,,,,"29,491.88 ",,"29,491.88 ",,,,,,,,"29,491.88 ",,,,,,,,,,,,,1.75 ,,,,,,,,,,,,,,,,,,,,,,,,,,,,,,,,,,,,,,,,,,,,,,,,,,,,,,,,,,,,,,,,,,,,,,,,,,,,,,,,,,,,,,,,,,,,,,"29,491.88 ",,,,,,,,,,,,,,,,,,,,"29,491.88 ",,,,,,,,,,,,,,,,,,,,,,,,,,,,,,,,,,,,,,,,,,,,,,,,,,,,,,,,,,,,,,,,,,,,,,,,,,,,,,,,,,,,,,,,,,,DOC,
06/20/2026,35229-A        ,1824,SITE RESOURCES DEVELOPMENT CORPORATION,MT PANGLAO ISLAND,LOCAL  ,PALDO,BATANGAS,SRDC,DOCKING,03/24/2026 16:20,03/24/2026 17:45,1.42 ,"29,834.91 ","29,834.91 ",,,       ,       ,,,,,,,,"29,834.91 ",,"29,834.91 ",,,,,,,,"29,834.91 ",,,,,,,,,,,,,1.42 ,,,,,,,,,,,,,,,,,,,,,,,,,,,,,,,,,,,,,,,,,,,,,,,,,,,,,,,,,,,,,,,,,,,,,,,,,,,,,,,,,,,,,,,,,,,,,,"29,834.91 ",,,,,,,,,,,,,,,,,,,,"29,834.91 ",,,,,,,,,,,,,,,,,,,,,,,,,,,,,,,,,,,,,,,,,,,,,,,,,,,,,,,,,,,,,,,,,,,,,,,,,,,,,,,,,,,,,,,,,,,DOC,
06/20/2026,35230-A        ,1824,SITE RESOURCES DEVELOPMENT CORPORATION,MT PANGLAO ISLAND,LOCAL  ,PALDO,BATANGAS,SRDC,UNDOCKING,03/25/2026 14:05,03/25/2026 15:35,1.50 ,"31,515.75 ","31,515.75 ",,,       ,       ,,,,,,,,"31,515.75 ",,"31,515.75 ",,,,,,,,"31,515.75 ",,,,,,,,,,,,,1.50 ,,,,,,,,,,,,,,,,,,,,,,,,,,,,,,,,,,,,,,,,,,,,,,,,,,,,,,,,,,,,,,,,,,,,,,,,,,,,,,,,,,,,,,,,,,,,,,"31,515.75 ",,,,,,,,,,,,,,,,,,,,"31,515.75 ",,,,,,,,,,,,,,,,,,,,,,,,,,,,,,,,,,,,,,,,,,,,,,,,,,,,,,,,,,,,,,,,,,,,,,,,,,,,,,,,,,,,,,,,,,,DOC,
06/20/2026,35231-A        ,1824,SITE RESOURCES DEVELOPMENT CORPORATION,MT PANGLAO ISLAND,LOCAL  ,PALDO,BATANGAS,SRDC,DOCKING,03/28/2026 02:50,03/28/2026 04:00,1.17 ,"24,582.29 ","24,582.29 ",,,       ,       ,,,,,,,,"24,582.29 ",,"24,582.29 ",,,,,,,,"24,582.29 ",,,,,,,,,,,,,1.17 ,,,,,,,,,,,,,,,,,,,,,,,,,,,,,,,,,,,,,,,,,,,,,,,,,,,,,,,,,,,,,,,,,,,,,,,,,,,,,,,,,,,,,,,,,,,,,,"24,582.29 ",,,,,,,,,,,,,,,,,,,,"24,582.29 ",,,,,,,,,,,,,,,,,,,,,,,,,,,,,,,,,,,,,,,,,,,,,,,,,,,,,,,,,,,,,,,,,,,,,,,,,,,,,,,,,,,,,,,,,,,DOC,
06/20/2026,35233-A        ,1824,SITE RESOURCES DEVELOPMENT CORPORATION,MT PANGLAO ISLAND,LOCAL  ,CHOKWANG,BATANGAS,SRDC,UNDOCKING,03/29/2026 01:45,03/29/2026 02:55,1.17 ,"24,582.29 ","24,582.29 ",,,       ,       ,,,,,,,,"24,582.29 ",,"24,582.29 ",,,,,"24,582.29 ",,,,,,,,,,,,,1.17 ,,,,,,,,,,,,,,,,,,,,,,,,,,,,,,,,,,,,,,,,,,,,,,,,,,,,,,,,,,,,,,,,,,,,,,,,,,,,,,,,,,,,,,,,,,,,,,,,,"24,582.29 ",,,,,,,,,,,,,,,,,,,,"24,582.29 ",,,,,,,,,,,,,,,,,,,,,,,,,,,,,,,,,,,,,,,,,,,,,,,,,,,,,,,,,,,,,,,,,,,,,,,,,,,,,,,,,,,,,,,,,,,DOC,
06/20/2026,35234-A        ,1821,SITE RESOURCES DEVELOPMENT CORPORATION,MT MARINGAL,LOCAL  ,PALDO,BATANGAS,SRDC,DOCKING,03/30/2026 19:20,03/30/2026 21:05,1.75 ,"36,768.38 ","36,768.38 ",,,       ,       ,,,,,,,,"36,768.38 ",,"36,768.38 ",,,,,,,,"36,768.38 ",,,,,,,,,,,,,1.75 ,,,,,,,,,,,,,,,,,,,,,,,,,,,,,,,,,,,,,,,,,,,,,,,,,,,,,,,,,,,,,,,,,,,,,,,,,,,,,,,,,,,,,,,,,,,,,,"36,768.38 ",,,,,,,,,,,,,,,,,,,,"36,768.38 ",,,,,,,,,,,,,,,,,,,,,,,,,,,,,,,,,,,,,,,,,,,,,,,,,,,,,,,,,,,,,,,,,,,,,,,,,,,,,,,,,,,,,,,,,,,DOC,
06/20/2026,35235-A        ,1821,SITE RESOURCES DEVELOPMENT CORPORATION,MT MARINGAL,LOCAL  ,PALDO,BATANGAS,SRDC,UNDOCKING,03/31/2026 14:50,03/31/2026 16:25,1.58 ,"40,330.29 ","40,330.29 ",,,       ,       ,,,,,,,,"40,330.29 ",,"40,330.29 ",,,,,,,,"40,330.29 ",,,,,,,,,,,,,1.58 ,,,,,,,,,,,,,,,,,,,,,,,,,,,,,,,,,,,,,,,,,,,,,,,,,,,,,,,,,,,,,,,,,,,,,,,,,,,,,,,,,,,,,,,,,,,,,,"40,330.29 ",,,,,,,,,,,,,,,,,,,,"40,330.29 ",,,,,,,,,,,,,,,,,,,,,,,,,,,,,,,,,,,,,,,,,,,,,,,,,,,,,,,,,,,,,,,,,,,,,,,,,,,,,,,,,,,,,,,,,,,DOC,
06/20/2026,35554-A        ,1824,SITE RESOURCES DEVELOPMENT CORPORATION,MT PANGLAO ISLAND,LOCAL  ,CHOKWANG,BATANGAS,SRDC,DOCKING,03/20/2026 23:40,03/21/2026 00:48,1.13 ,"19,043.33 ","19,043.33 ",,,       ,       ,,,,,,,,"19,043.33 ",,"19,043.33 ",,,,,"19,043.33 ",,,,,,,,,,,,,1.13 ,,,,,,,,,,,,,,,,,,,,,,,,,,,,,,,,,,,,,,,,,,,,,,,,,,,,,,,,,,,,,,,,,,,,,,,,,,,,,,,,,,,,,,,,,,,,,,,,,"19,043.33 ",,,,,,,,,,,,,,,,,,,,"19,043.33 ",,,,,,,,,,,,,,,,,,,,,,,,,,,,,,,,,,,,,,,,,,,,,,,,,,,,,,,,,,,,,,,,,,,,,,,,,,,,,,,,,,,,,,,,,,,DOC,
06/20/2026,35557-A        ,1824,SITE RESOURCES DEVELOPMENT CORPORATION,MT PANGLAO ISLAND,LOCAL  ,CHOKWANG,BATANGAS,SRDC,UNDOCKING,03/22/2026 01:32,03/22/2026 02:02,0.50 ,"16,852.50 ","16,852.50 ",,,       ,       ,,,,,,,,"16,852.50 ",,"16,852.50 ",,,,,"16,852.50 ",,,,,,,,,,,,,0.50 ,,,,,,,,,,,,,,,,,,,,,,,,,,,,,,,,,,,,,,,,,,,,,,,,,,,,,,,,,,,,,,,,,,,,,,,,,,,,,,,,,,,,,,,,,,,,,,,,,"16,852.50 ",,,,,,,,,,,,,,,,,,,,"16,852.50 ",,,,,,,,,,,,,,,,,,,,,,,,,,,,,,,,,,,,,,,,,,,,,,,,,,,,,,,,,,,,,,,,,,,,,,,,,,,,,,,,,,,,,,,,,,,DOC,
06/20/2026,35561-A        ,1824,SITE RESOURCES DEVELOPMENT CORPORATION,MT PANGLAO ISLAND,LOCAL  ,CHOKWANG,BATANGAS,SRDC,DOCKING,03/24/2026 16:05,03/24/2026 18:02,1.95 ,"40,970.48 ","40,970.48 ",,,       ,       ,,,,,,,,"40,970.48 ",,"40,970.48 ",,,,,"40,970.48 ",,,,,,,,,,,,,1.95 ,,,,,,,,,,,,,,,,,,,,,,,,,,,,,,,,,,,,,,,,,,,,,,,,,,,,,,,,,,,,,,,,,,,,,,,,,,,,,,,,,,,,,,,,,,,,,,,,,"40,970.48 ",,,,,,,,,,,,,,,,,,,,"40,970.48 ",,,,,,,,,,,,,,,,,,,,,,,,,,,,,,,,,,,,,,,,,,,,,,,,,,,,,,,,,,,,,,,,,,,,,,,,,,,,,,,,,,,,,,,,,,,DOC,
06/20/2026,35562-A        ,1824,SITE RESOURCES DEVELOPMENT CORPORATION,MT PANGLAO ISLAND,LOCAL  ,CHOKWANG,BATANGAS,SRDC,UNDOCKING,03/25/2026 14:05,03/25/2026 15:30,1.42 ,"29,834.91 ","29,834.91 ",,,       ,       ,,,,,,,,"29,834.91 ",,"29,834.91 ",,,,,"29,834.91 ",,,,,,,,,,,,,1.42 ,,,,,,,,,,,,,,,,,,,,,,,,,,,,,,,,,,,,,,,,,,,,,,,,,,,,,,,,,,,,,,,,,,,,,,,,,,,,,,,,,,,,,,,,,,,,,,,,,"29,834.91 ",,,,,,,,,,,,,,,,,,,,"29,834.91 ",,,,,,,,,,,,,,,,,,,,,,,,,,,,,,,,,,,,,,,,,,,,,,,,,,,,,,,,,,,,,,,,,,,,,,,,,,,,,,,,,,,,,,,,,,,DOC,
06/20/2026,35563-A        ,1824,SITE RESOURCES DEVELOPMENT CORPORATION,MT PANGLAO ISLAND,LOCAL  ,CHOKWANG,BATANGAS,SRDC,DOCKING,03/28/2026 02:36,03/28/2026 03:42,1.10 ,"23,111.55 ","23,111.55 ",,,       ,       ,,,,,,,,"23,111.55 ",,"23,111.55 ",,,,,"23,111.55 ",,,,,,,,,,,,,1.10 ,,,,,,,,,,,,,,,,,,,,,,,,,,,,,,,,,,,,,,,,,,,,,,,,,,,,,,,,,,,,,,,,,,,,,,,,,,,,,,,,,,,,,,,,,,,,,,,,,"23,111.55 ",,,,,,,,,,,,,,,,,,,,"23,111.55 ",,,,,,,,,,,,,,,,,,,,,,,,,,,,,,,,,,,,,,,,,,,,,,,,,,,,,,,,,,,,,,,,,,,,,,,,,,,,,,,,,,,,,,,,,,,DOC,
06/20/2026,35566-A        ,1824,SITE RESOURCES DEVELOPMENT CORPORATION,MT PANGLAO ISLAND,LOCAL  ,PALDO,BATANGAS,SRDC,UNDOCKING,03/29/2026 01:45,03/29/2026 02:56,1.18 ,"24,792.39 ","24,792.39 ",,,       ,       ,,,,,,,,"24,792.39 ",,"24,792.39 ",,,,,,,,"24,792.39 ",,,,,,,,,,,,,1.18 ,,,,,,,,,,,,,,,,,,,,,,,,,,,,,,,,,,,,,,,,,,,,,,,,,,,,,,,,,,,,,,,,,,,,,,,,,,,,,,,,,,,,,,,,,,,,,,"24,792.39 ",,,,,,,,,,,,,,,,,,,,"24,792.39 ",,,,,,,,,,,,,,,,,,,,,,,,,,,,,,,,,,,,,,,,,,,,,,,,,,,,,,,,,,,,,,,,,,,,,,,,,,,,,,,,,,,,,,,,,,,DOC,
06/20/2026,35789-A        ,1821,SITE RESOURCES DEVELOPMENT CORPORATION,MT MARINGAL,LOCAL  ,CHOKWANG,BATANGAS,SRDC,DOCKING,03/11/2026 01:14,03/11/2026 02:20,1.10 ,"9,336.25 ","9,336.25 ",,,       ,       ,,,,,,,,"9,336.25 ",,"9,336.25 ",,,,,"9,336.25 ",,,,,,,,,,,,,1.10 ,,,,,,,,,,,,,,,,,,,,,,,,,,,,,,,,,,,,,,,,,,,,,,,,,,,,,,,,,,,,,,,,,,,,,,,,,,,,,,,,,,,,,,,,,,,,,,,,,"9,336.25 ",,,,,,,,,,,,,,,,,,,,"9,336.25 ",,,,,,,,,,,,,,,,,,,,,,,,,,,,,,,,,,,,,,,,,,,,,,,,,,,,,,,,,,,,,,,,,,,,,,,,,,,,,,,,,,,,,,,,,,,DOC,
06/20/2026,35791-A        ,1821,SITE RESOURCES DEVELOPMENT CORPORATION,MT MARINGAL,LOCAL  ,CHOKWANG,BATANGAS,SRDC,UNDOCKING,03/12/2026 03:25,03/12/2026 04:32,1.12 ,"9,506.00 ","9,506.00 ",,,       ,       ,,,,,,,,"9,506.00 ",,"9,506.00 ",,,,,"9,506.00 ",,,,,,,,,,,,,1.12 ,,,,,,,,,,,,,,,,,,,,,,,,,,,,,,,,,,,,,,,,,,,,,,,,,,,,,,,,,,,,,,,,,,,,,,,,,,,,,,,,,,,,,,,,,,,,,,,,,"9,506.00 ",,,,,,,,,,,,,,,,,,,,"9,506.00 ",,,,,,,,,,,,,,,,,,,,,,,,,,,,,,,,,,,,,,,,,,,,,,,,,,,,,,,,,,,,,,,,,,,,,,,,,,,,,,,,,,,,,,,,,,,DOC,
06/20/2026,35795-A        ,1824,SITE RESOURCES DEVELOPMENT CORPORATION,MT PANGLAO ISLAND,LOCAL  ,CHOKWANG,BATANGAS,SRDC,DOCKING,03/15/2026 20:30,03/15/2026 21:38,1.13 ,"9,590.88 ","9,590.88 ",,,       ,       ,,,,,,,,"9,590.88 ",,"9,590.88 ",,,,,"9,590.88 ",,,,,,,,,,,,,1.13 ,,,,,,,,,,,,,,,,,,,,,,,,,,,,,,,,,,,,,,,,,,,,,,,,,,,,,,,,,,,,,,,,,,,,,,,,,,,,,,,,,,,,,,,,,,,,,,,,,"9,590.88 ",,,,,,,,,,,,,,,,,,,,"9,590.88 ",,,,,,,,,,,,,,,,,,,,,,,,,,,,,,,,,,,,,,,,,,,,,,,,,,,,,,,,,,,,,,,,,,,,,,,,,,,,,,,,,,,,,,,,,,,DOC,
06/20/2026,35796-A        ,1824,SITE RESOURCES DEVELOPMENT CORPORATION,MT PANGLAO ISLAND,LOCAL  ,CHOKWANG,BATANGAS,SRDC,UNDOCKING,03/16/2026 21:00,03/16/2026 21:54,0.90 ,"8,487.50 ","8,487.50 ",,,       ,       ,,,,,,,,"8,487.50 ",,"8,487.50 ",,,,,"8,487.50 ",,,,,,,,,,,,,0.90 ,,,,,,,,,,,,,,,,,,,,,,,,,,,,,,,,,,,,,,,,,,,,,,,,,,,,,,,,,,,,,,,,,,,,,,,,,,,,,,,,,,,,,,,,,,,,,,,,,"8,487.50 ",,,,,,,,,,,,,,,,,,,,"8,487.50 ",,,,,,,,,,,,,,,,,,,,,,,,,,,,,,,,,,,,,,,,,,,,,,,,,,,,,,,,,,,,,,,,,,,,,,,,,,,,,,,,,,,,,,,,,,,DOC,
06/20/2026,35799-A        ,1821,SITE RESOURCES DEVELOPMENT CORPORATION,MT MARINGAL,LOCAL  ,CHOKWANG,BATANGAS,SRDC,UNDOCKING,03/18/2026 20:30,03/18/2026 21:35,1.08 ,"18,200.70 ","18,200.70 ",,,       ,       ,,,,,,,,"18,200.70 ",,"18,200.70 ",,,,,"18,200.70 ",,,,,,,,,,,,,1.08 ,,,,,,,,,,,,,,,,,,,,,,,,,,,,,,,,,,,,,,,,,,,,,,,,,,,,,,,,,,,,,,,,,,,,,,,,,,,,,,,,,,,,,,,,,,,,,,,,,"18,200.70 ",,,,,,,,,,,,,,,,,,,,"18,200.70 ",,,,,,,,,,,,,,,,,,,,,,,,,,,,,,,,,,,,,,,,,,,,,,,,,,,,,,,,,,,,,,,,,,,,,,,,,,,,,,,,,,,,,,,,,,,DOC,
06/20/2026,35854          ,,SITE RESOURCES DEVELOPMENT CORPORATION,MT PANGLAO ISLAND,LOCAL  ,PALDO,BATANGAS,SRDC,UNDOCKING,06/20/2026 21:32,06/20/2026 22:30,0.97 ,,,,,       ,       ,,,,,,,,,,,,,,,,,,,,,,,,,,,,,,,0.97 ,,,,,,,,,,,,,,,,,,,,,,,,,,,,,,,,,,,,,,,,,,,,,,,,,,,,,,,,,,,,,,,,,,,,,,,,,,,,,,,,,,,,,,,,,,,,,,,,,,,,,,,,,,,,,,,,,,,,,,,,,,,,,,,,,,,,,,,,,,,,,,,,,,,,,,,,,,,,,,,,,,,,,,,,,,,,,,,,,,,,,,,,,,,,,,,,,,,,,,,,,,,,,,
06/20/2026,36400-A        ,1823,SITE RESOURCES DEVELOPMENT CORPORATION,MT MARINGAL,LOCAL  ,ALLIE BRAVO,DAVAO,SRDC SASA,DOCKING,03/24/2026 23:50,03/25/2026 01:25,1.58 ,"33,196.59 ","33,196.59 ",,,       ,       ,,,,,,,,"33,196.59 ",,"33,196.59 ","33,196.59 ",,,,,,,,,,,,,1.58 ,,,,,,,,,,,,,,,,,,,,,,,,,,,,,,,,,,,,,,,,,,,,,,,,,,,,,,,,,,,,,,,,,,,,,,,,,,,,,,,,,,,,,,,,,,,,,,,,,,,,,"33,196.59 ",,,,,,,,,,,,,,,,,,,,"33,196.59 ",,,,,,,,,,,,,,,,,,,,,,,,,,,,,,,,,,,,,,,,,,,,,,,,,,,,,,,,,,,,,,,,,,,,,,,,,,,,,,,,,,,,,,,,,,,DOC,
06/20/2026,37331-A        ,1823,SITE RESOURCES DEVELOPMENT CORPORATION,MT MARINGAL,LOCAL  ,CEBU STRAIT,DAVAO,SRDC SASA,UNDOCKING,03/25/2026 18:00,03/25/2026 18:45,0.75 ,"21,010.50 ","21,010.50 ",,,       ,       ,,,,,,,,"21,010.50 ",,"21,010.50 ",,,,"21,010.50 ",,,,,,,,,,,,,0.75 ,,,,,,,,,,,,,,,,,,,,,,,,,,,,,,,,,,,,,,,,,,,,,,,,,,,,,,,,,,,,,,,,,,,,,,,,,,,,,,,,,,,,,,,,,,,,,,,,,,"21,010.50 ",,,,,,,,,,,,,,,,,,,,"21,010.50 ",,,,,,,,,,,,,,,,,,,,,,,,,,,,,,,,,,,,,,,,,,,,,,,,,,,,,,,,,,,,,,,,,,,,,,,,,,,,,,,,,,,,,,,,,,,DOC,
06/20/2026,37358-A        ,1823,SITE RESOURCES DEVELOPMENT CORPORATION,MT MARINGAL,LOCAL  ,AMATA MARU,DAVAO,SRDC SASA,DOCKING,03/24/2026 23:50,03/25/2026 01:25,1.58 ,"33,196.59 ","33,196.59 ",,,       ,       ,,,,,,,,"33,196.59 ",,"33,196.59 ",,"33,196.59 ",,,,,,,,,,,,,1.58 ,,,,,,,,,,,,,,,,,,,,,,,,,,,,,,,,,,,,,,,,,,,,,,,,,,,,,,,,,,,,,,,,,,,,,,,,,,,,,,,,,,,,,,,,,,,,,,,,,,,,"33,196.59 ",,,,,,,,,,,,,,,,,,,,"33,196.59 ",,,,,,,,,,,,,,,,,,,,,,,,,,,,,,,,,,,,,,,,,,,,,,,,,,,,,,,,,,,,,,,,,,,,,,,,,,,,,,,,,,,,,,,,,,,DOC,
06/20/2026,37359-A        ,1823,SITE RESOURCES DEVELOPMENT CORPORATION,MT MARINGAL,LOCAL  ,AMATA MARU,DAVAO,SRDC SASA,UNDOCKING,03/25/2026 18:05,03/25/2026 18:45,0.67 ,"21,010.50 ","21,010.50 ",,,       ,       ,,,,,,,,"21,010.50 ",,"21,010.50 ",,"21,010.50 ",,,,,,,,,,,,,0.67 ,,,,,,,,,,,,,,,,,,,,,,,,,,,,,,,,,,,,,,,,,,,,,,,,,,,,,,,,,,,,,,,,,,,,,,,,,,,,,,,,,,,,,,,,,,,,,,,,,,,,"21,010.50 ",,,,,,,,,,,,,,,,,,,,"21,010.50 ",,,,,,,,,,,,,,,,,,,,,,,,,,,,,,,,,,,,,,,,,,,,,,,,,,,,,,,,,,,,,,,,,,,,,,,,,,,,,,,,,,,,,,,,,,,DOC,
06/21/2026,35601          ,,HERMA SHIPPING AND TRANSPORT CORPORATION,MT MASINOP,LOCAL  ,FORTIS I,BATANGAS,SOUTH POINT TERMINAL INC.,DOCKING,06/21/2026 04:50,06/21/2026 07:10,2.33 ,,,,,       ,       ,,,,,,,,,,,,,,,,,,,,,,,,,,,,,,,,,,,,,,,,,,,,,,,,,,,,,,,,,,,,,,,,,,,,,,,,,,,,,,,,,,,,,,,,,,,,,,,,,,,,,,,,,,,,,,,,,,,,,,,,,,,,,,,,,,,,,,,,,,,,,,,,,,,,,,,,,,,,,,,,,,,,,,,,,,,,,,,,,,,,,,,,,,,,,,,,,,,,,,,,,,,,,,,,,,,,,,,,,,,,,,,,,,,,,,,,,,,,,
06/21/2026,35602          ,,HERMA SHIPPING AND TRANSPORT CORPORATION,MT MASINOP,LOCAL  ,FORTIS III,BATANGAS,SOUTH POINT TERMINAL INC.,DOCKING,06/21/2026 04:40,06/21/2026 07:15,2.58 ,,,,,       ,       ,,,,,,,,,,,,,,,,,,,,,,,,,,,,,,,,,,,,,,,,,,,,,,,,,,,,,,,,,,,,,,,,,,,,,,,,,,,,,,,,,,,,,,,,,,,,,,,,,,,,,,,,,,,,,,,,,,,,,,,,,,,,,,,,,,,,,,,,,,,,,,,,,,,,,,,,,,,,,,,,,,,,,,,,,,,,,,,,,,,,,,,,,,,,,,,,,,,,,,,,,,,,,,,,,,,,,,,,,,,,,,,,,,,,,,,,,,,,,
06/21/2026,35603          ,,HERMA SHIPPING AND TRANSPORT CORPORATION,MT MASINOP,LOCAL  ,FORTIS III,BATANGAS,SOUTH POINT TERMINAL INC.,UNDOCKING,06/21/2026 18:05,06/21/2026 19:40,1.58 ,,,,,       ,       ,,,,,,,,,,,,,,,,,,,,,,,,,,,,,,,,,,,,,,,,,,,,,,,,,,,,,,,,,,,,,,,,,,,,,,,,,,,,,,,,,,,,,,,,,,,,,,,,,,,,,,,,,,,,,,,,,,,,,,,,,,,,,,,,,,,,,,,,,,,,,,,,,,,,,,,,,,,,,,,,,,,,,,,,,,,,,,,,,,,,,,,,,,,,,,,,,,,,,,,,,,,,,,,,,,,,,,,,,,,,,,,,,,,,,,,,,,,,,
06/21/2026,35604          ,,HERMA SHIPPING AND TRANSPORT CORPORATION,MT MASINOP,LOCAL  ,FORTIS I,BATANGAS,SOUTH POINT TERMINAL INC.,UNDOCKING,06/21/2026 18:15,06/21/2026 19:40,1.42 ,,,,,       ,       ,,,,,,,,,,,,,,,,,,,,,,,,,,,,,,,,,,,,,,,,,,,,,,,,,,,,,,,,,,,,,,,,,,,,,,,,,,,,,,,,,,,,,,,,,,,,,,,,,,,,,,,,,,,,,,,,,,,,,,,,,,,,,,,,,,,,,,,,,,,,,,,,,,,,,,,,,,,,,,,,,,,,,,,,,,,,,,,,,,,,,,,,,,,,,,,,,,,,,,,,,,,,,,,,,,,,,,,,,,,,,,,,,,,,,,,,,,,,,
06/22/2026,34510          ,B000600,WINDBAY SHIPPING AND LOGISTICS INC.,MV EXCELSIOR DIVA,FOREIGN,SUJEONG,DAVAO,SOUTHERN CONCRETE INDUSTRY INC,DOCKING,06/06/2026 19:25,06/06/2026 23:20,3.92 ,"305,966.04 ","305,966.04 ",,,       ,       ,,,,,,,,"305,966.04 ",,"305,966.04 ",,,,,,,,,,"305,966.04 ",,,,,,,,,,,,,3.92 ,,,,,,,,,,,,,,,,,,,,,,,,,,,,,,,,,,,,,,,,,,,,,,,,,,,,,,,,,,,,,,,,,,,,,,,,,,,,,,,,,,,,,,,,,,,,,,,,,,,,,,,,,,,,,"305,966.04 ",,,"305,966.04 ",,,,,,,,,,,,,,,,,,,,,,,,,,,,,,,,,,,,,,,,,,,,,,,,,,,,,,,,,,,,,,,,,,,,,,,,,,,,,,,,,,,,,,,,,,,UNDOC,
06/22/2026,34511          ,B000600,WINDBAY SHIPPING AND LOGISTICS INC.,MV EXCELSIOR DIVA,FOREIGN,SUJEONG,DAVAO,SOUTHERN CONCRETE INDUSTRY INC,UNDOCKING,06/16/2026 09:55,06/16/2026 16:15,6.33 ,"329,567.77 ","329,567.77 ",,,       ,       ,,,,,,,,"329,567.77 ",,"329,567.77 ",,,,,,,,,,"329,567.77 ",,,,,,,,,,,,,6.33 ,,,,,,,,,,,,,,,,,,,,,,,,,,,,,,,,,,,,,,,,,,,,,,,,,,,,,,,,,,,,,,,,,,,,,,,,,,,,,,,,,,,,,,,,,,,,,,,,,,,,,,,,,,,,,"329,567.77 ",,,"329,567.77 ",,,,,,,,,,,,,,,,,,,,,,,,,,,,,,,,,,,,,,,,,,,,,,,,,,,,,,,,,,,,,,,,,,,,,,,,,,,,,,,,,,,,,,,,,,,UNDOC,
06/22/2026,35414-A        ,,INSULAR OIL CORPORATION,MT BULUSAN II,LOCAL  ,FORTIS I,BATANGAS,SINISIAN LEMERY BATANGAS PORT,DOCKING,06/22/2026 10:15,06/22/2026 11:20,1.08 ,,,,,       ,       ,,,,,,,,,,,,,,,,,,,,,,,,,,,,,,,,,,,,,,,,,,,,,,,,,,,,,,,,,,,,,,,,,,,,,,,,,,,,,,,,,,,,,,,,,,,,,,,,,,,,,,,,,,,,,,,,,,,,,,,,,,,,,,,,,,,,,,,,,,,,,,,,,,,,,,,,,,,,,,,,,,,,,,,,,,,,,,,,,,,,,,,,,,,,,,,,,,,,,,,,,,,,,,,,,,,,,,,,,,,,,,,,,,,,,,,,,,,,,
06/22/2026,35465          ,,HERMA SHIPPING AND TRANSPORT CORPORATION,MT MASINOP,LOCAL  ,PANAY GULF,BATANGAS,CHEVRON,DOCKING,06/22/2026 00:40,06/22/2026 02:30,1.83 ,,,,,       ,       ,,,,,,,,,,,,,,,,,,,,,,,,,,,,,,,,1.83 ,,,,,,,,,,,,,,,,,,,,,,,,,,,,,,,,,,,,,,,,,,,,,,,,,,,,,,,,,,,,,,,,,,,,,,,,,,,,,,,,,,,,,,,,,,,,,,,,,,,,,,,,,,,,,,,,,,,,,,,,,,,,,,,,,,,,,,,,,,,,,,,,,,,,,,,,,,,,,,,,,,,,,,,,,,,,,,,,,,,,,,,,,,,,,,,,,,,,,,,,,,,,,
06/22/2026,35546          ,B000601,"WILHELMSEN-SMITH BELL SHIPPING, INC.",MV CAROLYN,FOREIGN,PANAY GULF,BATANGAS,BATANGAS PORT,FERRY SERVICE,06/01/2026 14:30,06/01/2026 16:15,1.75 ,"69,495.88 ","69,495.88 ",,,       ,       ,,,,,,,,"69,495.88 ",,"69,495.88 ",,,,,,,,,"69,495.88 ",,,,,,,,,,,,,1.75 ,,,,,,,,,,,,,,,,,,,,,,,,,,,,,,,,,,,,,,,,,,,,,,,,,,,,,,,,,,,,,,,,,,,,,,,,,,,,,,,,,,,,,,,,,,,,,,,,,,,,,,,,,,,"69,495.88 ",,,,,,"69,495.88 ",,,,,,,,,,,,,,,,,,,,,,,,,,,,,,,,,,,,,,,,,,,,,,,,,,,,,,,,,,,,,,,,,,,,,,,,,,,,,,,,,,,,,,,,,,,UNDOC,
06/22/2026,36835          ,,INSULAR OIL CORPORATION,MT CHELSEA ENDURANCE,LOCAL  ,HOKUTO,LEYTE,VISPET,DOCKING,06/22/2026 09:00,06/22/2026 10:45,1.75 ,,,,,       ,       ,,,,,,,,,,,,,,,,,,,,,,,,,,,,,1.75 ,,,,,,,,,,,,,,,,,,,,,,,,,,,,,,,,,,,,,,,,,,,,,,,,,,,,,,,,,,,,,,,,,,,,,,,,,,,,,,,,,,,,,,,,,,,,,,,,,,,,,,,,,,,,,,,,,,,,,,,,,,,,,,,,,,,,,,,,,,,,,,,,,,,,,,,,,,,,,,,,,,,,,,,,,,,,,,,,,,,,,,,,,,,,,,,,,,,,,,,,,,,,,,,,
06/22/2026,37297          ,1827,BEN LINE AGENCIES PHILS INC,MV GATE GOLD,FOREIGN,BOHOL SEA,DAVAO,KTC,DOCKING,06/04/2026 20:35,06/04/2026 23:50,3.25 ,"100,673.38 ","100,673.38 ",,,       ,       ,,,,,,,,"100,673.38 ",,"100,673.38 ",,,"100,673.38 ",,,,,,,,,,,,,3.25 ,,,,,,,,,,,,,,,,,,,,,,,,,,,,,,,,,,,,,,,,"100,673.38 ",,,,,,,,,,,,,,,,,,,,,,,,,,,,,,,,,,,,,,,,,,,,,,,,,,,,,,,,,,,,,,,,,,,,,,,,,,,,,,,"100,673.38 ",,,,,,,,,,,,,,,,,,,,,,,,,,,,,,,,,,,,,,,,,,,,,,,,,,,,,,,,,,,,,,,,,,,,,,,,,,,,,,,,,,,,,,,,,,,DOC,"YOSEIMARU MARINE CO.,LIMITED"
06/22/2026,37298          ,1827,BEN LINE AGENCIES PHILS INC,MV GATE GOLD,FOREIGN,BOHOL SEA,DAVAO,KTC,UNDOCKING,06/09/2026 19:48,06/09/2026 21:05,1.28 ,"87,696.32 ","87,696.32 ",,,       ,       ,,,,,,,,"87,696.32 ",,"87,696.32 ",,,"87,696.32 ",,,,,,,,,,,,,1.28 ,,,,,,,,,,,,,,,,,,,,,,,,,,,,,,,,,,,,,,,,"87,696.32 ",,,,,,,,,,,,,,,,,,,,,,,,,,,,,,,,,,,,,,,,,,,,,,,,,,,,,,,,,,,,,,,,,,,,,,,,,,,,,,,"87,696.32 ",,,,,,,,,,,,,,,,,,,,,,,,,,,,,,,,,,,,,,,,,,,,,,,,,,,,,,,,,,,,,,,,,,,,,,,,,,,,,,,,,,,,,,,,,,,DOC,"YOSEIMARU MARINE CO.,LIMITED"
06/22/2026,37548          ,B000600,WINDBAY SHIPPING AND LOGISTICS INC.,MV EXCELSIOR DIVA,FOREIGN,ALLIE BRAVO,DAVAO,SOUTHERN CONCRETE INDUSTRY INC,DOCKING,06/06/2026 19:20,06/06/2026 23:30,4.17 ,"307,940.92 ","307,940.92 ",,,       ,       ,,,,,,,,"307,940.92 ",,"307,940.92 ","307,940.92 ",,,,,,,,,,,,,4.17 ,,,,,,,,,,,,,,,,,,,,,,,,,,,,,,,,,,,,,,,,,,,,,,,,,,,,,,,,,,,,,,,,,,,,,,,,,,,,,,,,,,,,,,,,,,,,,,,,,,,,,,,,,,,,,,,,,,,,,,"307,940.92 ",,,"307,940.92 ",,,,,,,,,,,,,,,,,,,,,,,,,,,,,,,,,,,,,,,,,,,,,,,,,,,,,,,,,,,,,,,,,,,,,,,,,,,,,,,,,,,,,,,,,,,UNDOC,
06/22/2026,37549          ,B000600,WINDBAY SHIPPING AND LOGISTICS INC.,MV EXCELSIOR DIVA,FOREIGN,ALLIE BRAVO,DAVAO,SOUTHERN CONCRETE INDUSTRY INC,UNDOCKING,06/16/2026 12:30,06/16/2026 16:20,3.83 ,"308,016.52 ","308,016.52 ",,,       ,       ,,,,,,,,"308,016.52 ",,"308,016.52 ","308,016.52 ",,,,,,,,,,,,,3.83 ,,,,,,,,,,,,,,,,,,,,,,,,,,,,,,,,,,,,,,,,,,,,,,,,,,,,,,,,,,,,,,,,,,,,,,,,,,,,,,,,,,,,,,,,,,,,,,,,,,,,,,,,,,,,,,,,,,,,,,"308,016.52 ",,,"308,016.52 ",,,,,,,,,,,,,,,,,,,,,,,,,,,,,,,,,,,,,,,,,,,,,,,,,,,,,,,,,,,,,,,,,,,,,,,,,,,,,,,,,,,,,,,,,,,UNDOC,
06/22/2026,37556          ,B000602,WINDBAY SHIPPING AND LOGISTICS INC.,MV EXCELSIOR DIVA,FOREIGN,ALLIE BRAVO,DAVAO,SOUTHERN CONCRETE INDUSTRY INC,SHIFTING,06/14/2026 23:40,06/15/2026 00:55,1.25 ,"95,860.25 ","95,860.25 ",,,       ,       ,,,,,,,,"95,860.25 ",,"95,860.25 ","95,860.25 ",,,,,,,,,,,,,1.25 ,,,,,,,,,,,,,,,,,,,,,,,,,,,,,,,,,,,,,,,,,,,,,,,,,,,,,,,,,,,,,,,,,,,,,,,,,,,,,,,,,,,,,,,,,,,,,,,,,,,,,,,,,,,,,,,,,,,,,,"95,860.25 ",,,"95,860.25 ",,,,,,,,,,,,,,,,,,,,,,,,,,,,,,,,,,,,,,,,,,,,,,,,,,,,,,,,,,,,,,,,,,,,,,,,,,,,,,,,,,,,,,,,,,,UNDOC,
06/22/2026,37557          ,B000602,WINDBAY SHIPPING AND LOGISTICS INC.,MV EXCELSIOR DIVA,FOREIGN,ALLIE BRAVO,DAVAO,SOUTHERN CONCRETE INDUSTRY INC,TENDING,06/15/2026 00:55,06/16/2026 12:30,35.58 ,"836,130.00 ","836,130.00 ",,,       ,       ,,,,,,,,"836,130.00 ",,"836,130.00 ","836,130.00 ",,,,,,,,,,,,,35.58 ,,,,,,,,,,,,,,,,,,,,,,,,,,,,,,,,,,,,,,,,,,,,,,,,,,,,,,,,,,,,,,,,,,,,,,,,,,,,,,,,,,,,,,,,,,,,,,,,,,,,,,,,,,,,,,,,,,,,,,"836,130.00 ",,,"836,130.00 ",,,,,,,,,,,,,,,,,,,,,,,,,,,,,,,,,,,,,,,,,,,,,,,,,,,1,,,,,,,,,,,,,,35.58 ,,,,,,,,,,,,,,,,,,,,,,,,,,UNDOC,
06/22/2026,37672          ,1827,BEN LINE AGENCIES PHILS INC,MV GATE GOLD,FOREIGN,AMATA MARU,DAVAO,KTC,DOCKING,06/04/2026 20:40,06/04/2026 23:40,3.00 ,"98,698.50 ","98,698.50 ",,,       ,       ,,,,,,,,"98,698.50 ",,"98,698.50 ",,"98,698.50 ",,,,,,,,,,,,,3.00 ,,,,,,,,,,,,,,,,,,,,,,,,,,,,,,,,,,,,,,,,,"98,698.50 ",,,,,,,,,,,,,,,,,,,,,,,,,,,,,,,,,,,,,,,,,,,,,,,,,,,,,,,,,,,,,,,,,,,,,,,,,,,,,,,"98,698.50 ",,,,,,,,,,,,,,,,,,,,,,,,,,,,,,,,,,,,,,,,,,,,,,,,,,,,,,,,,,,,,,,,,,,,,,,,,,,,,,,,,,,,,,,,,,,DOC,"YOSEIMARU MARINE CO.,LIMITED"
06/22/2026,37673          ,1827,BEN LINE AGENCIES PHILS INC,MV GATE GOLD,FOREIGN,AMATA MARU,DAVAO,KTC,UNDOCKING,06/09/2026 18:10,06/09/2026 21:05,2.92 ,"103,963.48 ","103,963.48 ",,,       ,       ,,,,,,,,"103,963.48 ",,"103,963.48 ",,"103,963.48 ",,,,,,,,,,,,,2.92 ,,,,,,,,,,,,,,,,,,,,,,,,,,,,,,,,,,,,,,,,,"103,963.48 ",,,,,,,,,,,,,,,,,,,,,,,,,,,,,,,,,,,,,,,,,,,,,,,,,,,,,,,,,,,,,,,,,,,,,,,,,,,,,,,"103,963.48 ",,,,,,,,,,,,,,,,,,,,,,,,,,,,,,,,,,,,,,,,,,,,,,,,,,,,,,,,,,,,,,,,,,,,,,,,,,,,,,,,,,,,,,,,,,,DOC,"YOSEIMARU MARINE CO.,LIMITED"
06/22/2026,37709          ,B000600,WINDBAY SHIPPING AND LOGISTICS INC.,MV EXCELSIOR DIVA,FOREIGN,CEBU STRAIT,DAVAO,SOUTHERN CONCRETE INDUSTRY INC,DOCKING,06/06/2026 19:25,06/06/2026 23:45,4.33 ,"309,204.84 ","309,204.84 ",,,       ,       ,,,,,,,,"309,204.84 ",,"309,204.84 ",,,,"309,204.84 ",,,,,,,,,,,,,4.33 ,,,,,,,,,,,,,,,,,,,,,,,,,,,,,,,,,,,,,,,,,,,,,,,,,,,,,,,,,,,,,,,,,,,,,,,,,,,,,,,,,,,,,,,,,,,,,,,,,,,,,,,,,,,,,,,,,,,"309,204.84 ",,,"309,204.84 ",,,,,,,,,,,,,,,,,,,,,,,,,,,,,,,,,,,,,,,,,,,,,,,,,,,,,,,,,,,,,,,,,,,,,,,,,,,,,,,,,,,,,,,,,,,UNDOC,
06/22/2026,37710          ,B000600,WINDBAY SHIPPING AND LOGISTICS INC.,MV EXCELSIOR DIVA,FOREIGN,CEBU STRAIT,DAVAO,SOUTHERN CONCRETE INDUSTRY INC,UNDOCKING,06/16/2026 12:00,06/16/2026 16:20,4.33 ,"312,326.77 ","312,326.77 ",,,       ,       ,,,,,,,,"312,326.77 ",,"312,326.77 ",,,,"312,326.77 ",,,,,,,,,,,,,4.33 ,,,,,,,,,,,,,,,,,,,,,,,,,,,,,,,,,,,,,,,,,,,,,,,,,,,,,,,,,,,,,,,,,,,,,,,,,,,,,,,,,,,,,,,,,,,,,,,,,,,,,,,,,,,,,,,,,,,"312,326.77 ",,,"312,326.77 ",,,,,,,,,,,,,,,,,,,,,,,,,,,,,,,,,,,,,,,,,,,,,,,,,,,,,,,,,,,,,,,,,,,,,,,,,,,,,,,,,,,,,,,,,,,UNDOC,
06/22/2026,37715          ,B000602,WINDBAY SHIPPING AND LOGISTICS INC.,MV EXCELSIOR DIVA,FOREIGN,CEBU STRAIT,DAVAO,SOUTHERN CONCRETE INDUSTRY INC,SHIFTING,06/14/2026 23:45,06/15/2026 01:20,1.58 ,"121,167.36 ","121,167.36 ",,,       ,       ,,,,,,,,"121,167.36 ",,"121,167.36 ",,,,"121,167.36 ",,,,,,,,,,,,,1.58 ,,,,,,,,,,,,,,,,,,,,,,,,,,,,,,,,,,,,,,,,,,,,,,,,,,,,,,,,,,,,,,,,,,,,,,,,,,,,,,,,,,,,,,,,,,,,,,,,,,,,,,,,,,,,,,,,,,,"121,167.36 ",,,"121,167.36 ",,,,,,,,,,,,,,,,,,,,,,,,,,,,,,,,,,,,,,,,,,,,,,,,,,,,,,,,,,,,,,,,,,,,,,,,,,,,,,,,,,,,,,,,,,,UNDOC,
06/22/2026,37716          ,B000602,WINDBAY SHIPPING AND LOGISTICS INC.,MV EXCELSIOR DIVA,FOREIGN,CEBU STRAIT,DAVAO,SOUTHERN CONCRETE INDUSTRY INC,TENDING,06/15/2026 01:20,06/16/2026 12:00,34.67 ,"814,745.00 ","814,745.00 ",,,       ,       ,,,,,,,,"814,745.00 ",,"814,745.00 ",,,,"814,745.00 ",,,,,,,,,,,,,34.67 ,,,,,,,,,,,,,,,,,,,,,,,,,,,,,,,,,,,,,,,,,,,,,,,,,,,,,,,,,,,,,,,,,,,,,,,,,,,,,,,,,,,,,,,,,,,,,,,,,,,,,,,,,,,,,,,,,,,"814,745.00 ",,,"814,745.00 ",,,,,,,,,,,,,,,,,,,,,,,,,,,,,,,,,,,,,,,,,,,,,,,,,,,,,,1,,,,,,,,,,,,,,,,,34.67 ,,,,,,,,,,,,,,,,,,,,UNDOC,
06/23/2026,34515          ,1853,PHIL-CEB MARINE SERVICES INC.,MV PEARL ORIENT,LOCAL  ,SUJEONG,DAVAO,SASA PORT,DOCKING,06/15/2026 09:00,06/15/2026 10:35,1.58 ,"31,672.02 ","31,672.02 ",,,       ,       ,,,,,,,,"31,672.02 ",,"31,672.02 ",,,,,,,,,,"31,672.02 ",,,,,,,,,,,,,1.58 ,,,,,,,,,,,,,,,,,,,,,,,,,,,,,,,,,,,,,,,,,,,,,,,,,,,,,,,,,,,,,,,,,,,,,,,,,,,,,,,"31,672.02 ",,,,,,,,,,,,,,,,,,,,,,,,,,,,,,,,,"31,672.02 ",,,,,,,,,,,,,,,,,,,,,,,,,,,,,,,,,,,,,,,,,,,,,,,,,,,,,,,,,,,,,,,,,,,,,,,,,,,,,,,,,,,,,,,,,,,DOC,
06/23/2026,35457          ,,VIA MARINE CORPORATION,MT VERONICA 2,LOCAL  ,PANAY GULF,BATANGAS,CHEVRON,DOCKING,06/16/2026 18:20,06/16/2026 20:05,1.75 ,,,,,       ,       ,,,,,,,,,,,,,,,,,,,,,,,,,,,,,,,,1.75 ,,,,,,,,,,,,,,,,,,,,,,,,,,,,,,,,,,,,,,,,,,,,,,,,,,,,,,,,,,,,,,,,,,,,,,,,,,,,,,,,,,,,,,,,,,,,,,,,,,,,,,,,,,,,,,,,,,,,,,,,,,,,,,,,,,,,,,,,,,,,,,,,,,,,,,,,,,,,,,,,,,,,,,,,,,,,,,,,,,,,,,,,,,,,,,,,,,,,,,,,,,,,,
06/23/2026,35466          ,,HERMA SHIPPING AND TRANSPORT CORPORATION,MT MATAPAT,LOCAL  ,PANAY GULF,BATANGAS,PETRON MABINI,DOCKING,06/23/2026 23:50,06/24/2026 03:20,3.50 ,,,,,       ,       ,,,,,,,,,,,,,,,,,,,,,,,,,,,,,,,,3.50 ,,,,,,,,,,,,,,,,,,,,,,,,,,,,,,,,,,,,,,,,,,,,,,,,,,,,,,,,,,,,,,,,,,,,,,,,,,,,,,,,,,,,,,,,,,,,,,,,,,,,,,,,,,,,,,,,,,,,,,,,,,,,,,,,,,,,,,,,,,,,,,,,,,,,,,,,,,,,,,,,,,,,,,,,,,,,,,,,,,,,,,,,,,,,,,,,,,,,,,,,,,,,,
06/23/2026,35467          ,,HERMA SHIPPING AND TRANSPORT CORPORATION,MT MASINOP,LOCAL  ,PANAY GULF,BATANGAS,CHEVRON,UNDOCKING,06/23/2026 03:45,06/23/2026 04:15,0.50 ,,,,,       ,       ,,,,,,,,,,,,,,,,,,,,,,,,,,,,,,,,0.50 ,,,,,,,,,,,,,,,,,,,,,,,,,,,,,,,,,,,,,,,,,,,,,,,,,,,,,,,,,,,,,,,,,,,,,,,,,,,,,,,,,,,,,,,,,,,,,,,,,,,,,,,,,,,,,,,,,,,,,,,,,,,,,,,,,,,,,,,,,,,,,,,,,,,,,,,,,,,,,,,,,,,,,,,,,,,,,,,,,,,,,,,,,,,,,,,,,,,,,,,,,,,,,
06/23/2026,35468          ,,HERMA SHIPPING AND TRANSPORT CORPORATION,MT MATAPAT,LOCAL  ,PANAY GULF,BATANGAS,PETRON MABINI,UNDOCKING,06/23/2026 18:55,06/23/2026 20:45,1.83 ,,,,,       ,       ,,,,,,,,,,,,,,,,,,,,,,,,,,,,,,,,1.83 ,,,,,,,,,,,,,,,,,,,,,,,,,,,,,,,,,,,,,,,,,,,,,,,,,,,,,,,,,,,,,,,,,,,,,,,,,,,,,,,,,,,,,,,,,,,,,,,,,,,,,,,,,,,,,,,,,,,,,,,,,,,,,,,,,,,,,,,,,,,,,,,,,,,,,,,,,,,,,,,,,,,,,,,,,,,,,,,,,,,,,,,,,,,,,,,,,,,,,,,,,,,,,
06/23/2026,35469          ,,SITE RESOURCES DEVELOPMENT CORPORATION,MT PANGLAO ISLAND,LOCAL  ,PANAY GULF,BATANGAS,SRDC,DOCKING,06/23/2026 23:05,06/24/2026 01:10,2.08 ,,,,,       ,       ,,,,,,,,,,,,,,,,,,,,,,,,,,,,,,,,2.08 ,,,,,,,,,,,,,,,,,,,,,,,,,,,,,,,,,,,,,,,,,,,,,,,,,,,,,,,,,,,,,,,,,,,,,,,,,,,,,,,,,,,,,,,,,,,,,,,,,,,,,,,,,,,,,,,,,,,,,,,,,,,,,,,,,,,,,,,,,,,,,,,,,,,,,,,,,,,,,,,,,,,,,,,,,,,,,,,,,,,,,,,,,,,,,,,,,,,,,,,,,,,,,
06/23/2026,35605-A        ,,INSULAR OIL CORPORATION,MT BULUSAN II,LOCAL  ,FORTIS I,BATANGAS,SINISIAN LEMERY BATANGAS PORT,UNDOCKING,06/23/2026 06:30,06/23/2026 07:40,1.17 ,,,,,       ,       ,,,,,,,,,,,,,,,,,,,,,,,,,,,,,,,,,,,,,,,,,,,,,,,,,,,,,,,,,,,,,,,,,,,,,,,,,,,,,,,,,,,,,,,,,,,,,,,,,,,,,,,,,,,,,,,,,,,,,,,,,,,,,,,,,,,,,,,,,,,,,,,,,,,,,,,,,,,,,,,,,,,,,,,,,,,,,,,,,,,,,,,,,,,,,,,,,,,,,,,,,,,,,,,,,,,,,,,,,,,,,,,,,,,,,,,,,,,,,
06/23/2026,35855          ,,HERMA SHIPPING AND TRANSPORT CORPORATION,MT MATAPAT,LOCAL  ,PALDO,BATANGAS,PETRON MABINI,DOCKING,06/23/2026 00:05,06/23/2026 02:50,2.75 ,,,,,       ,       ,,,,,,,,,,,,,,,,,,,,,,,,,,,,,,,2.75 ,,,,,,,,,,,,,,,,,,,,,,,,,,,,,,,,,,,,,,,,,,,,,,,,,,,,,,,,,,,,,,,,,,,,,,,,,,,,,,,,,,,,,,,,,,,,,,,,,,,,,,,,,,,,,,,,,,,,,,,,,,,,,,,,,,,,,,,,,,,,,,,,,,,,,,,,,,,,,,,,,,,,,,,,,,,,,,,,,,,,,,,,,,,,,,,,,,,,,,,,,,,,,,
06/23/2026,37560          ,1854,PHIL-CEB MARINE SERVICES INC.,MV SPAN 72,LOCAL  ,ALLIE BRAVO,DAVAO,SASA PORT,UNDOCKING,06/18/2026 15:55,06/18/2026 16:45,0.83 ,"24,620.50 ","24,620.50 ",,,       ,       ,,,,,,,,"24,620.50 ",,"24,620.50 ","24,620.50 ",,,,,,,,,,,,,0.83 ,,,,,,,,,,,,,,,,,,,,,,,,,,,,,,,,,,,,,,,,,,,,,,,,,,,,,,,,,,,,,,,,,,,,,,,,,,,,,,,,,,,,,,,,"24,620.50 ",,,,,,,,,,,,,,,,,,,,,,,,,,,,,,,,,"24,620.50 ",,,,,,,,,,,,,,,,,,,,,,,,,,,,,,,,,,,,,,,,,,,,,,,,,,,,,,,,,,,,,,,,,,,,,,,,,,,,,,,,,,,,,,,,,,,DOC,
06/23/2026,37693          ,1853,PHIL-CEB MARINE SERVICES INC.,MV PEARL ORIENT,LOCAL  ,AMATA MARU,DAVAO,SASA PORT,UNDOCKING,06/16/2026 03:40,06/16/2026 04:55,1.25 ,"26,775.63 ","26,775.63 ",,,       ,       ,,,,,,,,"26,775.63 ",,"26,775.63 ",,"26,775.63 ",,,,,,,,,,,,,1.25 ,,,,,,,,,,,,,,,,,,,,,,,,,,,,,,,,,,,,,,,,,,,,,,,,,,,,,,,,,,,,,,,,,,,,,,,,,,,,,,,,,,,,,,,"26,775.63 ",,,,,,,,,,,,,,,,,,,,,,,,,,,,,,,,,"26,775.63 ",,,,,,,,,,,,,,,,,,,,,,,,,,,,,,,,,,,,,,,,,,,,,,,,,,,,,,,,,,,,,,,,,,,,,,,,,,,,,,,,,,,,,,,,,,,DOC,
06/23/2026,37699          ,1854,PHIL-CEB MARINE SERVICES INC.,MV SPAN 72,LOCAL  ,AMATA MARU,DAVAO,SASA PORT,DOCKING,06/17/2026 16:20,06/17/2026 17:30,1.17 ,"26,085.99 ","26,085.99 ",,,       ,       ,,,,,,,,"26,085.99 ",,"26,085.99 ",,"26,085.99 ",,,,,,,,,,,,,1.17 ,,,,,,,,,,,,,,,,,,,,,,,,,,,,,,,,,,,,,,,,,,,,,,,,,,,,,,,,,,,,,,,,,,,,,,,,,,,,,,,,,,,,,,,"26,085.99 ",,,,,,,,,,,,,,,,,,,,,,,,,,,,,,,,,"26,085.99 ",,,,,,,,,,,,,,,,,,,,,,,,,,,,,,,,,,,,,,,,,,,,,,,,,,,,,,,,,,,,,,,,,,,,,,,,,,,,,,,,,,,,,,,,,,,DOC,
06/23/2026,37717          ,1854,PHIL-CEB MARINE SERVICES INC.,MV SPAN 72,LOCAL  ,CEBU STRAIT,DAVAO,SASA PORT,UNDOCKING,06/18/2026 15:40,06/18/2026 16:45,1.08 ,"25,310.14 ","25,310.14 ",,,       ,       ,,,,,,,,"25,310.14 ",,"25,310.14 ",,,,"25,310.14 ",,,,,,,,,,,,,1.08 ,,,,,,,,,,,,,,,,,,,,,,,,,,,,,,,,,,,,,,,,,,,,,,,,,,,,,,,,,,,,,,,,,,,,,,,,,,,,,,,,,,,,,"25,310.14 ",,,,,,,,,,,,,,,,,,,,,,,,,,,,,,,,,"25,310.14 ",,,,,,,,,,,,,,,,,,,,,,,,,,,,,,,,,,,,,,,,,,,,,,,,,,,,,,,,,,,,,,,,,,,,,,,,,,,,,,,,,,,,,,,,,,,DOC,
06/23/2026,37764          ,1853,PHIL-CEB MARINE SERVICES INC.,MV PEARL ORIENT,LOCAL  ,BOHOL SEA,DAVAO,SASA PORT,DOCKING,06/15/2026 09:00,06/15/2026 10:35,1.58 ,"31,672.02 ","31,672.02 ",,,       ,       ,,,,,,,,"31,672.02 ",,"31,672.02 ",,,"31,672.02 ",,,,,,,,,,,,,1.58 ,,,,,,,,,,,,,,,,,,,,,,,,,,,,,,,,,,,,,,,,,,,,,,,,,,,,,,,,,,,,,,,,,,,,,,,,,,,,,,,,,,,,,,"31,672.02 ",,,,,,,,,,,,,,,,,,,,,,,,,,,,,,,,,"31,672.02 ",,,,,,,,,,,,,,,,,,,,,,,,,,,,,,,,,,,,,,,,,,,,,,,,,,,,,,,,,,,,,,,,,,,,,,,,,,,,,,,,,,,,,,,,,,,DOC,
06/23/2026,37765          ,1853,PHIL-CEB MARINE SERVICES INC.,MV PEARL ORIENT,LOCAL  ,BOHOL SEA,DAVAO,SASA PORT,UNDOCKING,06/16/2026 03:40,06/16/2026 04:55,1.25 ,"26,775.63 ","26,775.63 ",,,       ,       ,,,,,,,,"26,775.63 ",,"26,775.63 ",,,"26,775.63 ",,,,,,,,,,,,,1.25 ,,,,,,,,,,,,,,,,,,,,,,,,,,,,,,,,,,,,,,,,,,,,,,,,,,,,,,,,,,,,,,,,,,,,,,,,,,,,,,,,,,,,,,"26,775.63 ",,,,,,,,,,,,,,,,,,,,,,,,,,,,,,,,,"26,775.63 ",,,,,,,,,,,,,,,,,,,,,,,,,,,,,,,,,,,,,,,,,,,,,,,,,,,,,,,,,,,,,,,,,,,,,,,,,,,,,,,,,,,,,,,,,,,DOC,
06/23/2026,37768          ,1854,PHIL-CEB MARINE SERVICES INC.,MV SPAN 72,LOCAL  ,BOHOL SEA,DAVAO,SASA PORT,DOCKING,06/17/2026 16:10,06/17/2026 17:20,1.17 ,"26,085.99 ","26,085.99 ",,,       ,       ,,,,,,,,"26,085.99 ",,"26,085.99 ",,,"26,085.99 ",,,,,,,,,,,,,1.17 ,,,,,,,,,,,,,,,,,,,,,,,,,,,,,,,,,,,,,,,,,,,,,,,,,,,,,,,,,,,,,,,,,,,,,,,,,,,,,,,,,,,,,,"26,085.99 ",,,,,,,,,,,,,,,,,,,,,,,,,,,,,,,,,"26,085.99 ",,,,,,,,,,,,,,,,,,,,,,,,,,,,,,,,,,,,,,,,,,,,,,,,,,,,,,,,,,,,,,,,,,,,,,,,,,,,,,,,,,,,,,,,,,,DOC,
06/23/2026,37805          ,1851,ANIMO MARINE HAUELERS SHIP MANAGEMENT CORP.,MTKR MARISEL,LOCAL  ,AMATA MARU,DAVAO,PHOENIX SASA,DOCKING,06/21/2026 15:15,06/21/2026 16:15,1.00 ,"60,538.10 ","60,538.10 ",,,       ,       ,,,,,,,,"60,538.10 ",,"60,538.10 ",,"60,538.10 ",,,,,,,,,,,,,1.00 ,,,,,,,,,,,,,,,,,,,,,,,,,,,,,,,,,,,,"60,538.10 ",,,,,,,,,,,,,,,,,,,,,,,,,,,,,,,,,,,,,,,,,,,,,,,,,,,,,,,,,,,,,,,,,,,,,,,,,,,,,,,,,,,,"60,538.10 ",,,,,,,,,,,,,,,,,,,,,,,,,,,,,,,,,,,,,,,,,,,,,,,,,,,,,,,,,,,,,,,,,,,,,,,,,,,,,,,,,,,,,,,,,,,DOC,
06/23/2026,37806          ,1851,ANIMO MARINE HAUELERS SHIP MANAGEMENT CORP.,MTKR MARISEL,LOCAL  ,AMATA MARU,DAVAO,PHOENIX SASA,UNDOCKING,06/22/2026 12:10,06/22/2026 13:10,1.00 ,"60,538.10 ","60,538.10 ",,,       ,       ,,,,,,,,"60,538.10 ",,"60,538.10 ",,"60,538.10 ",,,,,,,,,,,,,1.00 ,,,,,,,,,,,,,,,,,,,,,,,,,,,,,,,,,,,,"60,538.10 ",,,,,,,,,,,,,,,,,,,,,,,,,,,,,,,,,,,,,,,,,,,,,,,,,,,,,,,,,,,,,,,,,,,,,,,,,,,,,,,,,,,,"60,538.10 ",,,,,,,,,,,,,,,,,,,,,,,,,,,,,,,,,,,,,,,,,,,,,,,,,,,,,,,,,,,,,,,,,,,,,,,,,,,,,,,,,,,,,,,,,,,DOC,
06/24/2026,1270004794-A   ,1832,INSULAR OIL CORPORATION,MT AVA,LOCAL  ,MAGSINO,SUBIC,PPC TERMINAL,UNDOCKING,06/13/2026 11:10,06/13/2026 13:05,1.92 ,"137,946.66 ","137,946.66 ",,,       ,       ,,,,,,,,"137,946.66 ",,"137,946.66 ",,,,,,,,,,,,,"137,946.66 ",,,,,,,,,,,,,,,,,,,,,,,,,,,,,,,,,,,,,,,,,,,,,,,,,,,,,,,,,,,,,,,,,,,"137,946.66 ",,,,,,,,,,,,,,,,,,,,,,,,,,,,,,,,,,,,,,,,,,,,,,,,,,,,,,,"137,946.66 ",,,,,,,,,,,,,,,,,,,,,,,,,,,,,,,,,,,,,,,,,,,,,,,,,,,,,,,,,,,,,,,,,,,,,,,,,,,,,,,,,,,,,,,,,,,DOC,
06/24/2026,1730006158-A   ,1832,INSULAR OIL CORPORATION,MT AVA,LOCAL  ,STANFORD,SUBIC,PPC TERMINAL,DOCKING,06/12/2026 05:55,06/12/2026 08:30,2.58 ,"185,365.83 ","185,365.83 ",,,       ,       ,,,,,,,,"185,365.83 ",,"185,365.83 ",,,,,,,,,,,,,"185,365.83 ",,,,,,,,,,,,,,,,,,,,,,,,,,,,,,,,,,,,,,,,,,,,,,,,,,,,,,,,,,,,,,,,,,,"185,365.83 ",,,,,,,,,,,,,,,,,,,,,,,,,,,,,,,,,,,,,,,,,,,,,,,,,,,,,,,"185,365.83 ",,,,,,,,,,,,,,,,,,,,,,,,,,,,,,,,,,,,,,,,,,,,,,,,,,,,,,,,,,,,,,,,,,,,,,,,,,,,,,,,,,,,,,,,,,,DOC,
06/24/2026,1740006573-A   ,1832,INSULAR OIL CORPORATION,MT AVA,LOCAL  ,MANGYAN,SUBIC,PPC TERMINAL,DOCKING,06/12/2026 06:05,06/12/2026 08:30,2.42 ,"173,870.27 ","173,870.27 ",,,       ,       ,,,,,,,,"173,870.27 ",,"173,870.27 ",,,,,,,,,,,,,"173,870.27 ",,,,,,,,,,,,,,,,,,,,,,,,,,,,,,,,,,,,,,,,,,,,,,,,,,,,,,,,,,,,,,,,,,,"173,870.27 ",,,,,,,,,,,,,,,,,,,,,,,,,,,,,,,,,,,,,,,,,,,,,,,,,,,,,,,"173,870.27 ",,,,,,,,,,,,,,,,,,,,,,,,,,,,,,,,,,,,,,,,,,,,,,,,,,,,,,,,,,,,,,,,,,,,,,,,,,,,,,,,,,,,,,,,,,,DOC,
06/24/2026,1740006811-A   ,1832,INSULAR OIL CORPORATION,MT AVA,LOCAL  ,MANGYAN,SUBIC,PPC TERMINAL,UNDOCKING,06/13/2026 11:15,06/13/2026 13:00,1.75 ,"125,732.64 ","125,732.64 ",,,       ,       ,,,,,,,,"125,732.64 ",,"125,732.64 ",,,,,,,,,,,,,"125,732.64 ",,,,,,,,,,,,,,,,,,,,,,,,,,,,,,,,,,,,,,,,,,,,,,,,,,,,,,,,,,,,,,,,,,,"125,732.64 ",,,,,,,,,,,,,,,,,,,,,,,,,,,,,,,,,,,,,,,,,,,,,,,,,,,,,,,"125,732.64 ",,,,,,,,,,,,,,,,,,,,,,,,,,,,,,,,,,,,,,,,,,,,,,,,,,,,,,,,,,,,,,,,,,,,,,,,,,,,,,,,,,,,,,,,,,,DOC,
06/24/2026,34516          ,1831,INSULAR OIL CORPORATION,MT CASANDRA,LOCAL  ,SUJEONG,DAVAO,INSULAR OIL,DOCKING,06/21/2026 05:45,06/21/2026 06:45,1.00 ,"43,620.50 ","43,620.50 ",,,       ,       ,,,,,,,,"43,620.50 ",,"43,620.50 ",,,,,,,,,,"43,620.50 ",,,,,,,,,,,,,1.00 ,,,,,,,,,,,,,,,,,,,,,,,,,,,,,,,,,,,,,,,,,,,,,,,,,,,,,,,,,"43,620.50 ",,,,,,,,,,,,,,,,,,,,,,,,,,,,,,,,,,,,,,,,,,,,,,,,,,,,,,,"43,620.50 ",,,,,,,,,,,,,,,,,,,,,,,,,,,,,,,,,,,,,,,,,,,,,,,,,,,,,,,,,,,,,,,,,,,,,,,,,,,,,,,,,,,,,,,,,,,DOC,
06/24/2026,34517          ,1831,INSULAR OIL CORPORATION,MT CASANDRA,LOCAL  ,SUJEONG,DAVAO,INSULAR OIL,UNDOCKING,06/21/2026 19:45,06/21/2026 20:20,0.58 ,"43,620.50 ","43,620.50 ",,,       ,       ,,,,,,,,"43,620.50 ",,"43,620.50 ",,,,,,,,,,"43,620.50 ",,,,,,,,,,,,,0.58 ,,,,,,,,,,,,,,,,,,,,,,,,,,,,,,,,,,,,,,,,,,,,,,,,,,,,,,,,,"43,620.50 ",,,,,,,,,,,,,,,,,,,,,,,,,,,,,,,,,,,,,,,,,,,,,,,,,,,,,,,"43,620.50 ",,,,,,,,,,,,,,,,,,,,,,,,,,,,,,,,,,,,,,,,,,,,,,,,,,,,,,,,,,,,,,,,,,,,,,,,,,,,,,,,,,,,,,,,,,,DOC,
06/24/2026,35458          ,1803,HERMA SHIPPING AND TRANSPORT CORPORATION,MT MALAWIG,LOCAL  ,PANAY GULF,BATANGAS,PETRON MABINI,DOCKING,06/17/2026 14:15,06/17/2026 16:55,2.67 ,"144,536.74 ","144,536.74 ",,,       ,       ,,,,,,,,"144,536.74 ",,"144,536.74 ",,,,,,,,,"144,536.74 ",,,,,,,,,,,,,2.67 ,,,,,,,,,,,,,,,,,,,,,,,,,,,,,,,,,,,,,,,,,,,,,,,,,,,,,,,,"144,536.74 ",,,,,,,,,,,,,,,,,,,,,,,,,,,,,,,,,,,,,,,,,,,,,,,,,,,,,,,,,"144,536.74 ",,,,,,,,,,,,,,,,,,,,,,,,,,,,,,,,,,,,,,,,,,,,,,,,,,,,,,,,,,,,,,,,,,,,,,,,,,,,,,,,,,,,,,,,,,,DOC,
06/24/2026,35459          ,1803,HERMA SHIPPING AND TRANSPORT CORPORATION,MT MALAWIG,LOCAL  ,PANAY GULF,BATANGAS,PETRON MABINI,UNDOCKING,06/18/2026 09:15,06/18/2026 11:10,1.92 ,"138,071.36 ","138,071.36 ",,,       ,       ,,,,,,,,"138,071.36 ",,"138,071.36 ",,,,,,,,,"138,071.36 ",,,,,,,,,,,,,1.92 ,,,,,,,,,,,,,,,,,,,,,,,,,,,,,,,,,,,,,,,,,,,,,,,,,,,,,,,,"138,071.36 ",,,,,,,,,,,,,,,,,,,,,,,,,,,,,,,,,,,,,,,,,,,,,,,,,,,,,,,,,"138,071.36 ",,,,,,,,,,,,,,,,,,,,,,,,,,,,,,,,,,,,,,,,,,,,,,,,,,,,,,,,,,,,,,,,,,,,,,,,,,,,,,,,,,,,,,,,,,,DOC,
06/24/2026,35470          ,,SITE RESOURCES DEVELOPMENT CORPORATION,MT PANGLAO ISLAND,LOCAL  ,PANAY GULF,BATANGAS,SRDC,UNDOCKING,06/24/2026 15:50,06/24/2026 16:25,0.58 ,,,,,       ,       ,,,,,,,,,,,,,,,,,,,,,,,,,,,,,,,,0.58 ,,,,,,,,,,,,,,,,,,,,,,,,,,,,,,,,,,,,,,,,,,,,,,,,,,,,,,,,,,,,,,,,,,,,,,,,,,,,,,,,,,,,,,,,,,,,,,,,,,,,,,,,,,,,,,,,,,,,,,,,,,,,,,,,,,,,,,,,,,,,,,,,,,,,,,,,,,,,,,,,,,,,,,,,,,,,,,,,,,,,,,,,,,,,,,,,,,,,,,,,,,,,,
06/24/2026,35548          ,1829,ESGUERRA SHIPPING CORPORATION,MT MAGINOO,LOCAL  ,PANAY GULF,BATANGAS,PETRON MABINI,DOCKING,06/04/2026 02:05,06/04/2026 05:05,3.00 ,"145,218.50 ","145,218.50 ",,,       ,       ,,,,,,,,"145,218.50 ",,"145,218.50 ",,,,,,,,,"145,218.50 ",,,,,,,,,,,,,3.00 ,,,,,,,,,,,,,,,,,,,,,,,,,,,,,,,,,,,,,,,,,,,"145,218.50 ",,,,,,,,,,,,,,,,,,,,,,,,,,,,,,,,,,,,,,,,,,,,,,,,,,,,,,,,,,,,,,,,,,,,,,"145,218.50 ",,,,,,,,,,,,,,,,,,,,,,,,,,,,,,,,,,,,,,,,,,,,,,,,,,,,,,,,,,,,,,,,,,,,,,,,,,,,,,,,,,,,,,,,,,,DOC,
06/24/2026,35549          ,1829,ESGUERRA SHIPPING CORPORATION,MT MAGINOO,LOCAL  ,PANAY GULF,BATANGAS,PETRON MABINI,UNDOCKING,06/04/2026 22:41,06/05/2026 00:45,2.07 ,"137,871.97 ","137,871.97 ",,,       ,       ,,,,,,,,"137,871.97 ",,"137,871.97 ",,,,,,,,,"137,871.97 ",,,,,,,,,,,,,2.07 ,,,,,,,,,,,,,,,,,,,,,,,,,,,,,,,,,,,,,,,,,,,"137,871.97 ",,,,,,,,,,,,,,,,,,,,,,,,,,,,,,,,,,,,,,,,,,,,,,,,,,,,,,,,,,,,,,,,,,,,,,"137,871.97 ",,,,,,,,,,,,,,,,,,,,,,,,,,,,,,,,,,,,,,,,,,,,,,,,,,,,,,,,,,,,,,,,,,,,,,,,,,,,,,,,,,,,,,,,,,,DOC,
06/24/2026,35749          ,1803,HERMA SHIPPING AND TRANSPORT CORPORATION,MT MALAWIG,LOCAL  ,PALDO,BATANGAS,PETRON MABINI,DOCKING,06/17/2026 14:00,06/17/2026 16:40,2.67 ,"144,536.74 ","144,536.74 ",,,       ,       ,,,,,,,,"144,536.74 ",,"144,536.74 ",,,,,,,,"144,536.74 ",,,,,,,,,,,,,2.67 ,,,,,,,,,,,,,,,,,,,,,,,,,,,,,,,,,,,,,,,,,,,,,,,,,,,,,,,,,"144,536.74 ",,,,,,,,,,,,,,,,,,,,,,,,,,,,,,,,,,,,,,,,,,,,,,,,,,,,,,,,,"144,536.74 ",,,,,,,,,,,,,,,,,,,,,,,,,,,,,,,,,,,,,,,,,,,,,,,,,,,,,,,,,,,,,,,,,,,,,,,,,,,,,,,,,,,,,,,,,,,DOC,
06/24/2026,35750          ,1803,HERMA SHIPPING AND TRANSPORT CORPORATION,MT MALAWIG,LOCAL  ,PALDO,BATANGAS,PETRON MABINI,UNDOCKING,06/18/2026 09:25,06/18/2026 11:20,1.92 ,"138,071.36 ","138,071.36 ",,,       ,       ,,,,,,,,"138,071.36 ",,"138,071.36 ",,,,,,,,"138,071.36 ",,,,,,,,,,,,,1.92 ,,,,,,,,,,,,,,,,,,,,,,,,,,,,,,,,,,,,,,,,,,,,,,,,,,,,,,,,,"138,071.36 ",,,,,,,,,,,,,,,,,,,,,,,,,,,,,,,,,,,,,,,,,,,,,,,,,,,,,,,,,"138,071.36 ",,,,,,,,,,,,,,,,,,,,,,,,,,,,,,,,,,,,,,,,,,,,,,,,,,,,,,,,,,,,,,,,,,,,,,,,,,,,,,,,,,,,,,,,,,,DOC,
06/24/2026,37558          ,1830,INSULAR OIL CORPORATION,MT BULUSAN,LOCAL  ,ALLIE BRAVO,DAVAO,INSULAR OIL,DOCKING,06/17/2026 13:40,06/17/2026 14:45,1.08 ,"44,310.14 ","44,310.14 ",,,       ,       ,,,,,,,,"44,310.14 ",,"44,310.14 ","44,310.14 ",,,,,,,,,,,,,1.08 ,,,,,,,,,,,,,,,,,,,,,,,,,,,,,,,,,,,,,,,,,,,,,,,,,,,,,,,,,,,,,,,,,,"44,310.14 ",,,,,,,,,,,,,,,,,,,,,,,,,,,,,,,,,,,,,,,,,,,,,,,,,,,,,,,"44,310.14 ",,,,,,,,,,,,,,,,,,,,,,,,,,,,,,,,,,,,,,,,,,,,,,,,,,,,,,,,,,,,,,,,,,,,,,,,,,,,,,,,,,,,,,,,,,,DOC,
06/24/2026,37559          ,1830,INSULAR OIL CORPORATION,MT BULUSAN,LOCAL  ,ALLIE BRAVO,DAVAO,INSULAR OIL,UNDOCKING,06/20/2026 17:20,06/20/2026 17:45,0.42 ,"43,620.50 ","43,620.50 ",,,       ,       ,,,,,,,,"43,620.50 ",,"43,620.50 ","43,620.50 ",,,,,,,,,,,,,0.42 ,,,,,,,,,,,,,,,,,,,,,,,,,,,,,,,,,,,,,,,,,,,,,,,,,,,,,,,,,,,,,,,,,,"43,620.50 ",,,,,,,,,,,,,,,,,,,,,,,,,,,,,,,,,,,,,,,,,,,,,,,,,,,,,,,"43,620.50 ",,,,,,,,,,,,,,,,,,,,,,,,,,,,,,,,,,,,,,,,,,,,,,,,,,,,,,,,,,,,,,,,,,,,,,,,,,,,,,,,,,,,,,,,,,,DOC,
06/24/2026,37686          ,1856,PHIL-CEB MARINE SERVICES INC.,MV SPAN ASIA 51,LOCAL  ,AMATA MARU,DAVAO,SASA PORT,DOCKING,06/11/2026 10:55,06/11/2026 11:55,1.00 ,"25,919.00 ","25,919.00 ",,,       ,       ,,,,,,,,"25,919.00 ",,"25,919.00 ",,"25,919.00 ",,,,,,,,,,,,,1.00 ,,,,,,,,,,,,,,,,,,,,,,,,,,,,,,,,,,,,,,,,,,,,,,,,,,,,,,,,,,,,,,,,,,,,,,,,,,,,,,,,,,,,,,,"25,919.00 ",,,,,,,,,,,,,,,,,,,,,,,,,,,,,,,,,"25,919.00 ",,,,,,,,,,,,,,,,,,,,,,,,,,,,,,,,,,,,,,,,,,,,,,,,,,,,,,,,,,,,,,,,,,,,,,,,,,,,,,,,,,,,,,,,,,,DOC,
06/24/2026,37687          ,1856,PHIL-CEB MARINE SERVICES INC.,MV SPAN ASIA 51,LOCAL  ,AMATA MARU,DAVAO,SASA PORT,UNDOCKING,06/11/2026 15:35,06/11/2026 16:35,1.00 ,"25,919.00 ","25,919.00 ",,,       ,       ,,,,,,,,"25,919.00 ",,"25,919.00 ",,"25,919.00 ",,,,,,,,,,,,,1.00 ,,,,,,,,,,,,,,,,,,,,,,,,,,,,,,,,,,,,,,,,,,,,,,,,,,,,,,,,,,,,,,,,,,,,,,,,,,,,,,,,,,,,,,,"25,919.00 ",,,,,,,,,,,,,,,,,,,,,,,,,,,,,,,,,"25,919.00 ",,,,,,,,,,,,,,,,,,,,,,,,,,,,,,,,,,,,,,,,,,,,,,,,,,,,,,,,,,,,,,,,,,,,,,,,,,,,,,,,,,,,,,,,,,,DOC,
06/24/2026,37688          ,1828,BEN LINE AGENCIES PHILS INC,MV FUTURE GOLD,FOREIGN,AMATA MARU,DAVAO,KTC,DOCKING,06/14/2026 13:00,06/14/2026 16:00,3.00 ,"104,757.00 ","104,757.00 ",,,       ,       ,,,,,,,,"104,757.00 ",,"104,757.00 ",,"104,757.00 ",,,,,,,,,,,,,3.00 ,,,,,,,,,,,,,,,,,,,,,,,,,,,,,,,,,,,,,,,,,"104,757.00 ",,,,,,,,,,,,,,,,,,,,,,,,,,,,,,,,,,,,,,,,,,,,,,,,,,,,,,,,,,,,,,,,,,,,,,,,,,,,,,,"104,757.00 ",,,,,,,,,,,,,,,,,,,,,,,,,,,,,,,,,,,,,,,,,,,,,,,,,,,,,,,,,,,,,,,,,,,,,,,,,,,,,,,,,,,,,,,,,,,DOC,"YOSEIMARU MARINE CO.,LIMITED"
06/24/2026,37689          ,1828,BEN LINE AGENCIES PHILS INC,MV FUTURE GOLD,FOREIGN,AMATA MARU,DAVAO,KTC,UNDOCKING,06/18/2026 14:50,06/18/2026 17:30,2.67 ,"98,016.74 ","98,016.74 ",,,       ,       ,,,,,,,,"98,016.74 ",,"98,016.74 ",,"98,016.74 ",,,,,,,,,,,,,2.67 ,,,,,,,,,,,,,,,,,,,,,,,,,,,,,,,,,,,,,,,,,"98,016.74 ",,,,,,,,,,,,,,,,,,,,,,,,,,,,,,,,,,,,,,,,,,,,,,,,,,,,,,,,,,,,,,,,,,,,,,,,,,,,,,,"98,016.74 ",,,,,,,,,,,,,,,,,,,,,,,,,,,,,,,,,,,,,,,,,,,,,,,,,,,,,,,,,,,,,,,,,,,,,,,,,,,,,,,,,,,,,,,,,,,DOC,"YOSEIMARU MARINE CO.,LIMITED"
06/24/2026,37697          ,1830,INSULAR OIL CORPORATION,MT BULUSAN,LOCAL  ,AMATA MARU,DAVAO,INSULAR OIL,UNDOCKING,06/20/2026 17:00,06/20/2026 17:45,0.75 ,"43,620.50 ","43,620.50 ",,,       ,       ,,,,,,,,"43,620.50 ",,"43,620.50 ",,"43,620.50 ",,,,,,,,,,,,,0.75 ,,,,,,,,,,,,,,,,,,,,,,,,,,,,,,,,,,,,,,,,,,,,,,,,,,,,,,,,,,,,,,,,,"43,620.50 ",,,,,,,,,,,,,,,,,,,,,,,,,,,,,,,,,,,,,,,,,,,,,,,,,,,,,,,"43,620.50 ",,,,,,,,,,,,,,,,,,,,,,,,,,,,,,,,,,,,,,,,,,,,,,,,,,,,,,,,,,,,,,,,,,,,,,,,,,,,,,,,,,,,,,,,,,,DOC,
06/24/2026,37698          ,1830,INSULAR OIL CORPORATION,MT BULUSAN,LOCAL  ,AMATA MARU,DAVAO,INSULAR OIL,DOCKING,06/17/2026 13:40,06/17/2026 14:50,1.17 ,"45,085.99 ","45,085.99 ",,,       ,       ,,,,,,,,"45,085.99 ",,"45,085.99 ",,"45,085.99 ",,,,,,,,,,,,,1.17 ,,,,,,,,,,,,,,,,,,,,,,,,,,,,,,,,,,,,,,,,,,,,,,,,,,,,,,,,,,,,,,,,,"45,085.99 ",,,,,,,,,,,,,,,,,,,,,,,,,,,,,,,,,,,,,,,,,,,,,,,,,,,,,,,"45,085.99 ",,,,,,,,,,,,,,,,,,,,,,,,,,,,,,,,,,,,,,,,,,,,,,,,,,,,,,,,,,,,,,,,,,,,,,,,,,,,,,,,,,,,,,,,,,,DOC,
06/24/2026,37758          ,1856,PHIL-CEB MARINE SERVICES INC.,MV SPAN ASIA 51,LOCAL  ,BOHOL SEA,DAVAO,SASA PORT,UNDOCKING,06/11/2026 15:40,06/11/2026 16:40,1.00 ,"25,919.00 ","25,919.00 ",,,       ,       ,,,,,,,,"25,919.00 ",,"25,919.00 ",,,"25,919.00 ",,,,,,,,,,,,,1.00 ,,,,,,,,,,,,,,,,,,,,,,,,,,,,,,,,,,,,,,,,,,,,,,,,,,,,,,,,,,,,,,,,,,,,,,,,,,,,,,,,,,,,,,"25,919.00 ",,,,,,,,,,,,,,,,,,,,,,,,,,,,,,,,,"25,919.00 ",,,,,,,,,,,,,,,,,,,,,,,,,,,,,,,,,,,,,,,,,,,,,,,,,,,,,,,,,,,,,,,,,,,,,,,,,,,,,,,,,,,,,,,,,,,DOC,
06/24/2026,37759          ,1856,PHIL-CEB MARINE SERVICES INC.,MV SPAN ASIA 51,LOCAL  ,BOHOL SEA,DAVAO,SASA PORT,DOCKING,06/11/2026 11:00,06/11/2026 12:00,1.00 ,"25,919.00 ","25,919.00 ",,,       ,       ,,,,,,,,"25,919.00 ",,"25,919.00 ",,,"25,919.00 ",,,,,,,,,,,,,1.00 ,,,,,,,,,,,,,,,,,,,,,,,,,,,,,,,,,,,,,,,,,,,,,,,,,,,,,,,,,,,,,,,,,,,,,,,,,,,,,,,,,,,,,,"25,919.00 ",,,,,,,,,,,,,,,,,,,,,,,,,,,,,,,,,"25,919.00 ",,,,,,,,,,,,,,,,,,,,,,,,,,,,,,,,,,,,,,,,,,,,,,,,,,,,,,,,,,,,,,,,,,,,,,,,,,,,,,,,,,,,,,,,,,,DOC,
06/24/2026,37760          ,1852,GAC PHILIPPINES INC,MT JAL SIDDHI,FOREIGN,BOHOL SEA,DAVAO,STA ANA ANCHORAGE,FERRY SERVICE,06/12/2026 10:55,06/12/2026 16:10,5.25 ,"402,613.05 ","402,613.05 ",,,       ,       ,,,,,,,,"402,613.05 ",,"402,613.05 ",,,"402,613.05 ",,,,,,,,,,,,,5.25 ,,,,,,,,,,,,,,,,,,,,,,,,,,,,,,,,,,,,,,,,,,,,,,,,,,,,,,,,"402,613.05 ",,,,,,,,,,,,,,,,,,,,,,,,,,,,,,,,,,,,,,,,,,,,,,,,,,,,,,,,,,,,,,,"402,613.05 ",,,,,,,,,,,,,,,,,,,,,,,,,,,,,,,,,,,,,,,,,,,,,,,,,,,,,,,,,,,,,,,,,,,,,,,,,,,,,,,,,,,,,,,,,,,DOC,APOLLO SHIP MANAGEMENT INDIA PVT LTD
06/24/2026,37762          ,1828,BEN LINE AGENCIES PHILS INC,MV FUTURE GOLD,FOREIGN,BOHOL SEA,DAVAO,KTC,UNDOCKING,06/18/2026 14:55,06/18/2026 17:30,2.58 ,"97,240.89 ","97,240.89 ",,,       ,       ,,,,,,,,"97,240.89 ",,"97,240.89 ",,,"97,240.89 ",,,,,,,,,,,,,2.58 ,,,,,,,,,,,,,,,,,,,,,,,,,,,,,,,,,,,,,,,,"97,240.89 ",,,,,,,,,,,,,,,,,,,,,,,,,,,,,,,,,,,,,,,,,,,,,,,,,,,,,,,,,,,,,,,,,,,,,,,,,,,,,,,"97,240.89 ",,,,,,,,,,,,,,,,,,,,,,,,,,,,,,,,,,,,,,,,,,,,,,,,,,,,,,,,,,,,,,,,,,,,,,,,,,,,,,,,,,,,,,,,,,,DOC,"YOSEIMARU MARINE CO.,LIMITED"
06/24/2026,37763          ,1828,BEN LINE AGENCIES PHILS INC,MV FUTURE GOLD,FOREIGN,BOHOL SEA,DAVAO,KTC,DOCKING,06/14/2026 13:00,06/14/2026 16:10,3.17 ,"106,443.23 ","106,443.23 ",,,       ,       ,,,,,,,,"106,443.23 ",,"106,443.23 ",,,"106,443.23 ",,,,,,,,,,,,,3.17 ,,,,,,,,,,,,,,,,,,,,,,,,,,,,,,,,,,,,,,,,"106,443.23 ",,,,,,,,,,,,,,,,,,,,,,,,,,,,,,,,,,,,,,,,,,,,,,,,,,,,,,,,,,,,,,,,,,,,,,,,,,,,,,,"106,443.23 ",,,,,,,,,,,,,,,,,,,,,,,,,,,,,,,,,,,,,,,,,,,,,,,,,,,,,,,,,,,,,,,,,,,,,,,,,,,,,,,,,,,,,,,,,,,DOC,"YOSEIMARU MARINE CO.,LIMITED"
06/24/2026,37772          ,1855,PHIL-CEB MARINE SERVICES INC.,MV SAN RAFAEL DOS,LOCAL  ,BOHOL SEA,DAVAO,SASA PORT,DOCKING,06/20/2026 23:30,06/21/2026 00:50,1.33 ,"27,465.27 ","27,465.27 ",,,       ,       ,,,,,,,,"27,465.27 ",,"27,465.27 ",,,"27,465.27 ",,,,,,,,,,,,,1.33 ,,,,,,,,,,,,,,,,,,,,,,,,,,,,,,,,,,,,,,,,,,,,,,,,,,,,,,,,,,,,,,,,,,,,,,,,,,,,,,,,,,,,,,"27,465.27 ",,,,,,,,,,,,,,,,,,,,,,,,,,,,,,,,,"27,465.27 ",,,,,,,,,,,,,,,,,,,,,,,,,,,,,,,,,,,,,,,,,,,,,,,,,,,,,,,,,,,,,,,,,,,,,,,,,,,,,,,,,,,,,,,,,,,DOC,
06/24/2026,37773          ,1855,PHIL-CEB MARINE SERVICES INC.,MV SAN RAFAEL DOS,LOCAL  ,BOHOL SEA,DAVAO,SASA PORT,UNDOCKING,06/22/2026 00:30,06/22/2026 01:10,0.67 ,"24,620.50 ","24,620.50 ",,,       ,       ,,,,,,,,"24,620.50 ",,"24,620.50 ",,,"24,620.50 ",,,,,,,,,,,,,0.67 ,,,,,,,,,,,,,,,,,,,,,,,,,,,,,,,,,,,,,,,,,,,,,,,,,,,,,,,,,,,,,,,,,,,,,,,,,,,,,,,,,,,,,,"24,620.50 ",,,,,,,,,,,,,,,,,,,,,,,,,,,,,,,,,"24,620.50 ",,,,,,,,,,,,,,,,,,,,,,,,,,,,,,,,,,,,,,,,,,,,,,,,,,,,,,,,,,,,,,,,,,,,,,,,,,,,,,,,,,,,,,,,,,,DOC,
06/24/2026,37801          ,1855,PHIL-CEB MARINE SERVICES INC.,MV SAN RAFAEL DOS,LOCAL  ,AMATA MARU,DAVAO,SASA PORT,DOCKING,06/20/2026 23:20,06/21/2026 00:50,1.50 ,"28,930.75 ","28,930.75 ",,,       ,       ,,,,,,,,"28,930.75 ",,"28,930.75 ",,"28,930.75 ",,,,,,,,,,,,,1.50 ,,,,,,,,,,,,,,,,,,,,,,,,,,,,,,,,,,,,,,,,,,,,,,,,,,,,,,,,,,,,,,,,,,,,,,,,,,,,,,,,,,,,,,,"28,930.75 ",,,,,,,,,,,,,,,,,,,,,,,,,,,,,,,,,"28,930.75 ",,,,,,,,,,,,,,,,,,,,,,,,,,,,,,,,,,,,,,,,,,,,,,,,,,,,,,,,,,,,,,,,,,,,,,,,,,,,,,,,,,,,,,,,,,,DOC,
06/24/2026,37802          ,1855,PHIL-CEB MARINE SERVICES INC.,MV SAN RAFAEL DOS,LOCAL  ,AMATA MARU,DAVAO,SASA PORT,UNDOCKING,06/22/2026 00:30,06/22/2026 01:10,0.67 ,"24,620.50 ","24,620.50 ",,,       ,       ,,,,,,,,"24,620.50 ",,"24,620.50 ",,"24,620.50 ",,,,,,,,,,,,,0.67 ,,,,,,,,,,,,,,,,,,,,,,,,,,,,,,,,,,,,,,,,,,,,,,,,,,,,,,,,,,,,,,,,,,,,,,,,,,,,,,,,,,,,,,,"24,620.50 ",,,,,,,,,,,,,,,,,,,,,,,,,,,,,,,,,"24,620.50 ",,,,,,,,,,,,,,,,,,,,,,,,,,,,,,,,,,,,,,,,,,,,,,,,,,,,,,,,,,,,,,,,,,,,,,,,,,,,,,,,,,,,,,,,,,,DOC,
06/24/2026,37803          ,1831,INSULAR OIL CORPORATION,MT CASANDRA,LOCAL  ,AMATA MARU,DAVAO,INSULAR OIL,DOCKING,06/21/2026 05:40,06/21/2026 06:45,1.08 ,"44,310.14 ","44,310.14 ",,,       ,       ,,,,,,,,"44,310.14 ",,"44,310.14 ",,"44,310.14 ",,,,,,,,,,,,,1.08 ,,,,,,,,,,,,,,,,,,,,,,,,,,,,,,,,,,,,,,,,,,,,,,,,,,,,,,,,,,,,,,,,,"44,310.14 ",,,,,,,,,,,,,,,,,,,,,,,,,,,,,,,,,,,,,,,,,,,,,,,,,,,,,,,"44,310.14 ",,,,,,,,,,,,,,,,,,,,,,,,,,,,,,,,,,,,,,,,,,,,,,,,,,,,,,,,,,,,,,,,,,,,,,,,,,,,,,,,,,,,,,,,,,,DOC,
06/24/2026,37804          ,1831,INSULAR OIL CORPORATION,MT CASANDRA,LOCAL  ,AMATA MARU,DAVAO,INSULAR OIL,UNDOCKING,06/21/2026 19:40,06/21/2026 20:25,0.75 ,"43,620.50 ","43,620.50 ",,,       ,       ,,,,,,,,"43,620.50 ",,"43,620.50 ",,"43,620.50 ",,,,,,,,,,,,,0.75 ,,,,,,,,,,,,,,,,,,,,,,,,,,,,,,,,,,,,,,,,,,,,,,,,,,,,,,,,,,,,,,,,,"43,620.50 ",,,,,,,,,,,,,,,,,,,,,,,,,,,,,,,,,,,,,,,,,,,,,,,,,,,,,,,"43,620.50 ",,,,,,,,,,,,,,,,,,,,,,,,,,,,,,,,,,,,,,,,,,,,,,,,,,,,,,,,,,,,,,,,,,,,,,,,,,,,,,,,,,,,,,,,,,,DOC,
06/25/2026,26-0326M       ,1835,ISLAS TANKERS SEATRANSPORT CORP.,MT SAMAL ISLAND,LOCAL  ,BATANGAS MOORING BOAT,BATANGAS,CHEVRON,MOORING,05/24/2026 17:20,05/24/2026 20:00,2.67 ,"8,960.00 ","8,960.00 ",,,       ,       ,,,,,,,,"8,960.00 ",,"8,960.00 ",,,,,,,,,,,,,"8,960.00 ",,,,,,,,,,,,,,,,,,,,,,,,,,,,,,,,,,,,,,,,,,,,,,,,,,,,,,,,,,,,,,,,,,,,"8,960.00 ",,,,,,,,,,,,,,,,,,,,,,,,,,,,,,,,,,,,,,,,,,,,,,,,,,,,,,"8,960.00 ",,,,,,,,,,,,,,,,,,,,,,,,,,,,,,,,,,,,,,,,,,,,,,,,,,,,,,,,,,,,,,,,,,,,,,,,,,,,,,,,,,,,,,,,,,,DOC,
06/25/2026,26-0326M       ,1835,ISLAS TANKERS SEATRANSPORT CORP.,MT SAMAL ISLAND,LOCAL  ,BATANGAS MOORING BOAT,BATANGAS,CHEVRON,MOORING,05/24/2026 17:20,05/24/2026 20:00,2.67 ,"8,960.00 ","8,960.00 ",,,       ,       ,,,,,,,,"8,960.00 ",,"8,960.00 ",,,,,,,,,,,,,"8,960.00 ",,,,,,,,,,,,,,,,,,,,,,,,,,,,,,,,,,,,,,,,,,,,,,,,,,,,,,,,,,,,,,,,,,,,"8,960.00 ",,,,,,,,,,,,,,,,,,,,,,,,,,,,,,,,,,,,,,,,,,,,,,,,,,,,,,"8,960.00 ",,,,,,,,,,,,,,,,,,,,,,,,,,,,,,,,,,,,,,,,,,,,,,,,,,,,,,,,,,,,,,,,,,,,,,,,,,,,,,,,,,,,,,,,,,,DOC,
06/25/2026,26-0326U       ,1835,ISLAS TANKERS SEATRANSPORT CORP.,MT SAMAL ISLAND,LOCAL  ,BATANGAS MOORING BOAT,BATANGAS,CHEVRON,UNMOORING,05/26/2026 07:10,05/26/2026 08:20,1.17 ,"8,960.00 ","8,960.00 ",,,       ,       ,,,,,,,,"8,960.00 ",,"8,960.00 ",,,,,,,,,,,,,"8,960.00 ",,,,,,,,,,,,,,,,,,,,,,,,,,,,,,,,,,,,,,,,,,,,,,,,,,,,,,,,,,,,,,,,,,,,"8,960.00 ",,,,,,,,,,,,,,,,,,,,,,,,,,,,,,,,,,,,,,,,,,,,,,,,,,,,,,"8,960.00 ",,,,,,,,,,,,,,,,,,,,,,,,,,,,,,,,,,,,,,,,,,,,,,,,,,,,,,,,,,,,,,,,,,,,,,,,,,,,,,,,,,,,,,,,,,,DOC,
06/25/2026,26-0326U       ,1835,ISLAS TANKERS SEATRANSPORT CORP.,MT SAMAL ISLAND,LOCAL  ,BATANGAS MOORING BOAT,BATANGAS,CHEVRON,UNMOORING,05/26/2026 07:10,05/26/2026 08:20,1.17 ,"8,960.00 ","8,960.00 ",,,       ,       ,,,,,,,,"8,960.00 ",,"8,960.00 ",,,,,,,,,,,,,"8,960.00 ",,,,,,,,,,,,,,,,,,,,,,,,,,,,,,,,,,,,,,,,,,,,,,,,,,,,,,,,,,,,,,,,,,,,"8,960.00 ",,,,,,,,,,,,,,,,,,,,,,,,,,,,,,,,,,,,,,,,,,,,,,,,,,,,,,"8,960.00 ",,,,,,,,,,,,,,,,,,,,,,,,,,,,,,,,,,,,,,,,,,,,,,,,,,,,,,,,,,,,,,,,,,,,,,,,,,,,,,,,,,,,,,,,,,,DOC,
06/25/2026,26-0338M       ,1838,ISLAS TANKERS SEATRANSPORT CORP.,MT MASBATE ISLAND,LOCAL  ,BATANGAS MOORING BOAT,BATANGAS,CHEVRON,MOORING,06/18/2026 15:00,06/18/2026 16:20,1.33 ,"8,000.00 ","8,000.00 ",,,       ,       ,,,,,,,,"8,000.00 ",,"8,000.00 ",,,,,,,,,,,,,"8,000.00 ",,,,,,,,,,,,,,,,,,,,,,,,,,,,,,,,,,,,,,,,,,,,,,,,,,,,,,,,,,,,,,,,,,,,"8,000.00 ",,,,,,,,,,,,,,,,,,,,,,,,,,,,,,,,,,,,,,,,,,,,,,,,,,,,,,"8,000.00 ",,,,,,,,,,,,,,,,,,,,,,,,,,,,,,,,,,,,,,,,,,,,,,,,,,,,,,,,,,,,,,,,,,,,,,,,,,,,,,,,,,,,,,,,,,,DOC,
06/25/2026,26-0338U       ,1838,ISLAS TANKERS SEATRANSPORT CORP.,MT MASBATE ISLAND,LOCAL  ,BATANGAS MOORING BOAT,BATANGAS,CHEVRON,UNMOORING,06/20/2026 09:25,06/20/2026 10:50,1.42 ,"8,000.00 ","8,000.00 ",,,       ,       ,,,,,,,,"8,000.00 ",,"8,000.00 ",,,,,,,,,,,,,"8,000.00 ",,,,,,,,,,,,,,,,,,,,,,,,,,,,,,,,,,,,,,,,,,,,,,,,,,,,,,,,,,,,,,,,,,,,"8,000.00 ",,,,,,,,,,,,,,,,,,,,,,,,,,,,,,,,,,,,,,,,,,,,,,,,,,,,,,"8,000.00 ",,,,,,,,,,,,,,,,,,,,,,,,,,,,,,,,,,,,,,,,,,,,,,,,,,,,,,,,,,,,,,,,,,,,,,,,,,,,,,,,,,,,,,,,,,,DOC,
06/25/2026,26-6393M       ,1834,WILLY ONG DIZON,MT COSTICA,LOCAL  ,SURIGAO MOORING BOAT,SURIGAO,CORALES DEPOT,MOORING,06/01/2026 09:00,06/01/2026 10:00,1.00 ,"20,000.00 ","20,000.00 ",,,       ,       ,,,,,,,,"20,000.00 ",,"20,000.00 ",,,,,,,,,,,,,"20,000.00 ",,,,,,,,,,,,,,,,,,,,,,,,,,,,,,,,,,,,,,,,,,,,,,,,,,,,,,,,,,,,,,,,,,,,,,,,,,,,,,,,,,,,,,,,,,,,,,,,,,,,,,,,,,,,,,,,,,,,,,"20,000.00 ",,,,"20,000.00 ",,,,,,,,,,,,,,,,,,,,,,,,,,,,,,,,,,,,,,,,,,,,,,,,,,,,,,,,,,,,,,,,,,,,,,,,,,,,,,,,,,,,,,,,,,,DOC,
06/25/2026,26-6394U       ,1834,WILLY ONG DIZON,MT COSTICA,LOCAL  ,SURIGAO MOORING BOAT,SURIGAO,CORALES DEPOT,UNMOORING,06/05/2026 11:45,06/05/2026 12:25,0.67 ,"20,000.00 ","20,000.00 ",,,       ,       ,,,,,,,,"20,000.00 ",,"20,000.00 ",,,,,,,,,,,,,"20,000.00 ",,,,,,,,,,,,,,,,,,,,,,,,,,,,,,,,,,,,,,,,,,,,,,,,,,,,,,,,,,,,,,,,,,,,,,,,,,,,,,,,,,,,,,,,,,,,,,,,,,,,,,,,,,,,,,,,,,,,,,"20,000.00 ",,,,"20,000.00 ",,,,,,,,,,,,,,,,,,,,,,,,,,,,,,,,,,,,,,,,,,,,,,,,,,,,,,,,,,,,,,,,,,,,,,,,,,,,,,,,,,,,,,,,,,,DOC,
06/25/2026,34518          ,1833,NARRA TANKERS CORPORATION,NTC HARIBON,LOCAL  ,SUJEONG,DAVAO,PETRON SASA,UNDOCKING,06/23/2026 00:35,06/23/2026 01:25,0.83 ,"55,456.50 ","55,456.50 ",,,       ,       ,,,,,,,,"55,456.50 ",,"55,456.50 ",,,,,,,,,,"55,456.50 ",,,,,,,,,,,,,0.83 ,,,,,,,,,,,,,,,,,,,,,,,,,,,,,,,,,,,,,,,,,,,,,,,,,,,,,,,,,,,,,,,,,,,,,,"55,456.50 ",,,,,,,,,,,,,,,,,,,,,,,,,,,,,,,,,,,,,,,,,,"55,456.50 ",,,,,,,,,,,,,,,,,,,,,,,,,,,,,,,,,,,,,,,,,,,,,,,,,,,,,,,,,,,,,,,,,,,,,,,,,,,,,,,,,,,,,,,,,,,DOC,
06/25/2026,35461          ,1838,ISLAS TANKERS SEATRANSPORT CORP.,MT MASBATE ISLAND,LOCAL  ,PANAY GULF,BATANGAS,CHEVRON,DOCKING,06/18/2026 15:25,06/18/2026 16:45,1.33 ,"85,665.97 ","85,665.97 ",,,       ,       ,,,,,,,,"85,665.97 ",,"85,665.97 ",,,,,,,,,"85,665.97 ",,,,,,,,,,,,,1.33 ,,,,,,,,,,,,,,,,,,,,,,,,,,,,,,,,,,,,,,,,,,,,,,,,,,,,,,,,,,,"85,665.97 ",,,,,,,,,,,,,,,,,,,,,,,,,,,,,,,,,,,,,,,,,,,,,,,,,,,,,,"85,665.97 ",,,,,,,,,,,,,,,,,,,,,,,,,,,,,,,,,,,,,,,,,,,,,,,,,,,,,,,,,,,,,,,,,,,,,,,,,,,,,,,,,,,,,,,,,,,DOC,
06/25/2026,35463          ,1838,ISLAS TANKERS SEATRANSPORT CORP.,MT MASBATE ISLAND,LOCAL  ,PANAY GULF,BATANGAS,CHEVRON,UNDOCKING,06/20/2026 09:25,06/20/2026 11:20,1.92 ,"123,668.16 ","123,668.16 ",,,       ,       ,,,,,,,,"123,668.16 ",,"123,668.16 ",,,,,,,,,"123,668.16 ",,,,,,,,,,,,,1.92 ,,,,,,,,,,,,,,,,,,,,,,,,,,,,,,,,,,,,,,,,,,,,,,,,,,,,,,,,,,,"123,668.16 ",,,,,,,,,,,,,,,,,,,,,,,,,,,,,,,,,,,,,,,,,,,,,,,,,,,,,,"123,668.16 ",,,,,,,,,,,,,,,,,,,,,,,,,,,,,,,,,,,,,,,,,,,,,,,,,,,,,,,,,,,,,,,,,,,,,,,,,,,,,,,,,,,,,,,,,,,DOC,
06/25/2026,35533          ,1835,ISLAS TANKERS SEATRANSPORT CORP.,MT SAMAL ISLAND,LOCAL  ,PANAY GULF,BATANGAS,CHEVRON,UNDOCKING,05/26/2026 06:45,05/26/2026 08:50,2.08 ,"155,293.47 ","155,293.47 ",,,       ,       ,,,,,,,,"155,293.47 ",,"155,293.47 ",,,,,,,,,"155,293.47 ",,,,,,,,,,,,,2.08 ,,,,,,,,,,,,,,,,,,,,,,,,,,,,,,,,,,,,,,,,,,,,,,,,,,,,,,,,,,,"155,293.47 ",,,,,,,,,,,,,,,,,,,,,,,,,,,,,,,,,,,,,,,,,,,,,,,,,,,,,,"155,293.47 ",,,,,,,,,,,,,,,,,,,,,,,,,,,,,,,,,,,,,,,,,,,,,,,,,,,,,,,,,,,,,,,,,,,,,,,,,,,,,,,,,,,,,,,,,,,DOC,
06/25/2026,35533          ,1835,ISLAS TANKERS SEATRANSPORT CORP.,MT SAMAL ISLAND,LOCAL  ,PANAY GULF,BATANGAS,CHEVRON,UNDOCKING,05/26/2026 06:45,05/26/2026 08:50,2.08 ,"155,293.47 ","155,293.47 ",,,       ,       ,,,,,,,,"155,293.47 ",,"155,293.47 ",,,,,,,,,"155,293.47 ",,,,,,,,,,,,,2.08 ,,,,,,,,,,,,,,,,,,,,,,,,,,,,,,,,,,,,,,,,,,,,,,,,,,,,,,,,,,,"155,293.47 ",,,,,,,,,,,,,,,,,,,,,,,,,,,,,,,,,,,,,,,,,,,,,,,,,,,,,,"155,293.47 ",,,,,,,,,,,,,,,,,,,,,,,,,,,,,,,,,,,,,,,,,,,,,,,,,,,,,,,,,,,,,,,,,,,,,,,,,,,,,,,,,,,,,,,,,,,DOC,
06/25/2026,35607-A        ,,INSULAR OIL CORPORATION,MT CHELSEA CHARLIZE,LOCAL  ,FORTIS I,BATANGAS,SINISIAN LEMERY BATANGAS PORT,DOCKING,06/25/2026 07:05,06/25/2026 08:35,1.50 ,,,,,       ,       ,,,,,,,,,,,,,,,,,,,,,,,,,,,,,,,,,,,,,,,,,,,,,,,,,,,,,,,,,,,,,,,,,,,,,,,,,,,,,,,,,,,,,,,,,,,,,,,,,,,,,,,,,,,,,,,,,,,,,,,,,,,,,,,,,,,,,,,,,,,,,,,,,,,,,,,,,,,,,,,,,,,,,,,,,,,,,,,,,,,,,,,,,,,,,,,,,,,,,,,,,,,,,,,,,,,,,,,,,,,,,,,,,,,,,,,,,,,,,
06/25/2026,35616-A        ,,INSULAR OIL CORPORATION,MT CHELSEA CHARLIZE,LOCAL  ,SEDAR 8,BATANGAS,SINISIAN LEMERY BATANGAS PORT,DOCKING,06/25/2026 07:20,06/25/2026 08:40,1.33 ,,,,,       ,       ,,,,,,,,,,,,,,,,,,,,,,,,,,,,,,,,,,,,,,,,,,,,,,,,,,,,,,,,,,,,,,,,,,,,,,,,,,,,,,,,,,,,,,,,,,,,,,,,,,,,,,,,,,,,,,,,,,,,,,,,,,,,,,,,,,,,,,,,,,,,,,,,,,,,,,,,,,,,,,,,,,,,,,,,,,,,,,,,,,,,,,,,,,,,,,,,,,,,,,,,,,,,,,,,,,,,,,,,,,,,,,,,,,,,,,,,,,,,,
06/25/2026,35716          ,1835,ISLAS TANKERS SEATRANSPORT CORP.,MT SAMAL ISLAND,LOCAL  ,PALDO,BATANGAS,CHEVRON,DOCKING,05/24/2026 18:05,05/24/2026 19:05,1.00 ,"73,974.32 ","73,974.32 ",,,       ,       ,,,,,,,,"73,974.32 ",,"73,974.32 ",,,,,,,,"73,974.32 ",,,,,,,,,,,,,1.00 ,,,,,,,,,,,,,,,,,,,,,,,,,,,,,,,,,,,,,,,,,,,,,,,,,,,,,,,,,,,,"73,974.32 ",,,,,,,,,,,,,,,,,,,,,,,,,,,,,,,,,,,,,,,,,,,,,,,,,,,,,,"73,974.32 ",,,,,,,,,,,,,,,,,,,,,,,,,,,,,,,,,,,,,,,,,,,,,,,,,,,,,,,,,,,,,,,,,,,,,,,,,,,,,,,,,,,,,,,,,,,DOC,
06/25/2026,35716          ,1835,ISLAS TANKERS SEATRANSPORT CORP.,MT SAMAL ISLAND,LOCAL  ,PALDO,BATANGAS,CHEVRON,DOCKING,05/24/2026 18:05,05/24/2026 19:05,1.00 ,"73,974.32 ","73,974.32 ",,,       ,       ,,,,,,,,"73,974.32 ",,"73,974.32 ",,,,,,,,"73,974.32 ",,,,,,,,,,,,,1.00 ,,,,,,,,,,,,,,,,,,,,,,,,,,,,,,,,,,,,,,,,,,,,,,,,,,,,,,,,,,,,"73,974.32 ",,,,,,,,,,,,,,,,,,,,,,,,,,,,,,,,,,,,,,,,,,,,,,,,,,,,,,"73,974.32 ",,,,,,,,,,,,,,,,,,,,,,,,,,,,,,,,,,,,,,,,,,,,,,,,,,,,,,,,,,,,,,,,,,,,,,,,,,,,,,,,,,,,,,,,,,,DOC,
06/25/2026,35732          ,1835,ISLAS TANKERS SEATRANSPORT CORP.,MT SAMAL ISLAND,LOCAL  ,PALDO,BATANGAS,CHEVRON,UNDOCKING,05/26/2026 07:10,05/26/2026 08:20,1.17 ,"87,352.57 ","87,352.57 ",,,       ,       ,,,,,,,,"87,352.57 ",,"87,352.57 ",,,,,,,,"87,352.57 ",,,,,,,,,,,,,1.17 ,,,,,,,,,,,,,,,,,,,,,,,,,,,,,,,,,,,,,,,,,,,,,,,,,,,,,,,,,,,,"87,352.57 ",,,,,,,,,,,,,,,,,,,,,,,,,,,,,,,,,,,,,,,,,,,,,,,,,,,,,,"87,352.57 ",,,,,,,,,,,,,,,,,,,,,,,,,,,,,,,,,,,,,,,,,,,,,,,,,,,,,,,,,,,,,,,,,,,,,,,,,,,,,,,,,,,,,,,,,,,DOC,
06/25/2026,35732          ,1835,ISLAS TANKERS SEATRANSPORT CORP.,MT SAMAL ISLAND,LOCAL  ,PALDO,BATANGAS,CHEVRON,UNDOCKING,05/26/2026 07:10,05/26/2026 08:20,1.17 ,"87,352.57 ","87,352.57 ",,,       ,       ,,,,,,,,"87,352.57 ",,"87,352.57 ",,,,,,,,"87,352.57 ",,,,,,,,,,,,,1.17 ,,,,,,,,,,,,,,,,,,,,,,,,,,,,,,,,,,,,,,,,,,,,,,,,,,,,,,,,,,,,"87,352.57 ",,,,,,,,,,,,,,,,,,,,,,,,,,,,,,,,,,,,,,,,,,,,,,,,,,,,,,"87,352.57 ",,,,,,,,,,,,,,,,,,,,,,,,,,,,,,,,,,,,,,,,,,,,,,,,,,,,,,,,,,,,,,,,,,,,,,,,,,,,,,,,,,,,,,,,,,,DOC,
06/25/2026,35851          ,1838,ISLAS TANKERS SEATRANSPORT CORP.,MT MASBATE ISLAND,LOCAL  ,PALDO,BATANGAS,CHEVRON,DOCKING,06/18/2026 15:00,06/18/2026 16:20,1.33 ,"85,665.97 ","85,665.97 ",,,       ,       ,,,,,,,,"85,665.97 ",,"85,665.97 ",,,,,,,,"85,665.97 ",,,,,,,,,,,,,1.33 ,,,,,,,,,,,,,,,,,,,,,,,,,,,,,,,,,,,,,,,,,,,,,,,,,,,,,,,,,,,,"85,665.97 ",,,,,,,,,,,,,,,,,,,,,,,,,,,,,,,,,,,,,,,,,,,,,,,,,,,,,,"85,665.97 ",,,,,,,,,,,,,,,,,,,,,,,,,,,,,,,,,,,,,,,,,,,,,,,,,,,,,,,,,,,,,,,,,,,,,,,,,,,,,,,,,,,,,,,,,,,DOC,
06/25/2026,35853          ,1838,ISLAS TANKERS SEATRANSPORT CORP.,MT MASBATE ISLAND,LOCAL  ,PALDO,BATANGAS,CHEVRON,UNDOCKING,06/20/2026 09:25,06/20/2026 10:50,1.42 ,"91,462.91 ","91,462.91 ",,,       ,       ,,,,,,,,"91,462.91 ",,"91,462.91 ",,,,,,,,"91,462.91 ",,,,,,,,,,,,,1.42 ,,,,,,,,,,,,,,,,,,,,,,,,,,,,,,,,,,,,,,,,,,,,,,,,,,,,,,,,,,,,"91,462.91 ",,,,,,,,,,,,,,,,,,,,,,,,,,,,,,,,,,,,,,,,,,,,,,,,,,,,,,"91,462.91 ",,,,,,,,,,,,,,,,,,,,,,,,,,,,,,,,,,,,,,,,,,,,,,,,,,,,,,,,,,,,,,,,,,,,,,,,,,,,,,,,,,,,,,,,,,,DOC,
06/25/2026,36831          ,1834,WILLY ONG DIZON,MT COSTICA,LOCAL  ,STRONG INTEGRITY,SURIGAO,CORALES DEPOT,DOCKING,06/01/2026 09:00,06/01/2026 10:00,1.00 ,"350,000.00 ","350,000.00 ",,,       ,       ,,,,,,,,"350,000.00 ",,"350,000.00 ",,,,,,,,,,,,,"350,000.00 ",,,,,,,,,,,,,,,,,,,,,,,,,,,,,,,,,,,,,,,,,,,,,,,,,,,,,,,,,,,,,,,,,,,,,,,,,,,,,,,,,,,,,,,,,,,,,,,,,,,,,,,,,,,,,,,,,,,,,,"350,000.00 ",,,,"350,000.00 ",,,,,,,,,,,,,,,,,,,,,,,,,,,,,,,,,,,,,,,,,,,,,,,,,,,,,,,,,,,,,,,,,,,,,,,,,,,,,,,,,,,,,,,,,,,DOC,
06/25/2026,36832          ,1834,WILLY ONG DIZON,MT COSTICA,LOCAL  ,STRONG INTEGRITY,SURIGAO,CORALES DEPOT,UNDOCKING,06/05/2026 11:45,06/05/2026 12:25,0.67 ,"350,000.00 ","350,000.00 ",,,       ,       ,,,,,,,,"350,000.00 ",,"350,000.00 ",,,,,,,,,,,,,"350,000.00 ",,,,,,,,,,,,,,,,,,,,,,,,,,,,,,,,,,,,,,,,,,,,,,,,,,,,,,,,,,,,,,,,,,,,,,,,,,,,,,,,,,,,,,,,,,,,,,,,,,,,,,,,,,,,,,,,,,,,,,"350,000.00 ",,,,"350,000.00 ",,,,,,,,,,,,,,,,,,,,,,,,,,,,,,,,,,,,,,,,,,,,,,,,,,,,,,,,,,,,,,,,,,,,,,,,,,,,,,,,,,,,,,,,,,,DOC,
06/25/2026,37561          ,1833,NARRA TANKERS CORPORATION,NTC HARIBON,LOCAL  ,ALLIE BRAVO,DAVAO,PETRON SASA,DOCKING,06/21/2026 14:20,06/21/2026 15:10,0.83 ,"58,620.50 ","58,620.50 ",,,       ,       ,,,,,,,,"58,620.50 ",,"58,620.50 ","58,620.50 ",,,,,,,,,,,,,0.83 ,,,,,,,,,,,,,,,,,,,,,,,,,,,,,,,,,,,,,,,,,,,,,,,,,,,,,,,,,,,,,,,,,,,,,,,,,,,,,,,"58,620.50 ",,,,,,,,,,,,,,,,,,,,,,,,,,,,,,,,,,,,,,,,,,"58,620.50 ",,,,,,,,,,,,,,,,,,,,,,,,,,,,,,,,,,,,,,,,,,,,,,,,,,,,,,,,,,,,,,,,,,,,,,,,,,,,,,,,,,,,,,,,,,,DOC,
06/25/2026,37682          ,B000605,"WILHELMSEN-SMITH BELL SHIPPING, INC.",MT INNOVATOR,FOREIGN,AMATA MARU,DAVAO,KTC,DOCKING,06/12/2026 18:35,06/12/2026 22:45,4.17 ,"76,688.20 ","76,688.20 ",,,       ,       ,,,,,,,,"76,688.20 ",,"76,688.20 ",,"76,688.20 ",,,,,,,,,,,,,4.17 ,,,,,,,,,,,,,,,,,,,,,,,,,,,,,,,,,,,,,,,,,,,,,,,,,,,,,,,,,,,,,,,,,,,,,,,,,,,,,,,,,,,,,,,,,,,,,,,,,,,,,,,,,,,,,,,,,,"76,688.20 ",,,,,,"76,688.20 ",,,,,,,,,,,,,,,,,,,,,,,,,,,,,,,,,,,,,,,,,,,,,,,,,,,,,,,,,,,,,,,,,,,,,,,,,,,,,,,,,,,,,,,,,,,UNDOC,
06/25/2026,37683          ,B000604,"WILHELMSEN-SMITH BELL SHIPPING, INC.",MT INNOVATOR,FOREIGN,AMATA MARU,DAVAO,NEW DAVAO OIL MILL,UNDOCKING,06/12/2026 09:15,06/12/2026 11:00,1.75 ,"100,454.35 ","100,454.35 ",,,       ,       ,,,,,,,,"100,454.35 ",,"100,454.35 ",,"100,454.35 ",,,,,,,,,,,,,1.75 ,,,,,,,,,,,,,,,,,,,,,,,,,,,,,,,,,,,,,,,,,,,,,,,,,,,,,,,,,,,,,,,,,,,,,,,,,,,,,,,,,,,,,,,,,,,,,,,,,,,,,,,,,,,,,,,,,,"100,454.35 ",,,,,,"100,454.35 ",,,,,,,,,,,,,,,,,,,,,,,,,,,,,,,,,,,,,,,,,,,,,,,,,,,,,,,,,,,,,,,,,,,,,,,,,,,,,,,,,,,,,,,,,,,UNDOC,
06/25/2026,37684          ,B000604,"WILHELMSEN-SMITH BELL SHIPPING, INC.",MT INNOVATOR,FOREIGN,AMATA MARU,DAVAO,NEW DAVAO OIL MILL,DOCKING,06/11/2026 06:45,06/11/2026 09:15,2.50 ,"124,220.50 ","124,220.50 ",,,       ,       ,,,,,,,,"124,220.50 ",,"124,220.50 ",,"124,220.50 ",,,,,,,,,,,,,2.50 ,,,,,,,,,,,,,,,,,,,,,,,,,,,,,,,,,,,,,,,,,,,,,,,,,,,,,,,,,,,,,,,,,,,,,,,,,,,,,,,,,,,,,,,,,,,,,,,,,,,,,,,,,,,,,,,,,,"124,220.50 ",,,,,,"124,220.50 ",,,,,,,,,,,,,,,,,,,,,,,,,,,,,,,,,,,,,,,,,,,,,,,,,,,,,,,,,,,,,,,,,,,,,,,,,,,,,,,,,,,,,,,,,,,UNDOC,
06/25/2026,37685          ,B000605,"WILHELMSEN-SMITH BELL SHIPPING, INC.",MT INNOVATOR,FOREIGN,AMATA MARU,DAVAO,KTC,UNDOCKING,06/13/2026 20:10,06/13/2026 22:50,2.67 ,"76,688.20 ","76,688.20 ",,,       ,       ,,,,,,,,"76,688.20 ",,"76,688.20 ",,"76,688.20 ",,,,,,,,,,,,,2.67 ,,,,,,,,,,,,,,,,,,,,,,,,,,,,,,,,,,,,,,,,,,,,,,,,,,,,,,,,,,,,,,,,,,,,,,,,,,,,,,,,,,,,,,,,,,,,,,,,,,,,,,,,,,,,,,,,,,"76,688.20 ",,,,,,"76,688.20 ",,,,,,,,,,,,,,,,,,,,,,,,,,,,,,,,,,,,,,,,,,,,,,,,,,,,,,,,,,,,,,,,,,,,,,,,,,,,,,,,,,,,,,,,,,,UNDOC,
06/25/2026,37692          ,B000603,WINDBAY SHIPPING AND LOGISTICS INC.,MV VW SAFETY,FOREIGN,AMATA MARU,DAVAO,LEGASPI OIL,UNDOCKING,06/19/2026 16:30,06/19/2026 17:15,0.75 ,"75,538.10 ","75,538.10 ",,,       ,       ,,,,,,,,"75,538.10 ",,"75,538.10 ",,"75,538.10 ",,,,,,,,,,,,,0.75 ,,,,,,,,,,,,,,,,,,,,,,,,,,,,,,,,,,,,,,,,,,,,,,,,,,,,,,,,,,,,,,,,,,,,,,,,,,,,,,,,,,,,,,,,,,,,,,,,,,,,,,,,,,,,,,,,,,,,,"75,538.10 ",,,"75,538.10 ",,,,,,,,,,,,,,,,,,,,,,,,,,,,,,,,,,,,,,,,,,,,,,,,,,,,,,,,,,,,,,,,,,,,,,,,,,,,,,,,,,,,,,,,,,,UNDOC,
06/25/2026,37694          ,B000603,WINDBAY SHIPPING AND LOGISTICS INC.,MV VW SAFETY,FOREIGN,AMATA MARU,DAVAO,LEGASPI OIL,DOCKING,06/16/2026 12:50,06/16/2026 14:00,1.17 ,"80,729.58 ","80,729.58 ",,,       ,       ,,,,,,,,"80,729.58 ",,"80,729.58 ",,"80,729.58 ",,,,,,,,,,,,,1.17 ,,,,,,,,,,,,,,,,,,,,,,,,,,,,,,,,,,,,,,,,,,,,,,,,,,,,,,,,,,,,,,,,,,,,,,,,,,,,,,,,,,,,,,,,,,,,,,,,,,,,,,,,,,,,,,,,,,,,,"80,729.58 ",,,"80,729.58 ",,,,,,,,,,,,,,,,,,,,,,,,,,,,,,,,,,,,,,,,,,,,,,,,,,,,,,,,,,,,,,,,,,,,,,,,,,,,,,,,,,,,,,,,,,,UNDOC,
06/25/2026,37695          ,1837,ISLAS TANKERS SEATRANSPORT CORP.,LPG/C PURE GRACE,LOCAL  ,AMATA MARU,DAVAO,SHEL SASA,DOCKING,06/17/2026 02:40,06/17/2026 04:25,1.75 ,"83,441.68 ","83,441.68 ",,,       ,       ,,,,,,,,"83,441.68 ",,"83,441.68 ",,"83,441.68 ",,,,,,,,,,,,,1.75 ,,,,,,,,,,,,,,,,,,,,,,,,,,,,,,,,,,,,,,,,,,,,,,,,,,,,,,,,,,,,,,,,,,"83,441.68 ",,,,,,,,,,,,,,,,,,,,,,,,,,,,,,,,,,,,,,,,,,,,,,,,,,,,,,"83,441.68 ",,,,,,,,,,,,,,,,,,,,,,,,,,,,,,,,,,,,,,,,,,,,,,,,,,,,,,,,,,,,,,,,,,,,,,,,,,,,,,,,,,,,,,,,,,,DOC,
06/25/2026,37696          ,1837,ISLAS TANKERS SEATRANSPORT CORP.,LPG/C PURE GRACE,LOCAL  ,AMATA MARU,DAVAO,SHEL SASA,UNDOCKING,06/17/2026 22:40,06/17/2026 23:40,1.00 ,"60,538.10 ","60,538.10 ",,,       ,       ,,,,,,,,"60,538.10 ",,"60,538.10 ",,"60,538.10 ",,,,,,,,,,,,,1.00 ,,,,,,,,,,,,,,,,,,,,,,,,,,,,,,,,,,,,,,,,,,,,,,,,,,,,,,,,,,,,,,,,,,"60,538.10 ",,,,,,,,,,,,,,,,,,,,,,,,,,,,,,,,,,,,,,,,,,,,,,,,,,,,,,"60,538.10 ",,,,,,,,,,,,,,,,,,,,,,,,,,,,,,,,,,,,,,,,,,,,,,,,,,,,,,,,,,,,,,,,,,,,,,,,,,,,,,,,,,,,,,,,,,,DOC,
06/25/2026,37714          ,B000604,"WILHELMSEN-SMITH BELL SHIPPING, INC.",MT INNOVATOR,FOREIGN,CEBU STRAIT,DAVAO,NEW DAVAO OIL MILL,UNDOCKING,06/12/2026 09:20,06/12/2026 11:05,1.75 ,"100,454.35 ","100,454.35 ",,,       ,       ,,,,,,,,"100,454.35 ",,"100,454.35 ",,,,"100,454.35 ",,,,,,,,,,,,,1.75 ,,,,,,,,,,,,,,,,,,,,,,,,,,,,,,,,,,,,,,,,,,,,,,,,,,,,,,,,,,,,,,,,,,,,,,,,,,,,,,,,,,,,,,,,,,,,,,,,,,,,,,,,,,,,,,,,"100,454.35 ",,,,,,"100,454.35 ",,,,,,,,,,,,,,,,,,,,,,,,,,,,,,,,,,,,,,,,,,,,,,,,,,,,,,,,,,,,,,,,,,,,,,,,,,,,,,,,,,,,,,,,,,,UNDOC,
06/25/2026,37756          ,B000604,"WILHELMSEN-SMITH BELL SHIPPING, INC.",MT INNOVATOR,FOREIGN,BOHOL SEA,DAVAO,NEW DAVAO OIL MILL,DOCKING,06/11/2026 06:40,06/11/2026 09:25,2.75 ,"132,142.55 ","132,142.55 ",,,       ,       ,,,,,,,,"132,142.55 ",,"132,142.55 ",,,"132,142.55 ",,,,,,,,,,,,,2.75 ,,,,,,,,,,,,,,,,,,,,,,,,,,,,,,,,,,,,,,,,,,,,,,,,,,,,,,,,,,,,,,,,,,,,,,,,,,,,,,,,,,,,,,,,,,,,,,,,,,,,,,,,,,,,,,,,,"132,142.55 ",,,,,,"132,142.55 ",,,,,,,,,,,,,,,,,,,,,,,,,,,,,,,,,,,,,,,,,,,,,,,,,,,,,,,,,,,,,,,,,,,,,,,,,,,,,,,,,,,,,,,,,,,UNDOC,
06/25/2026,37757          ,B000605,"WILHELMSEN-SMITH BELL SHIPPING, INC.",MT INNOVATOR,FOREIGN,BOHOL SEA,DAVAO,KTC,UNDOCKING,06/13/2026 20:10,06/13/2026 22:55,2.75 ,"76,688.20 ","76,688.20 ",,,       ,       ,,,,,,,,"76,688.20 ",,"76,688.20 ",,,"76,688.20 ",,,,,,,,,,,,,2.75 ,,,,,,,,,,,,,,,,,,,,,,,,,,,,,,,,,,,,,,,,,,,,,,,,,,,,,,,,,,,,,,,,,,,,,,,,,,,,,,,,,,,,,,,,,,,,,,,,,,,,,,,,,,,,,,,,,"76,688.20 ",,,,,,"76,688.20 ",,,,,,,,,,,,,,,,,,,,,,,,,,,,,,,,,,,,,,,,,,,,,,,,,,,,,,,,,,,,,,,,,,,,,,,,,,,,,,,,,,,,,,,,,,,UNDOC,
06/25/2026,37761          ,B000605,"WILHELMSEN-SMITH BELL SHIPPING, INC.",MT INNOVATOR,FOREIGN,BOHOL SEA,DAVAO,KTC,DOCKING,06/12/2026 18:30,06/12/2026 22:50,4.33 ,"76,688.20 ","76,688.20 ",,,       ,       ,,,,,,,,"76,688.20 ",,"76,688.20 ",,,"76,688.20 ",,,,,,,,,,,,,4.33 ,,,,,,,,,,,,,,,,,,,,,,,,,,,,,,,,,,,,,,,,,,,,,,,,,,,,,,,,,,,,,,,,,,,,,,,,,,,,,,,,,,,,,,,,,,,,,,,,,,,,,,,,,,,,,,,,,"76,688.20 ",,,,,,"76,688.20 ",,,,,,,,,,,,,,,,,,,,,,,,,,,,,,,,,,,,,,,,,,,,,,,,,,,,,,,,,,,,,,,,,,,,,,,,,,,,,,,,,,,,,,,,,,,UNDOC,
06/25/2026,37766          ,B000603,WINDBAY SHIPPING AND LOGISTICS INC.,MV VW SAFETY,FOREIGN,BOHOL SEA,DAVAO,LEGASPI OIL,DOCKING,06/16/2026 12:50,06/16/2026 13:55,1.08 ,"77,981.15 ","77,981.15 ",,,       ,       ,,,,,,,,"77,981.15 ",,"77,981.15 ",,,"77,981.15 ",,,,,,,,,,,,,1.08 ,,,,,,,,,,,,,,,,,,,,,,,,,,,,,,,,,,,,,,,,,,,,,,,,,,,,,,,,,,,,,,,,,,,,,,,,,,,,,,,,,,,,,,,,,,,,,,,,,,,,,,,,,,,,,,,,,,,,"77,981.15 ",,,"77,981.15 ",,,,,,,,,,,,,,,,,,,,,,,,,,,,,,,,,,,,,,,,,,,,,,,,,,,,,,,,,,,,,,,,,,,,,,,,,,,,,,,,,,,,,,,,,,,UNDOC,
06/25/2026,37767          ,1837,ISLAS TANKERS SEATRANSPORT CORP.,LPG/C PURE GRACE,LOCAL  ,BOHOL SEA,DAVAO,SHEL SASA,DOCKING,06/17/2026 02:40,06/17/2026 04:35,1.92 ,"88,633.15 ","88,633.15 ",,,       ,       ,,,,,,,,"88,633.15 ",,"88,633.15 ",,,"88,633.15 ",,,,,,,,,,,,,1.92 ,,,,,,,,,,,,,,,,,,,,,,,,,,,,,,,,,,,,,,,,,,,,,,,,,,,,,,,,,,,,,,,,,"88,633.15 ",,,,,,,,,,,,,,,,,,,,,,,,,,,,,,,,,,,,,,,,,,,,,,,,,,,,,,"88,633.15 ",,,,,,,,,,,,,,,,,,,,,,,,,,,,,,,,,,,,,,,,,,,,,,,,,,,,,,,,,,,,,,,,,,,,,,,,,,,,,,,,,,,,,,,,,,,DOC,
06/25/2026,37770          ,1837,ISLAS TANKERS SEATRANSPORT CORP.,LPG/C PURE GRACE,LOCAL  ,BOHOL SEA,DAVAO,SHEL SASA,UNDOCKING,06/17/2026 22:40,06/17/2026 23:30,0.83 ,"60,538.10 ","60,538.10 ",,,       ,       ,,,,,,,,"60,538.10 ",,"60,538.10 ",,,"60,538.10 ",,,,,,,,,,,,,0.83 ,,,,,,,,,,,,,,,,,,,,,,,,,,,,,,,,,,,,,,,,,,,,,,,,,,,,,,,,,,,,,,,,,"60,538.10 ",,,,,,,,,,,,,,,,,,,,,,,,,,,,,,,,,,,,,,,,,,,,,,,,,,,,,,"60,538.10 ",,,,,,,,,,,,,,,,,,,,,,,,,,,,,,,,,,,,,,,,,,,,,,,,,,,,,,,,,,,,,,,,,,,,,,,,,,,,,,,,,,,,,,,,,,,DOC,
06/25/2026,37771          ,B000603,WINDBAY SHIPPING AND LOGISTICS INC.,MV VW SAFETY,FOREIGN,BOHOL SEA,DAVAO,LEGASPI OIL,UNDOCKING,06/19/2026 16:40,06/19/2026 17:20,0.67 ,"75,538.10 ","75,538.10 ",,,       ,       ,,,,,,,,"75,538.10 ",,"75,538.10 ",,,"75,538.10 ",,,,,,,,,,,,,0.67 ,,,,,,,,,,,,,,,,,,,,,,,,,,,,,,,,,,,,,,,,,,,,,,,,,,,,,,,,,,,,,,,,,,,,,,,,,,,,,,,,,,,,,,,,,,,,,,,,,,,,,,,,,,,,,,,,,,,,"75,538.10 ",,,"75,538.10 ",,,,,,,,,,,,,,,,,,,,,,,,,,,,,,,,,,,,,,,,,,,,,,,,,,,,,,,,,,,,,,,,,,,,,,,,,,,,,,,,,,,,,,,,,,,UNDOC,
06/25/2026,37807          ,1833,NARRA TANKERS CORPORATION,NTC HARIBON,LOCAL  ,AMATA MARU,DAVAO,PETRON SASA,DOCKING,06/21/2026 14:20,06/21/2026 15:10,0.83 ,"58,620.50 ","58,620.50 ",,,       ,       ,,,,,,,,"58,620.50 ",,"58,620.50 ",,"58,620.50 ",,,,,,,,,,,,,0.83 ,,,,,,,,,,,,,,,,,,,,,,,,,,,,,,,,,,,,,,,,,,,,,,,,,,,,,,,,,,,,,,,,,,,,,,,,,,,,,,"58,620.50 ",,,,,,,,,,,,,,,,,,,,,,,,,,,,,,,,,,,,,,,,,,"58,620.50 ",,,,,,,,,,,,,,,,,,,,,,,,,,,,,,,,,,,,,,,,,,,,,,,,,,,,,,,,,,,,,,,,,,,,,,,,,,,,,,,,,,,,,,,,,,,DOC,
06/25/2026,37808          ,1833,NARRA TANKERS CORPORATION,NTC HARIBON,LOCAL  ,AMATA MARU,DAVAO,PETRON SASA,UNDOCKING,06/23/2026 00:10,06/23/2026 01:25,1.25 ,"56,820.63 ","56,820.63 ",,,       ,       ,,,,,,,,"56,820.63 ",,"56,820.63 ",,"56,820.63 ",,,,,,,,,,,,,1.25 ,,,,,,,,,,,,,,,,,,,,,,,,,,,,,,,,,,,,,,,,,,,,,,,,,,,,,,,,,,,,,,,,,,,,,,,,,,,,,,"56,820.63 ",,,,,,,,,,,,,,,,,,,,,,,,,,,,,,,,,,,,,,,,,,"56,820.63 ",,,,,,,,,,,,,,,,,,,,,,,,,,,,,,,,,,,,,,,,,,,,,,,,,,,,,,,,,,,,,,,,,,,,,,,,,,,,,,,,,,,,,,,,,,,DOC,
06/25/2026,90996-A        ,1835,ISLAS TANKERS SEATRANSPORT CORP.,MT SAMAL ISLAND,LOCAL  ,SL MABINI 1,BATANGAS,CHEVRON,DOCKING,05/24/2026 17:20,05/24/2026 20:00,2.67 ,"197,511.43 ","197,511.43 ",,,       ,       ,,,,,,,,"197,511.43 ",,"197,511.43 ",,,,,,,,,,,,,"197,511.43 ",,,,,,,,,,,,,,,,,,,,,,,,,,,,,,,,,,,,,,,,,,,,,,,,,,,,,,,,,,,,,,,,,,,,"197,511.43 ",,,,,,,,,,,,,,,,,,,,,,,,,,,,,,,,,,,,,,,,,,,,,,,,,,,,,,"197,511.43 ",,,,,,,,,,,,,,,,,,,,,,,,,,,,,,,,,,,,,,,,,,,,,,,,,,,,,,,,,,,,,,,,,,,,,,,,,,,,,,,,,,,,,,,,,,,DOC,
06/25/2026,90996-A        ,1835,ISLAS TANKERS SEATRANSPORT CORP.,MT SAMAL ISLAND,LOCAL  ,SL MABINI 1,BATANGAS,CHEVRON,DOCKING,05/24/2026 17:20,05/24/2026 20:00,2.67 ,"197,511.43 ","197,511.43 ",,,       ,       ,,,,,,,,"197,511.43 ",,"197,511.43 ",,,,,,,,,,,,,"197,511.43 ",,,,,,,,,,,,,,,,,,,,,,,,,,,,,,,,,,,,,,,,,,,,,,,,,,,,,,,,,,,,,,,,,,,,"197,511.43 ",,,,,,,,,,,,,,,,,,,,,,,,,,,,,,,,,,,,,,,,,,,,,,,,,,,,,,"197,511.43 ",,,,,,,,,,,,,,,,,,,,,,,,,,,,,,,,,,,,,,,,,,,,,,,,,,,,,,,,,,,,,,,,,,,,,,,,,,,,,,,,,,,,,,,,,,,DOC,
06/26/2026,34505          ,1839,ISLAS TANKERS SEATRANSPORT CORP.,LPG/C PURE GRACE,LOCAL  ,SUJEONG,DAVAO,SHEL SASA,DOCKING,05/31/2026 12:25,05/31/2026 13:45,1.33 ,"73,584.23 ","73,584.23 ",,,       ,       ,,,,,,,,"73,584.23 ",,"73,584.23 ",,,,,,,,,,"73,584.23 ",,,,,,,,,,,,,1.33 ,,,,,,,,,,,,,,,,,,,,,,,,,,,,,,,,,,,,,,,,,,,,,,,,,,,,,,,,,,"73,584.23 ",,,,,,,,,,,,,,,,,,,,,,,,,,,,,,,,,,,,,,,,,,,,,,,,,,,,,,"73,584.23 ",,,,,,,,,,,,,,,,,,,,,,,,,,,,,,,,,,,,,,,,,,,,,,,,,,,,,,,,,,,,,,,,,,,,,,,,,,,,,,,,,,,,,,,,,,,DOC,
06/26/2026,34506          ,1839,ISLAS TANKERS SEATRANSPORT CORP.,LPG/C PURE GRACE,LOCAL  ,SUJEONG,DAVAO,SHEL SASA,UNDOCKING,06/01/2026 13:05,06/01/2026 13:50,0.75 ,"62,770.10 ","62,770.10 ",,,       ,       ,,,,,,,,"62,770.10 ",,"62,770.10 ",,,,,,,,,,"62,770.10 ",,,,,,,,,,,,,0.75 ,,,,,,,,,,,,,,,,,,,,,,,,,,,,,,,,,,,,,,,,,,,,,,,,,,,,,,,,,,"62,770.10 ",,,,,,,,,,,,,,,,,,,,,,,,,,,,,,,,,,,,,,,,,,,,,,,,,,,,,,"62,770.10 ",,,,,,,,,,,,,,,,,,,,,,,,,,,,,,,,,,,,,,,,,,,,,,,,,,,,,,,,,,,,,,,,,,,,,,,,,,,,,,,,,,,,,,,,,,,DOC,
06/26/2026,35615-A        ,,INSULAR OIL CORPORATION,MT CHELSEA CHARLIZE,LOCAL  ,FORTIS I,BATANGAS,SINISIAN LEMERY BATANGAS PORT,UNDOCKING,06/26/2026 01:20,06/26/2026 02:35,1.25 ,,,,,       ,       ,,,,,,,,,,,,,,,,,,,,,,,,,,,,,,,,,,,,,,,,,,,,,,,,,,,,,,,,,,,,,,,,,,,,,,,,,,,,,,,,,,,,,,,,,,,,,,,,,,,,,,,,,,,,,,,,,,,,,,,,,,,,,,,,,,,,,,,,,,,,,,,,,,,,,,,,,,,,,,,,,,,,,,,,,,,,,,,,,,,,,,,,,,,,,,,,,,,,,,,,,,,,,,,,,,,,,,,,,,,,,,,,,,,,,,,,,,,,,
06/26/2026,37290          ,1839,ISLAS TANKERS SEATRANSPORT CORP.,LPG/C PURE GRACE,LOCAL  ,BOHOL SEA,DAVAO,SHEL SASA,DOCKING,05/31/2026 12:10,05/31/2026 13:50,1.67 ,"84,726.07 ","84,726.07 ",,,       ,       ,,,,,,,,"84,726.07 ",,"84,726.07 ",,,"84,726.07 ",,,,,,,,,,,,,1.67 ,,,,,,,,,,,,,,,,,,,,,,,,,,,,,,,,,,,,,,,,,,,,,,,,,,,,,,,,,,,,,,,,,"84,726.07 ",,,,,,,,,,,,,,,,,,,,,,,,,,,,,,,,,,,,,,,,,,,,,,,,,,,,,,"84,726.07 ",,,,,,,,,,,,,,,,,,,,,,,,,,,,,,,,,,,,,,,,,,,,,,,,,,,,,,,,,,,,,,,,,,,,,,,,,,,,,,,,,,,,,,,,,,,DOC,
06/26/2026,37291          ,1839,ISLAS TANKERS SEATRANSPORT CORP.,LPG/C PURE GRACE,LOCAL  ,BOHOL SEA,DAVAO,SHEL SASA,UNDOCKING,06/01/2026 12:55,06/01/2026 13:55,1.00 ,"62,770.10 ","62,770.10 ",,,       ,       ,,,,,,,,"62,770.10 ",,"62,770.10 ",,,"62,770.10 ",,,,,,,,,,,,,1.00 ,,,,,,,,,,,,,,,,,,,,,,,,,,,,,,,,,,,,,,,,,,,,,,,,,,,,,,,,,,,,,,,,,"62,770.10 ",,,,,,,,,,,,,,,,,,,,,,,,,,,,,,,,,,,,,,,,,,,,,,,,,,,,,,"62,770.10 ",,,,,,,,,,,,,,,,,,,,,,,,,,,,,,,,,,,,,,,,,,,,,,,,,,,,,,,,,,,,,,,,,,,,,,,,,,,,,,,,,,,,,,,,,,,DOC,
TOTAL,,,,,,,,,,,,,,"23,608,606.09 ",,,,,,,,,,,,"23,608,606.09 ",,"23,608,606.09 ","2,904,316.09 ","2,689,535.17 ","2,372,823.33 ","2,553,125.55 ","209,516.39 ","665,654.13 ",,"2,031,876.57 ","3,156,992.15 ","1,733,852.09 ",,,"5,290,914.62 ",70.74 ,65.84 ,61.20 ,66.15 ,12.60 ,10.25 ,,54.64 ,66.40 ,33.14 ,,,,,,,,,,,,,,,,,,,,,,,,,,,,"121,076.20 ",,"150,299.00 ",,,"797,489.54 ",,,,,,,,,"283,090.47 ",,,,,,,"402,613.05 ",,,,,,"565,216.20 ",,"3,541,188.03 ","2,043,568.12 ",,,,,"2,219,754.60 ",,,,,,,"229,518.13 ",,,,,,,,"93,495.88 ","769,237.04 ",,"240,000.00 ",,,,,,,,,,,"2,171,034.51 ","477,820.54 ",,,,,,,,,,,"1,664,377.25 ",,"833,520.43 ",,"740,000.00 ","5,975,220.04 ","290,087.06 ",,"23,608,606.09 ",,,,,,,,,,,,,,,,,,,,,,,,,,,,,,,,,,,,,,,,,,,,,,,,,,,1 ,,,1 ,,,,,,,,,,,35.58 ,,,,,,34.67 ,,,,,,,,,,,,,,,,,,,,,
,,,,,,,,,,,,,,,,,,,,,,,,,,,,,,,,,,,,,,,,,,,,,,,,,,,,,,,,,,,,,,,,,,,,,,,,,,,,,,,,,,,,,,,,,,,,,,,,,,,,,,,,,,,,,,,,,,,,,,,,,,,,,,,,,,,,,,,,,,,,,,,,,,,,,,,,,,,,,,,,,,,,,,,,,,,,,,,,,,,,,,,,,,,,,,,,,,,,,,,,,,,,,,,,,,,,,,,,,,,,,,,,,,,,,,,,,,,,,,,,,,,,,,,,,,,,,,,
,,,,,,,,,,,,,,,,,,,,,,,,,,,,,,,,,,,,,,,,,,,,,,,,,,,,,,,,,,,,,,,,,,,,,,,,,,,,,,,,,,,,,,,,,,,,,,,,,,,,,,,,,,,,,,,,,,,,,,,,,,,,,,,,,,,,,,,,,,,,,,,,,,,,,,,,,,,,,,,,,,,,,,,,,,,,,,,,,,,,,,,,,,,,,,,,,,,,,,,,,,,,,,,,,,,,,,,,,,,,,,,,,,,,,,,,,,,,,,,,,,,,,,,,,,,,,,,
,,,,,,,,,,,,,,,,,,,,,,,,,,,,,,,,,,,,,,,,,,,,,,,,,,,,,,,,,,,,,,,,,,,,,,,,,,,,,,,,,,,,,,,,,,,,,,,,,,,,,,,,,,,,,,,,,,,,,,,,,,,,,,,,,,,,,,,,,,,,,,,,,,,,,,,,,,,,,,,,,,,,,,,,,,,,,,,,,,,,,,,,,,,,,,,,,,,,,,,,,,,,,,,,,,,,,,,,,,,,,,,,,,,,,,,,,,,,,,,,,,,,,,,,,,,,,,,
,,,,,,,,,,,,,,,,,,,,,,,,,,,,,,,,,,,,,,,,,,,,,,,,,,,,,,,,,,,,,,,,,,,,,,,,,,,,,,,,,,,,,,,,,,,,,,,,,,,,,,,,,,,,,,,,,,,,,,,,,,,,,,,,,,,,,,,,,,,,,,,,,,,,,,,,,,,,,,,,,,,,,,,,,,,,,,,,,,,,,,,,,,,,,,,,,,,,,,,,,,,,,,,,,,,,,,,,,,,,,,,,,,,,,,,,,,,,,,,,,,,,,,,,,,,,,,,
,,,,,,,,,,,,,,,,,,,,,,,,,,,,,,,,,,,,,,,,,,,,,,,,,,,,,,,,,,,,,,,,,,,,,,,,,,,,,,,,,,,,,,,,,,,,,,,,,,,,,,,,,,,,,,,,,,,,,,,,,,,,,,,,,,,,,,,,,,,,,,,,,,,,,,,,,,,,,,,,,,,,,,,,,,,,,,,,,,,,,,,,,,,,,,,,,,,,,,,,,,,,,,,,,,,,,,,,,,,,,,,,,,,,,,,,,,,,,,,,,,,,,,,,,,,,,,,
TAKEN FROM SALES SUMMARY REPORT:,,,,DOCK/UND,TENDING,TOTAL MOVES,TOTAL TENDING HRS,TOTAL TOWING HRS,,,,,,,,,,,,,,,,,,,,,,,,,,,,,,,,,,,,,,,,,,,,,,,,,,,,,,,,,,,,,,,,,,,,,,,,,,,,,,,,,,,,,,,,,,,,,,,,,,,,,,,,,,,,,,,,,,,,,,,,,,,,,,,,,,,,,,,,,,,,,,,,,,,,,,,,,,,,,,,,,,,,,,,,,,,,,,,,,,,,,,,,,,,,,,,,,,,,,,,,,,,,,,,,,,,,,,,,,,,,,,,,,,,,,,,,,,,,,,,,,,,,,,,
,,,,,,,,,,,,,,,,,,,,,,,,,,,,,,,,,,,,,,,,,,,,,,,,,,,,,,,,,,,,,,,,,,,,,,,,,,,,,,,,,,,,,,,,,,,,,,,,,,,,,,,,,,,,,,,,,,,,,,,,,,,,,,,,,,,,,,,,,,,,,,,,,,,,,,,,,,,,,,,,,,,,,,,,,,,,,,,,,,,,,,,,,,,,,,,,,,,,,,,,,,,,,,,,,,,,,,,,,,,,,,,,,,,,,,,,,,,,,,,,,,,,,,,,,,,,,,,
ALLIE BRAVO,,IOC,LOCAL,,,,,,,,,,,,,,,,,,,,,,,,,,,,,,,,,,,,,,,,,,,,,,,,,,,,,,,,,,,,,,,,,,,,,,,,,,,,,,,,,,,,,,,,,,,,,,,,,,,,,,,,,,,,,,,,,,,,,,,,,,,,,,,,,,,,,,,,,,,,,,,,,,,,,,,,,,,,,,,,,,,,,,,,,,,,,,,,,,,,,,,,,,,,,,,,,,,,,,,,,,,,,,,,,,,,,,,,,,,,,,,,,,,,,,,,,,,,,,,,,,,,,,,,,,,,
,,IOC,FOREIGN,,,,35.58 ,,,,,,,,,,,,,,,,,,,,,,,,,,,,,,,,,,,,,,,,,,,,,,,,,,,,,,,,,,,,,,,,,,,,,,,,,,,,,,,,,,,,,,,,,,,,,,,,,,,,,,,,,,,,,,,,,,,,,,,,,,,,,,,,,,,,,,,,,,,,,,,,,,,,,,,,,,,,,,,,,,,,,,,,,,,,,,,,,,,,,,,,,,,,,,,,,,,,,,,,,,,,,,,,,,,,,,,,,,,,,,,,,,,,,,,,,,,,,,,,,,,,,,,,
,,OTHER PORT,LOCAL,,,,,,,,,,,,,,,,,,,,,,,,,,,,,,,,,,,,,,,,,,,,,,,,,,,,,,,,,,,,,,,,,,,,,,,,,,,,,,,,,,,,,,,,,,,,,,,,,,,,,,,,,,,,,,,,,,,,,,,,,,,,,,,,,,,,,,,,,,,,,,,,,,,,,,,,,,,,,,,,,,,,,,,,,,,,,,,,,,,,,,,,,,,,,,,,,,,,,,,,,,,,,,,,,,,,,,,,,,,,,,,,,,,,,,,,,,,,,,,,,,,,,,,,,,,,
,,OTHER PORT,FOREIGN,,,,,,,,,,,,,,,,,,,,,,,,,,,,,,,,,,,,,,,,,,,,,,,,,,,,,,,,,,,,,,,,,,,,,,,,,,,,,,,,,,,,,,,,,,,,,,,,,,,,,,,,,,,,,,,,,,,,,,,,,,,,,,,,,,,,,,,,,,,,,,,,,,,,,,,,,,,,,,,,,,,,,,,,,,,,,,,,,,,,,,,,,,,,,,,,,,,,,,,,,,,,,,,,,,,,,,,,,,,,,,,,,,,,,,,,,,,,,,,,,,,,,,,,,,,,
,,SUB TOTAL - ALLIE BRAVO,,,,,35.58 ,,,,,,,,,,,,,,,,,,,,,,,,,,,,,,,,,,,,,,,,,,,,,,,,,,,,,,,,,,,,,,,,,,,,,,,,,,,,,,,,,,,,,,,,,,,,,,,,,,,,,,,,,,,,,,,,,,,,,,,,,,,,,,,,,,,,,,,,,,,,,,,,,,,,,,,,,,,,,,,,,,,,,,,,,,,,,,,,,,,,,,,,,,,,,,,,,,,,,,,,,,,,,,,,,,,,,,,,,,,,,,,,,,,,,,,,,,,,,,,,,,,,,,,,
,,,,,,,,,,,,,,,,,,,,,,,,,,,,,,,,,,,,,,,,,,,,,,,,,,,,,,,,,,,,,,,,,,,,,,,,,,,,,,,,,,,,,,,,,,,,,,,,,,,,,,,,,,,,,,,,,,,,,,,,,,,,,,,,,,,,,,,,,,,,,,,,,,,,,,,,,,,,,,,,,,,,,,,,,,,,,,,,,,,,,,,,,,,,,,,,,,,,,,,,,,,,,,,,,,,,,,,,,,,,,,,,,,,,,,,,,,,,,,,,,,,,,,,,,,,,,,,
AMATA MARU,,IOC,LOCAL,,,,,,,,,,,,,,,,,,,,,,,,,,,,,,,,,,,,,,,,,,,,,,,,,,,,,,,,,,,,,,,,,,,,,,,,,,,,,,,,,,,,,,,,,,,,,,,,,,,,,,,,,,,,,,,,,,,,,,,,,,,,,,,,,,,,,,,,,,,,,,,,,,,,,,,,,,,,,,,,,,,,,,,,,,,,,,,,,,,,,,,,,,,,,,,,,,,,,,,,,,,,,,,,,,,,,,,,,,,,,,,,,,,,,,,,,,,,,,,,,,,,,,,,,,,,
,,IOC,FOREIGN,,,,,,,,,,,,,,,,,,,,,,,,,,,,,,,,,,,,,,,,,,,,,,,,,,,,,,,,,,,,,,,,,,,,,,,,,,,,,,,,,,,,,,,,,,,,,,,,,,,,,,,,,,,,,,,,,,,,,,,,,,,,,,,,,,,,,,,,,,,,,,,,,,,,,,,,,,,,,,,,,,,,,,,,,,,,,,,,,,,,,,,,,,,,,,,,,,,,,,,,,,,,,,,,,,,,,,,,,,,,,,,,,,,,,,,,,,,,,,,,,,,,,,,,,,,,
,,OTHER PORT,LOCAL,,,,,,,,,,,,,,,,,,,,,,,,,,,,,,,,,,,,,,,,,,,,,,,,,,,,,,,,,,,,,,,,,,,,,,,,,,,,,,,,,,,,,,,,,,,,,,,,,,,,,,,,,,,,,,,,,,,,,,,,,,,,,,,,,,,,,,,,,,,,,,,,,,,,,,,,,,,,,,,,,,,,,,,,,,,,,,,,,,,,,,,,,,,,,,,,,,,,,,,,,,,,,,,,,,,,,,,,,,,,,,,,,,,,,,,,,,,,,,,,,,,,,,,,,,,,
,,OTHER PORT,FOREIGN,,,,,,,,,,,,,,,,,,,,,,,,,,,,,,,,,,,,,,,,,,,,,,,,,,,,,,,,,,,,,,,,,,,,,,,,,,,,,,,,,,,,,,,,,,,,,,,,,,,,,,,,,,,,,,,,,,,,,,,,,,,,,,,,,,,,,,,,,,,,,,,,,,,,,,,,,,,,,,,,,,,,,,,,,,,,,,,,,,,,,,,,,,,,,,,,,,,,,,,,,,,,,,,,,,,,,,,,,,,,,,,,,,,,,,,,,,,,,,,,,,,,,,,,,,,,
,,SUB TOTAL - AMATA MARU,,,,,,,,,,,,,,,,,,,,,,,,,,,,,,,,,,,,,,,,,,,,,,,,,,,,,,,,,,,,,,,,,,,,,,,,,,,,,,,,,,,,,,,,,,,,,,,,,,,,,,,,,,,,,,,,,,,,,,,,,,,,,,,,,,,,,,,,,,,,,,,,,,,,,,,,,,,,,,,,,,,,,,,,,,,,,,,,,,,,,,,,,,,,,,,,,,,,,,,,,,,,,,,,,,,,,,,,,,,,,,,,,,,,,,,,,,,,,,,,,,,,,,,,,,,,,
,,,,,,,,,,,,,,,,,,,,,,,,,,,,,,,,,,,,,,,,,,,,,,,,,,,,,,,,,,,,,,,,,,,,,,,,,,,,,,,,,,,,,,,,,,,,,,,,,,,,,,,,,,,,,,,,,,,,,,,,,,,,,,,,,,,,,,,,,,,,,,,,,,,,,,,,,,,,,,,,,,,,,,,,,,,,,,,,,,,,,,,,,,,,,,,,,,,,,,,,,,,,,,,,,,,,,,,,,,,,,,,,,,,,,,,,,,,,,,,,,,,,,,,,,,,,,,,
BOHOL SEA,,IOC,LOCAL,,,,,,,,,,,,,,,,,,,,,,,,,,,,,,,,,,,,,,,,,,,,,,,,,,,,,,,,,,,,,,,,,,,,,,,,,,,,,,,,,,,,,,,,,,,,,,,,,,,,,,,,,,,,,,,,,,,,,,,,,,,,,,,,,,,,,,,,,,,,,,,,,,,,,,,,,,,,,,,,,,,,,,,,,,,,,,,,,,,,,,,,,,,,,,,,,,,,,,,,,,,,,,,,,,,,,,,,,,,,,,,,,,,,,,,,,,,,,,,,,,,,,,,,,,,,
,,IOC,FOREIGN,,,,,,,,,,,,,,,,,,,,,,,,,,,,,,,,,,,,,,,,,,,,,,,,,,,,,,,,,,,,,,,,,,,,,,,,,,,,,,,,,,,,,,,,,,,,,,,,,,,,,,,,,,,,,,,,,,,,,,,,,,,,,,,,,,,,,,,,,,,,,,,,,,,,,,,,,,,,,,,,,,,,,,,,,,,,,,,,,,,,,,,,,,,,,,,,,,,,,,,,,,,,,,,,,,,,,,,,,,,,,,,,,,,,,,,,,,,,,,,,,,,,,,,,,,,,
,,OTHER PORT,LOCAL,,,,,,,,,,,,,,,,,,,,,,,,,,,,,,,,,,,,,,,,,,,,,,,,,,,,,,,,,,,,,,,,,,,,,,,,,,,,,,,,,,,,,,,,,,,,,,,,,,,,,,,,,,,,,,,,,,,,,,,,,,,,,,,,,,,,,,,,,,,,,,,,,,,,,,,,,,,,,,,,,,,,,,,,,,,,,,,,,,,,,,,,,,,,,,,,,,,,,,,,,,,,,,,,,,,,,,,,,,,,,,,,,,,,,,,,,,,,,,,,,,,,,,,,,,,,
,,OTHER PORT,FOREIGN,,,,,,,,,,,,,,,,,,,,,,,,,,,,,,,,,,,,,,,,,,,,,,,,,,,,,,,,,,,,,,,,,,,,,,,,,,,,,,,,,,,,,,,,,,,,,,,,,,,,,,,,,,,,,,,,,,,,,,,,,,,,,,,,,,,,,,,,,,,,,,,,,,,,,,,,,,,,,,,,,,,,,,,,,,,,,,,,,,,,,,,,,,,,,,,,,,,,,,,,,,,,,,,,,,,,,,,,,,,,,,,,,,,,,,,,,,,,,,,,,,,,,,,,,,,,
,,SUB TOTAL - BOHOL SEA,,,,,,,,,,,,,,,,,,,,,,,,,,,,,,,,,,,,,,,,,,,,,,,,,,,,,,,,,,,,,,,,,,,,,,,,,,,,,,,,,,,,,,,,,,,,,,,,,,,,,,,,,,,,,,,,,,,,,,,,,,,,,,,,,,,,,,,,,,,,,,,,,,,,,,,,,,,,,,,,,,,,,,,,,,,,,,,,,,,,,,,,,,,,,,,,,,,,,,,,,,,,,,,,,,,,,,,,,,,,,,,,,,,,,,,,,,,,,,,,,,,,,,,,,,,,,
,,,,,,,,,,,,,,,,,,,,,,,,,,,,,,,,,,,,,,,,,,,,,,,,,,,,,,,,,,,,,,,,,,,,,,,,,,,,,,,,,,,,,,,,,,,,,,,,,,,,,,,,,,,,,,,,,,,,,,,,,,,,,,,,,,,,,,,,,,,,,,,,,,,,,,,,,,,,,,,,,,,,,,,,,,,,,,,,,,,,,,,,,,,,,,,,,,,,,,,,,,,,,,,,,,,,,,,,,,,,,,,,,,,,,,,,,,,,,,,,,,,,,,,,,,,,,,,
CEBU STRAIT,,IOC,LOCAL,,,,,,,,,,,,,,,,,,,,,,,,,,,,,,,,,,,,,,,,,,,,,,,,,,,,,,,,,,,,,,,,,,,,,,,,,,,,,,,,,,,,,,,,,,,,,,,,,,,,,,,,,,,,,,,,,,,,,,,,,,,,,,,,,,,,,,,,,,,,,,,,,,,,,,,,,,,,,,,,,,,,,,,,,,,,,,,,,,,,,,,,,,,,,,,,,,,,,,,,,,,,,,,,,,,,,,,,,,,,,,,,,,,,,,,,,,,,,,,,,,,,,,,,,,,,
,,IOC,FOREIGN,,,,34.67 ,,,,,,,,,,,,,,,,,,,,,,,,,,,,,,,,,,,,,,,,,,,,,,,,,,,,,,,,,,,,,,,,,,,,,,,,,,,,,,,,,,,,,,,,,,,,,,,,,,,,,,,,,,,,,,,,,,,,,,,,,,,,,,,,,,,,,,,,,,,,,,,,,,,,,,,,,,,,,,,,,,,,,,,,,,,,,,,,,,,,,,,,,,,,,,,,,,,,,,,,,,,,,,,,,,,,,,,,,,,,,,,,,,,,,,,,,,,,,,,,,,,,,,,,
,,OTHER PORT,LOCAL,,,,,,,,,,,,,,,,,,,,,,,,,,,,,,,,,,,,,,,,,,,,,,,,,,,,,,,,,,,,,,,,,,,,,,,,,,,,,,,,,,,,,,,,,,,,,,,,,,,,,,,,,,,,,,,,,,,,,,,,,,,,,,,,,,,,,,,,,,,,,,,,,,,,,,,,,,,,,,,,,,,,,,,,,,,,,,,,,,,,,,,,,,,,,,,,,,,,,,,,,,,,,,,,,,,,,,,,,,,,,,,,,,,,,,,,,,,,,,,,,,,,,,,,,,,,
,,OTHER PORT,FOREIGN,,,,,,,,,,,,,,,,,,,,,,,,,,,,,,,,,,,,,,,,,,,,,,,,,,,,,,,,,,,,,,,,,,,,,,,,,,,,,,,,,,,,,,,,,,,,,,,,,,,,,,,,,,,,,,,,,,,,,,,,,,,,,,,,,,,,,,,,,,,,,,,,,,,,,,,,,,,,,,,,,,,,,,,,,,,,,,,,,,,,,,,,,,,,,,,,,,,,,,,,,,,,,,,,,,,,,,,,,,,,,,,,,,,,,,,,,,,,,,,,,,,,,,,,,,,,
,,SUB TOTAL - CEBU STRAIT,,,,,34.67 ,,,,,,,,,,,,,,,,,,,,,,,,,,,,,,,,,,,,,,,,,,,,,,,,,,,,,,,,,,,,,,,,,,,,,,,,,,,,,,,,,,,,,,,,,,,,,,,,,,,,,,,,,,,,,,,,,,,,,,,,,,,,,,,,,,,,,,,,,,,,,,,,,,,,,,,,,,,,,,,,,,,,,,,,,,,,,,,,,,,,,,,,,,,,,,,,,,,,,,,,,,,,,,,,,,,,,,,,,,,,,,,,,,,,,,,,,,,,,,,,,,,,,,,,
,,,,,,,,,,,,,,,,,,,,,,,,,,,,,,,,,,,,,,,,,,,,,,,,,,,,,,,,,,,,,,,,,,,,,,,,,,,,,,,,,,,,,,,,,,,,,,,,,,,,,,,,,,,,,,,,,,,,,,,,,,,,,,,,,,,,,,,,,,,,,,,,,,,,,,,,,,,,,,,,,,,,,,,,,,,,,,,,,,,,,,,,,,,,,,,,,,,,,,,,,,,,,,,,,,,,,,,,,,,,,,,,,,,,,,,,,,,,,,,,,,,,,,,,,,,,,,,
CHOKWANG,,IOC,LOCAL,,,,,,,,,,,,,,,,,,,,,,,,,,,,,,,,,,,,,,,,,,,,,,,,,,,,,,,,,,,,,,,,,,,,,,,,,,,,,,,,,,,,,,,,,,,,,,,,,,,,,,,,,,,,,,,,,,,,,,,,,,,,,,,,,,,,,,,,,,,,,,,,,,,,,,,,,,,,,,,,,,,,,,,,,,,,,,,,,,,,,,,,,,,,,,,,,,,,,,,,,,,,,,,,,,,,,,,,,,,,,,,,,,,,,,,,,,,,,,,,,,,,,,,,,,,,
,,IOC,FOREIGN,,,,,,,,,,,,,,,,,,,,,,,,,,,,,,,,,,,,,,,,,,,,,,,,,,,,,,,,,,,,,,,,,,,,,,,,,,,,,,,,,,,,,,,,,,,,,,,,,,,,,,,,,,,,,,,,,,,,,,,,,,,,,,,,,,,,,,,,,,,,,,,,,,,,,,,,,,,,,,,,,,,,,,,,,,,,,,,,,,,,,,,,,,,,,,,,,,,,,,,,,,,,,,,,,,,,,,,,,,,,,,,,,,,,,,,,,,,,,,,,,,,,,,,,,,,,
,,OTHER PORT,LOCAL,,,,,,,,,,,,,,,,,,,,,,,,,,,,,,,,,,,,,,,,,,,,,,,,,,,,,,,,,,,,,,,,,,,,,,,,,,,,,,,,,,,,,,,,,,,,,,,,,,,,,,,,,,,,,,,,,,,,,,,,,,,,,,,,,,,,,,,,,,,,,,,,,,,,,,,,,,,,,,,,,,,,,,,,,,,,,,,,,,,,,,,,,,,,,,,,,,,,,,,,,,,,,,,,,,,,,,,,,,,,,,,,,,,,,,,,,,,,,,,,,,,,,,,,,,,,
,,OTHER PORT,FOREIGN,,,,,,,,,,,,,,,,,,,,,,,,,,,,,,,,,,,,,,,,,,,,,,,,,,,,,,,,,,,,,,,,,,,,,,,,,,,,,,,,,,,,,,,,,,,,,,,,,,,,,,,,,,,,,,,,,,,,,,,,,,,,,,,,,,,,,,,,,,,,,,,,,,,,,,,,,,,,,,,,,,,,,,,,,,,,,,,,,,,,,,,,,,,,,,,,,,,,,,,,,,,,,,,,,,,,,,,,,,,,,,,,,,,,,,,,,,,,,,,,,,,,,,,,,,,,
,,SUB TOTAL - CHOKWANG,,,,,,,,,,,,,,,,,,,,,,,,,,,,,,,,,,,,,,,,,,,,,,,,,,,,,,,,,,,,,,,,,,,,,,,,,,,,,,,,,,,,,,,,,,,,,,,,,,,,,,,,,,,,,,,,,,,,,,,,,,,,,,,,,,,,,,,,,,,,,,,,,,,,,,,,,,,,,,,,,,,,,,,,,,,,,,,,,,,,,,,,,,,,,,,,,,,,,,,,,,,,,,,,,,,,,,,,,,,,,,,,,,,,,,,,,,,,,,,,,,,,,,,,,,,,,
,,,,,,,,,,,,,,,,,,,,,,,,,,,,,,,,,,,,,,,,,,,,,,,,,,,,,,,,,,,,,,,,,,,,,,,,,,,,,,,,,,,,,,,,,,,,,,,,,,,,,,,,,,,,,,,,,,,,,,,,,,,,,,,,,,,,,,,,,,,,,,,,,,,,,,,,,,,,,,,,,,,,,,,,,,,,,,,,,,,,,,,,,,,,,,,,,,,,,,,,,,,,,,,,,,,,,,,,,,,,,,,,,,,,,,,,,,,,,,,,,,,,,,,,,,,,,,,
HOKUTO,,IOC,LOCAL,,,,,,,,,,,,,,,,,,,,,,,,,,,,,,,,,,,,,,,,,,,,,,,,,,,,,,,,,,,,,,,,,,,,,,,,,,,,,,,,,,,,,,,,,,,,,,,,,,,,,,,,,,,,,,,,,,,,,,,,,,,,,,,,,,,,,,,,,,,,,,,,,,,,,,,,,,,,,,,,,,,,,,,,,,,,,,,,,,,,,,,,,,,,,,,,,,,,,,,,,,,,,,,,,,,,,,,,,,,,,,,,,,,,,,,,,,,,,,,,,,,,,,,,,,,,
,,IOC,FOREIGN,,,,,,,,,,,,,,,,,,,,,,,,,,,,,,,,,,,,,,,,,,,,,,,,,,,,,,,,,,,,,,,,,,,,,,,,,,,,,,,,,,,,,,,,,,,,,,,,,,,,,,,,,,,,,,,,,,,,,,,,,,,,,,,,,,,,,,,,,,,,,,,,,,,,,,,,,,,,,,,,,,,,,,,,,,,,,,,,,,,,,,,,,,,,,,,,,,,,,,,,,,,,,,,,,,,,,,,,,,,,,,,,,,,,,,,,,,,,,,,,,,,,,,,,,,,,
,,OTHER PORT,LOCAL,,,,,,,,,,,,,,,,,,,,,,,,,,,,,,,,,,,,,,,,,,,,,,,,,,,,,,,,,,,,,,,,,,,,,,,,,,,,,,,,,,,,,,,,,,,,,,,,,,,,,,,,,,,,,,,,,,,,,,,,,,,,,,,,,,,,,,,,,,,,,,,,,,,,,,,,,,,,,,,,,,,,,,,,,,,,,,,,,,,,,,,,,,,,,,,,,,,,,,,,,,,,,,,,,,,,,,,,,,,,,,,,,,,,,,,,,,,,,,,,,,,,,,,,,,,,
,,OTHER PORT,FOREIGN,,,,,,,,,,,,,,,,,,,,,,,,,,,,,,,,,,,,,,,,,,,,,,,,,,,,,,,,,,,,,,,,,,,,,,,,,,,,,,,,,,,,,,,,,,,,,,,,,,,,,,,,,,,,,,,,,,,,,,,,,,,,,,,,,,,,,,,,,,,,,,,,,,,,,,,,,,,,,,,,,,,,,,,,,,,,,,,,,,,,,,,,,,,,,,,,,,,,,,,,,,,,,,,,,,,,,,,,,,,,,,,,,,,,,,,,,,,,,,,,,,,,,,,,,,,,
,,SUB TOTAL - HOKUTO,,,,,,,,,,,,,,,,,,,,,,,,,,,,,,,,,,,,,,,,,,,,,,,,,,,,,,,,,,,,,,,,,,,,,,,,,,,,,,,,,,,,,,,,,,,,,,,,,,,,,,,,,,,,,,,,,,,,,,,,,,,,,,,,,,,,,,,,,,,,,,,,,,,,,,,,,,,,,,,,,,,,,,,,,,,,,,,,,,,,,,,,,,,,,,,,,,,,,,,,,,,,,,,,,,,,,,,,,,,,,,,,,,,,,,,,,,,,,,,,,,,,,,,,,,,,,
,,,,,,,,,,,,,,,,,,,,,,,,,,,,,,,,,,,,,,,,,,,,,,,,,,,,,,,,,,,,,,,,,,,,,,,,,,,,,,,,,,,,,,,,,,,,,,,,,,,,,,,,,,,,,,,,,,,,,,,,,,,,,,,,,,,,,,,,,,,,,,,,,,,,,,,,,,,,,,,,,,,,,,,,,,,,,,,,,,,,,,,,,,,,,,,,,,,,,,,,,,,,,,,,,,,,,,,,,,,,,,,,,,,,,,,,,,,,,,,,,,,,,,,,,,,,,,,
LAKANDULA,,IOC,LOCAL,,,,,,,,,,,,,,,,,,,,,,,,,,,,,,,,,,,,,,,,,,,,,,,,,,,,,,,,,,,,,,,,,,,,,,,,,,,,,,,,,,,,,,,,,,,,,,,,,,,,,,,,,,,,,,,,,,,,,,,,,,,,,,,,,,,,,,,,,,,,,,,,,,,,,,,,,,,,,,,,,,,,,,,,,,,,,,,,,,,,,,,,,,,,,,,,,,,,,,,,,,,,,,,,,,,,,,,,,,,,,,,,,,,,,,,,,,,,,,,,,,,,,,,,,,,,
,,IOC,FOREIGN,,,,,,,,,,,,,,,,,,,,,,,,,,,,,,,,,,,,,,,,,,,,,,,,,,,,,,,,,,,,,,,,,,,,,,,,,,,,,,,,,,,,,,,,,,,,,,,,,,,,,,,,,,,,,,,,,,,,,,,,,,,,,,,,,,,,,,,,,,,,,,,,,,,,,,,,,,,,,,,,,,,,,,,,,,,,,,,,,,,,,,,,,,,,,,,,,,,,,,,,,,,,,,,,,,,,,,,,,,,,,,,,,,,,,,,,,,,,,,,,,,,,,,,,,,,,
,,OTHER PORT,LOCAL,,,,,,,,,,,,,,,,,,,,,,,,,,,,,,,,,,,,,,,,,,,,,,,,,,,,,,,,,,,,,,,,,,,,,,,,,,,,,,,,,,,,,,,,,,,,,,,,,,,,,,,,,,,,,,,,,,,,,,,,,,,,,,,,,,,,,,,,,,,,,,,,,,,,,,,,,,,,,,,,,,,,,,,,,,,,,,,,,,,,,,,,,,,,,,,,,,,,,,,,,,,,,,,,,,,,,,,,,,,,,,,,,,,,,,,,,,,,,,,,,,,,,,,,,,,,
,,OTHER PORT,FOREIGN,,,,,,,,,,,,,,,,,,,,,,,,,,,,,,,,,,,,,,,,,,,,,,,,,,,,,,,,,,,,,,,,,,,,,,,,,,,,,,,,,,,,,,,,,,,,,,,,,,,,,,,,,,,,,,,,,,,,,,,,,,,,,,,,,,,,,,,,,,,,,,,,,,,,,,,,,,,,,,,,,,,,,,,,,,,,,,,,,,,,,,,,,,,,,,,,,,,,,,,,,,,,,,,,,,,,,,,,,,,,,,,,,,,,,,,,,,,,,,,,,,,,,,,,,,,,
,,SUB TOTAL - LAKANDULA,,,,,,,,,,,,,,,,,,,,,,,,,,,,,,,,,,,,,,,,,,,,,,,,,,,,,,,,,,,,,,,,,,,,,,,,,,,,,,,,,,,,,,,,,,,,,,,,,,,,,,,,,,,,,,,,,,,,,,,,,,,,,,,,,,,,,,,,,,,,,,,,,,,,,,,,,,,,,,,,,,,,,,,,,,,,,,,,,,,,,,,,,,,,,,,,,,,,,,,,,,,,,,,,,,,,,,,,,,,,,,,,,,,,,,,,,,,,,,,,,,,,,,,,,,,,,
,,,,,,,,,,,,,,,,,,,,,,,,,,,,,,,,,,,,,,,,,,,,,,,,,,,,,,,,,,,,,,,,,,,,,,,,,,,,,,,,,,,,,,,,,,,,,,,,,,,,,,,,,,,,,,,,,,,,,,,,,,,,,,,,,,,,,,,,,,,,,,,,,,,,,,,,,,,,,,,,,,,,,,,,,,,,,,,,,,,,,,,,,,,,,,,,,,,,,,,,,,,,,,,,,,,,,,,,,,,,,,,,,,,,,,,,,,,,,,,,,,,,,,,,,,,,,,,
PALDO,,IOC,LOCAL,,,,,,,,,,,,,,,,,,,,,,,,,,,,,,,,,,,,,,,,,,,,,,,,,,,,,,,,,,,,,,,,,,,,,,,,,,,,,,,,,,,,,,,,,,,,,,,,,,,,,,,,,,,,,,,,,,,,,,,,,,,,,,,,,,,,,,,,,,,,,,,,,,,,,,,,,,,,,,,,,,,,,,,,,,,,,,,,,,,,,,,,,,,,,,,,,,,,,,,,,,,,,,,,,,,,,,,,,,,,,,,,,,,,,,,,,,,,,,,,,,,,,,,,,,,,
,,IOC,FOREIGN,,,,,,,,,,,,,,,,,,,,,,,,,,,,,,,,,,,,,,,,,,,,,,,,,,,,,,,,,,,,,,,,,,,,,,,,,,,,,,,,,,,,,,,,,,,,,,,,,,,,,,,,,,,,,,,,,,,,,,,,,,,,,,,,,,,,,,,,,,,,,,,,,,,,,,,,,,,,,,,,,,,,,,,,,,,,,,,,,,,,,,,,,,,,,,,,,,,,,,,,,,,,,,,,,,,,,,,,,,,,,,,,,,,,,,,,,,,,,,,,,,,,,,,,,,,,
,,OTHER PORT,LOCAL,,,,,,,,,,,,,,,,,,,,,,,,,,,,,,,,,,,,,,,,,,,,,,,,,,,,,,,,,,,,,,,,,,,,,,,,,,,,,,,,,,,,,,,,,,,,,,,,,,,,,,,,,,,,,,,,,,,,,,,,,,,,,,,,,,,,,,,,,,,,,,,,,,,,,,,,,,,,,,,,,,,,,,,,,,,,,,,,,,,,,,,,,,,,,,,,,,,,,,,,,,,,,,,,,,,,,,,,,,,,,,,,,,,,,,,,,,,,,,,,,,,,,,,,,,,,
,,OTHER PORT,FOREIGN,,,,,,,,,,,,,,,,,,,,,,,,,,,,,,,,,,,,,,,,,,,,,,,,,,,,,,,,,,,,,,,,,,,,,,,,,,,,,,,,,,,,,,,,,,,,,,,,,,,,,,,,,,,,,,,,,,,,,,,,,,,,,,,,,,,,,,,,,,,,,,,,,,,,,,,,,,,,,,,,,,,,,,,,,,,,,,,,,,,,,,,,,,,,,,,,,,,,,,,,,,,,,,,,,,,,,,,,,,,,,,,,,,,,,,,,,,,,,,,,,,,,,,,,,,,,
,,SUB TOTAL - PALDO,,,,,,,,,,,,,,,,,,,,,,,,,,,,,,,,,,,,,,,,,,,,,,,,,,,,,,,,,,,,,,,,,,,,,,,,,,,,,,,,,,,,,,,,,,,,,,,,,,,,,,,,,,,,,,,,,,,,,,,,,,,,,,,,,,,,,,,,,,,,,,,,,,,,,,,,,,,,,,,,,,,,,,,,,,,,,,,,,,,,,,,,,,,,,,,,,,,,,,,,,,,,,,,,,,,,,,,,,,,,,,,,,,,,,,,,,,,,,,,,,,,,,,,,,,,,,
,,,,,,,,,,,,,,,,,,,,,,,,,,,,,,,,,,,,,,,,,,,,,,,,,,,,,,,,,,,,,,,,,,,,,,,,,,,,,,,,,,,,,,,,,,,,,,,,,,,,,,,,,,,,,,,,,,,,,,,,,,,,,,,,,,,,,,,,,,,,,,,,,,,,,,,,,,,,,,,,,,,,,,,,,,,,,,,,,,,,,,,,,,,,,,,,,,,,,,,,,,,,,,,,,,,,,,,,,,,,,,,,,,,,,,,,,,,,,,,,,,,,,,,,,,,,,,,
PANAY GULF,,IOC,LOCAL,,,,,,,,,,,,,,,,,,,,,,,,,,,,,,,,,,,,,,,,,,,,,,,,,,,,,,,,,,,,,,,,,,,,,,,,,,,,,,,,,,,,,,,,,,,,,,,,,,,,,,,,,,,,,,,,,,,,,,,,,,,,,,,,,,,,,,,,,,,,,,,,,,,,,,,,,,,,,,,,,,,,,,,,,,,,,,,,,,,,,,,,,,,,,,,,,,,,,,,,,,,,,,,,,,,,,,,,,,,,,,,,,,,,,,,,,,,,,,,,,,,,,,,,,,,,
,,IOC,FOREIGN,,,,,,,,,,,,,,,,,,,,,,,,,,,,,,,,,,,,,,,,,,,,,,,,,,,,,,,,,,,,,,,,,,,,,,,,,,,,,,,,,,,,,,,,,,,,,,,,,,,,,,,,,,,,,,,,,,,,,,,,,,,,,,,,,,,,,,,,,,,,,,,,,,,,,,,,,,,,,,,,,,,,,,,,,,,,,,,,,,,,,,,,,,,,,,,,,,,,,,,,,,,,,,,,,,,,,,,,,,,,,,,,,,,,,,,,,,,,,,,,,,,,,,,,,,,,
,,OTHER PORT,LOCAL,,,,,,,,,,,,,,,,,,,,,,,,,,,,,,,,,,,,,,,,,,,,,,,,,,,,,,,,,,,,,,,,,,,,,,,,,,,,,,,,,,,,,,,,,,,,,,,,,,,,,,,,,,,,,,,,,,,,,,,,,,,,,,,,,,,,,,,,,,,,,,,,,,,,,,,,,,,,,,,,,,,,,,,,,,,,,,,,,,,,,,,,,,,,,,,,,,,,,,,,,,,,,,,,,,,,,,,,,,,,,,,,,,,,,,,,,,,,,,,,,,,,,,,,,,,,
,,OTHER PORT,FOREIGN,,,,,,,,,,,,,,,,,,,,,,,,,,,,,,,,,,,,,,,,,,,,,,,,,,,,,,,,,,,,,,,,,,,,,,,,,,,,,,,,,,,,,,,,,,,,,,,,,,,,,,,,,,,,,,,,,,,,,,,,,,,,,,,,,,,,,,,,,,,,,,,,,,,,,,,,,,,,,,,,,,,,,,,,,,,,,,,,,,,,,,,,,,,,,,,,,,,,,,,,,,,,,,,,,,,,,,,,,,,,,,,,,,,,,,,,,,,,,,,,,,,,,,,,,,,,
,,SUB TOTAL - PANAY GULF,,,,,,,,,,,,,,,,,,,,,,,,,,,,,,,,,,,,,,,,,,,,,,,,,,,,,,,,,,,,,,,,,,,,,,,,,,,,,,,,,,,,,,,,,,,,,,,,,,,,,,,,,,,,,,,,,,,,,,,,,,,,,,,,,,,,,,,,,,,,,,,,,,,,,,,,,,,,,,,,,,,,,,,,,,,,,,,,,,,,,,,,,,,,,,,,,,,,,,,,,,,,,,,,,,,,,,,,,,,,,,,,,,,,,,,,,,,,,,,,,,,,,,,,,,,,,
,,,,,,,,,,,,,,,,,,,,,,,,,,,,,,,,,,,,,,,,,,,,,,,,,,,,,,,,,,,,,,,,,,,,,,,,,,,,,,,,,,,,,,,,,,,,,,,,,,,,,,,,,,,,,,,,,,,,,,,,,,,,,,,,,,,,,,,,,,,,,,,,,,,,,,,,,,,,,,,,,,,,,,,,,,,,,,,,,,,,,,,,,,,,,,,,,,,,,,,,,,,,,,,,,,,,,,,,,,,,,,,,,,,,,,,,,,,,,,,,,,,,,,,,,,,,,,,
SUJEONG,,IOC,LOCAL,,,,,,,,,,,,,,,,,,,,,,,,,,,,,,,,,,,,,,,,,,,,,,,,,,,,,,,,,,,,,,,,,,,,,,,,,,,,,,,,,,,,,,,,,,,,,,,,,,,,,,,,,,,,,,,,,,,,,,,,,,,,,,,,,,,,,,,,,,,,,,,,,,,,,,,,,,,,,,,,,,,,,,,,,,,,,,,,,,,,,,,,,,,,,,,,,,,,,,,,,,,,,,,,,,,,,,,,,,,,,,,,,,,,,,,,,,,,,,,,,,,,,,,,,,,,
,,IOC,FOREIGN,,,,,,,,,,,,,,,,,,,,,,,,,,,,,,,,,,,,,,,,,,,,,,,,,,,,,,,,,,,,,,,,,,,,,,,,,,,,,,,,,,,,,,,,,,,,,,,,,,,,,,,,,,,,,,,,,,,,,,,,,,,,,,,,,,,,,,,,,,,,,,,,,,,,,,,,,,,,,,,,,,,,,,,,,,,,,,,,,,,,,,,,,,,,,,,,,,,,,,,,,,,,,,,,,,,,,,,,,,,,,,,,,,,,,,,,,,,,,,,,,,,,,,,,,,,,
,,OTHER PORT,LOCAL,,,,,,,,,,,,,,,,,,,,,,,,,,,,,,,,,,,,,,,,,,,,,,,,,,,,,,,,,,,,,,,,,,,,,,,,,,,,,,,,,,,,,,,,,,,,,,,,,,,,,,,,,,,,,,,,,,,,,,,,,,,,,,,,,,,,,,,,,,,,,,,,,,,,,,,,,,,,,,,,,,,,,,,,,,,,,,,,,,,,,,,,,,,,,,,,,,,,,,,,,,,,,,,,,,,,,,,,,,,,,,,,,,,,,,,,,,,,,,,,,,,,,,,,,,,,
,,OTHER PORT,FOREIGN,,,,,,,,,,,,,,,,,,,,,,,,,,,,,,,,,,,,,,,,,,,,,,,,,,,,,,,,,,,,,,,,,,,,,,,,,,,,,,,,,,,,,,,,,,,,,,,,,,,,,,,,,,,,,,,,,,,,,,,,,,,,,,,,,,,,,,,,,,,,,,,,,,,,,,,,,,,,,,,,,,,,,,,,,,,,,,,,,,,,,,,,,,,,,,,,,,,,,,,,,,,,,,,,,,,,,,,,,,,,,,,,,,,,,,,,,,,,,,,,,,,,,,,,,,,,
,,SUB TOTAL - SUJEONG,,,,,,,,,,,,,,,,,,,,,,,,,,,,,,,,,,,,,,,,,,,,,,,,,,,,,,,,,,,,,,,,,,,,,,,,,,,,,,,,,,,,,,,,,,,,,,,,,,,,,,,,,,,,,,,,,,,,,,,,,,,,,,,,,,,,,,,,,,,,,,,,,,,,,,,,,,,,,,,,,,,,,,,,,,,,,,,,,,,,,,,,,,,,,,,,,,,,,,,,,,,,,,,,,,,,,,,,,,,,,,,,,,,,,,,,,,,,,,,,,,,,,,,,,,,,,
,,,,,,,,,,,,,,,,,,,,,,,,,,,,,,,,,,,,,,,,,,,,,,,,,,,,,,,,,,,,,,,,,,,,,,,,,,,,,,,,,,,,,,,,,,,,,,,,,,,,,,,,,,,,,,,,,,,,,,,,,,,,,,,,,,,,,,,,,,,,,,,,,,,,,,,,,,,,,,,,,,,,,,,,,,,,,,,,,,,,,,,,,,,,,,,,,,,,,,,,,,,,,,,,,,,,,,,,,,,,,,,,,,,,,,,,,,,,,,,,,,,,,,,,,,,,,,,
SUN JIN NO.505,,IOC,LOCAL,,,,,,,,,,,,,,,,,,,,,,,,,,,,,,,,,,,,,,,,,,,,,,,,,,,,,,,,,,,,,,,,,,,,,,,,,,,,,,,,,,,,,,,,,,,,,,,,,,,,,,,,,,,,,,,,,,,,,,,,,,,,,,,,,,,,,,,,,,,,,,,,,,,,,,,,,,,,,,,,,,,,,,,,,,,,,,,,,,,,,,,,,,,,,,,,,,,,,,,,,,,,,,,,,,,,,,,,,,,,,,,,,,,,,,,,,,,,,,,,,,,,,,,,,,,,
,,IOC,FOREIGN,,,,,,,,,,,,,,,,,,,,,,,,,,,,,,,,,,,,,,,,,,,,,,,,,,,,,,,,,,,,,,,,,,,,,,,,,,,,,,,,,,,,,,,,,,,,,,,,,,,,,,,,,,,,,,,,,,,,,,,,,,,,,,,,,,,,,,,,,,,,,,,,,,,,,,,,,,,,,,,,,,,,,,,,,,,,,,,,,,,,,,,,,,,,,,,,,,,,,,,,,,,,,,,,,,,,,,,,,,,,,,,,,,,,,,,,,,,,,,,,,,,,,,,,,,,,
,,OTHER PORT,LOCAL,,,,,,,,,,,,,,,,,,,,,,,,,,,,,,,,,,,,,,,,,,,,,,,,,,,,,,,,,,,,,,,,,,,,,,,,,,,,,,,,,,,,,,,,,,,,,,,,,,,,,,,,,,,,,,,,,,,,,,,,,,,,,,,,,,,,,,,,,,,,,,,,,,,,,,,,,,,,,,,,,,,,,,,,,,,,,,,,,,,,,,,,,,,,,,,,,,,,,,,,,,,,,,,,,,,,,,,,,,,,,,,,,,,,,,,,,,,,,,,,,,,,,,,,,,,,
,,OTHER PORT,FOREIGN,,,,,,,,,,,,,,,,,,,,,,,,,,,,,,,,,,,,,,,,,,,,,,,,,,,,,,,,,,,,,,,,,,,,,,,,,,,,,,,,,,,,,,,,,,,,,,,,,,,,,,,,,,,,,,,,,,,,,,,,,,,,,,,,,,,,,,,,,,,,,,,,,,,,,,,,,,,,,,,,,,,,,,,,,,,,,,,,,,,,,,,,,,,,,,,,,,,,,,,,,,,,,,,,,,,,,,,,,,,,,,,,,,,,,,,,,,,,,,,,,,,,,,,,,,,,
,,SUB TOTAL - SUN JIN NO.505,,,,,,,,,,,,,,,,,,,,,,,,,,,,,,,,,,,,,,,,,,,,,,,,,,,,,,,,,,,,,,,,,,,,,,,,,,,,,,,,,,,,,,,,,,,,,,,,,,,,,,,,,,,,,,,,,,,,,,,,,,,,,,,,,,,,,,,,,,,,,,,,,,,,,,,,,,,,,,,,,,,,,,,,,,,,,,,,,,,,,,,,,,,,,,,,,,,,,,,,,,,,,,,,,,,,,,,,,,,,,,,,,,,,,,,,,,,,,,,,,,,,,,,,,,,,,
,,,,,,,,,,,,,,,,,,,,,,,,,,,,,,,,,,,,,,,,,,,,,,,,,,,,,,,,,,,,,,,,,,,,,,,,,,,,,,,,,,,,,,,,,,,,,,,,,,,,,,,,,,,,,,,,,,,,,,,,,,,,,,,,,,,,,,,,,,,,,,,,,,,,,,,,,,,,,,,,,,,,,,,,,,,,,,,,,,,,,,,,,,,,,,,,,,,,,,,,,,,,,,,,,,,,,,,,,,,,,,,,,,,,,,,,,,,,,,,,,,,,,,,,,,,,,,,
TABANGAO,,IOC,LOCAL,,,,,,,,,,,,,,,,,,,,,,,,,,,,,,,,,,,,,,,,,,,,,,,,,,,,,,,,,,,,,,,,,,,,,,,,,,,,,,,,,,,,,,,,,,,,,,,,,,,,,,,,,,,,,,,,,,,,,,,,,,,,,,,,,,,,,,,,,,,,,,,,,,,,,,,,,,,,,,,,,,,,,,,,,,,,,,,,,,,,,,,,,,,,,,,,,,,,,,,,,,,,,,,,,,,,,,,,,,,,,,,,,,,,,,,,,,,,,,,,,,,,,,,,,,,,
,,IOC,FOREIGN,,,,,,,,,,,,,,,,,,,,,,,,,,,,,,,,,,,,,,,,,,,,,,,,,,,,,,,,,,,,,,,,,,,,,,,,,,,,,,,,,,,,,,,,,,,,,,,,,,,,,,,,,,,,,,,,,,,,,,,,,,,,,,,,,,,,,,,,,,,,,,,,,,,,,,,,,,,,,,,,,,,,,,,,,,,,,,,,,,,,,,,,,,,,,,,,,,,,,,,,,,,,,,,,,,,,,,,,,,,,,,,,,,,,,,,,,,,,,,,,,,,,,,,,,,,,
,,OTHER PORT,LOCAL,,,,,,,,,,,,,,,,,,,,,,,,,,,,,,,,,,,,,,,,,,,,,,,,,,,,,,,,,,,,,,,,,,,,,,,,,,,,,,,,,,,,,,,,,,,,,,,,,,,,,,,,,,,,,,,,,,,,,,,,,,,,,,,,,,,,,,,,,,,,,,,,,,,,,,,,,,,,,,,,,,,,,,,,,,,,,,,,,,,,,,,,,,,,,,,,,,,,,,,,,,,,,,,,,,,,,,,,,,,,,,,,,,,,,,,,,,,,,,,,,,,,,,,,,,,,
,,OTHER PORT,FOREIGN,,,,,,,,,,,,,,,,,,,,,,,,,,,,,,,,,,,,,,,,,,,,,,,,,,,,,,,,,,,,,,,,,,,,,,,,,,,,,,,,,,,,,,,,,,,,,,,,,,,,,,,,,,,,,,,,,,,,,,,,,,,,,,,,,,,,,,,,,,,,,,,,,,,,,,,,,,,,,,,,,,,,,,,,,,,,,,,,,,,,,,,,,,,,,,,,,,,,,,,,,,,,,,,,,,,,,,,,,,,,,,,,,,,,,,,,,,,,,,,,,,,,,,,,,,,,
,,SUB TOTAL - TABANGAO,,,,,,,,,,,,,,,,,,,,,,,,,,,,,,,,,,,,,,,,,,,,,,,,,,,,,,,,,,,,,,,,,,,,,,,,,,,,,,,,,,,,,,,,,,,,,,,,,,,,,,,,,,,,,,,,,,,,,,,,,,,,,,,,,,,,,,,,,,,,,,,,,,,,,,,,,,,,,,,,,,,,,,,,,,,,,,,,,,,,,,,,,,,,,,,,,,,,,,,,,,,,,,,,,,,,,,,,,,,,,,,,,,,,,,,,,,,,,,,,,,,,,,,,,,,,,
,,,,,,,,,,,,,,,,,,,,,,,,,,,,,,,,,,,,,,,,,,,,,,,,,,,,,,,,,,,,,,,,,,,,,,,,,,,,,,,,,,,,,,,,,,,,,,,,,,,,,,,,,,,,,,,,,,,,,,,,,,,,,,,,,,,,,,,,,,,,,,,,,,,,,,,,,,,,,,,,,,,,,,,,,,,,,,,,,,,,,,,,,,,,,,,,,,,,,,,,,,,,,,,,,,,,,,,,,,,,,,,,,,,,,,,,,,,,,,,,,,,,,,,,,,,,,,,
OTHER TUGS,,ALL PORTS,LOCAL,,,,,,,,,,,,,,,,,,,,,,,,,,,,,,,,,,,,,,,,,,,,,,,,,,,,,,,,,,,,,,,,,,,,,,,,,,,,,,,,,,,,,,,,,,,,,,,,,,,,,,,,,,,,,,,,,,,,,,,,,,,,,,,,,,,,,,,,,,,,,,,,,,,,,,,,,,,,,,,,,,,,,,,,,,,,,,,,,,,,,,,,,,,,,,,,,,,,,,,,,,,,,,,,,,,,,,,,,,,,,,,,,,,,,,,,,,,,,,,,,,,,,,,,,,,,
,,ALL PORTS,FOREIGN,,,,,,,,,,,,,,,,,,,,,,,,,,,,,,,,,,,,,,,,,,,,,,,,,,,,,,,,,,,,,,,,,,,,,,,,,,,,,,,,,,,,,,,,,,,,,,,,,,,,,,,,,,,,,,,,,,,,,,,,,,,,,,,,,,,,,,,,,,,,,,,,,,,,,,,,,,,,,,,,,,,,,,,,,,,,,,,,,,,,,,,,,,,,,,,,,,,,,,,,,,,,,,,,,,,,,,,,,,,,,,,,,,,,,,,,,,,,,,,,,,,,,,,,,,,,
,,SUB TOTAL - OTHER TUGS,,,,,,,,,,,,,,,,,,,,,,,,,,,,,,,,,,,,,,,,,,,,,,,,,,,,,,,,,,,,,,,,,,,,,,,,,,,,,,,,,,,,,,,,,,,,,,,,,,,,,,,,,,,,,,,,,,,,,,,,,,,,,,,,,,,,,,,,,,,,,,,,,,,,,,,,,,,,,,,,,,,,,,,,,,,,,,,,,,,,,,,,,,,,,,,,,,,,,,,,,,,,,,,,,,,,,,,,,,,,,,,,,,,,,,,,,,,,,,,,,,,,,,,,,,,,,
,,,,,,,,,,,,,,,,,,,,,,,,,,,,,,,,,,,,,,,,,,,,,,,,,,,,,,,,,,,,,,,,,,,,,,,,,,,,,,,,,,,,,,,,,,,,,,,,,,,,,,,,,,,,,,,,,,,,,,,,,,,,,,,,,,,,,,,,,,,,,,,,,,,,,,,,,,,,,,,,,,,,,,,,,,,,,,,,,,,,,,,,,,,,,,,,,,,,,,,,,,,,,,,,,,,,,,,,,,,,,,,,,,,,,,,,,,,,,,,,,,,,,,,,,,,,,,,
OVER ALL TOTAL,,,,,,,70.25 ,,,,,,,,,,,,,,,,,,,,,,,,,,,,,,,,,,,,,,,,,,,,,,,,,,,,,,,,,,,,,,,,,,,,,,,,,,,,,,,,,,,,,,,,,,,,,,,,,,,,,,,,,,,,,,,,,,,,,,,,,,,,,,,,,,,,,,,,,,,,,,,,,,,,,,,,,,,,,,,,,,,,,,,,,,,,,,,,,,,,,,,,,,,,,,,,,,,,,,,,,,,,,,,,,,,,,,,,,,,,,,,,,,,,,,,,,,,,,,,,,,,,,,,,
