,,,,,,,,,,,,,,,,
Date Left,time Left,Date Arrived,Time Arrived,Tugboat Name,client,Vessel Name,Port Name,Terminal Name,Activity / Service Description,for,Remarks,Voyage #,,,,
08/08/2024,08:30,08/08/2024,11:00,HOKUTO,,MT ALICE DL,CEBU,CEBU_ARCTURA,DOCKING,,,,,,,
10/01/2024,21:20,10/01/2024,22:55,NHTC 5,,MT PANGLAO ISLAND,CEBU,CEBU_SRDC LAPU LAPU,DOCKING,,,876,,,,
10/02/2024,10:50,10/02/2024,11:50,NHTC 5,,MT PANGLAO ISLAND,CEBU,CEBU_SRDC LAPU LAPU,UNDOCKING,,,876,,,,
10/15/2024,10:15,10/15/2024,11:55,NHTC 5,,MT MARINGAL,CEBU,CEBU_SRDC LAPU LAPU,DOCKING,,,286,,,,
10/16/2024,07:20,10/16/2024,08:20,NHTC 5,,MT MARINGAL,CEBU,CEBU_SRDC LAPU LAPU,UNDOCKING,,,286,,,,
10/21/2024,11:00,10/21/2024,12:40,ENERGY VENUS,,MT ANGEL STAR,QUEZON,QUEZON_AZORA SARIAYA,BOARDING FORMALITIES,,,,,,,
10/21/2024,16:45,10/21/2024,19:50,ENERGY PACIFIC,,MT ANGEL STAR,QUEZON,QUEZON_AZORA SARIAYA,DOCKING,,,,,,,
10/21/2024,16:50,10/21/2024,19:30,ENERGY VENUS,,MT ANGEL STAR,QUEZON,QUEZON_AZORA SARIAYA,DOCKING,,,,,,,
10/22/2024,17:45,10/22/2024,19:10,ENERGY PACIFIC,,MT ANGEL STAR,QUEZON,QUEZON_AZORA SARIAYA,UNDOCKING,,,,,,,
10/22/2024,17:50,10/22/2024,19:05,ENERGY VENUS,,MT ANGEL STAR,QUEZON,QUEZON_AZORA SARIAYA,UNDOCKING,,,,,,,
10/27/2024,03:35,10/27/2024,06:35,ENERGY PACIFIC,,MT ANGEL STAR,QUEZON,QUEZON_AZORA SARIAYA,DOCKING,,,,,,,
10/27/2024,03:40,10/27/2024,06:35,ENERGY VENUS,,MT ANGEL STAR,QUEZON,QUEZON_AZORA SARIAYA,DOCKING,,,,,,,
10/27/2024,16:30,10/27/2024,17:45,ENERGY PACIFIC,,MT ANGEL STAR,QUEZON,QUEZON_AZORA SARIAYA,UNDOCKING,,,,,,,
10/27/2024,16:35,10/27/2024,17:30,ENERGY VENUS,,MT ANGEL STAR,QUEZON,QUEZON_AZORA SARIAYA,UNDOCKING,,,,,,,
10/28/2024,06:00,10/28/2024,08:25,PANAY GULF,,MV THAI BINH 68,DAVAO,DAVAO_KUDOS,DOCKING,,,,,,,
10/28/2024,06:05,10/28/2024,08:25,CEBU STRAIT,,MV THAI BINH 68,DAVAO,DAVAO_KUDOS,DOCKING,,,,,,,
10/28/2024,18:00,10/28/2024,20:25,NHTC 5,,MT MALINGAP,CEBU,CEBU_SRDC LAPU LAPU,DOCKING,,,361,,,,
10/28/2024,18:00,10/28/2024,20:25,NHTC 5,SITE RESOURCES DEVELOPMENT CORPORATION,MT MALINGAP,CEBU,CEBU_SRDC LAPU LAPU,DOCKING,,,361,,,,
10/29/2024,04:45,10/29/2024,06:25,PACIFICROSE 11,,MT CHELSEA ENDURANCE,CDO,CDO_PDOC,DOCKING,,,,,,,
10/29/2024,05:25,10/29/2024,06:10,PACIFICROSE 11,,MT CHELSEA ENDURANCE,CDO,CDO_PDOC,DOCKING,,,,,,,
10/29/2024,08:15,10/29/2024,11:03,ANSTEF,,MT ESPADA,LEYTE,LEYTE_VISPET,DOCKING,,,,,,,
10/29/2024,11:00,10/29/2024,11:44,NHTC 5,,MT MALINGAP,CEBU,CEBU_SRDC LAPU LAPU,UNDOCKING,,,361,,,,
10/29/2024,11:00,10/29/2024,11:45,NHTC 5,SITE RESOURCES DEVELOPMENT CORPORATION,MT MALINGAP,CEBU,CEBU_SRDC LAPU LAPU,UNDOCKING,,,361,,,,
10/29/2024,14:30,10/29/2024,16:05,PANAY GULF,,MV TUAN DUNG 36,DAVAO,DAVAO_KUDOS,DOCKING,,,,,,,
10/30/2024,10:40,10/30/2024,11:25,ANSTEF,,MT ESPADA,LEYTE,LEYTE_VISPET,UNDOCKING,,,,,,,
10/30/2024,14:04,10/30/2024,14:23,PACIFIC ROSE 8,,MT CHELSEA ENDURANCE,CDO,CDO_PDOC,UNDOCKING,,,,,,,
11/01/2024,05:20,11/01/2024,08:05,BOHOL SEA,,MV THAI BINH 68,DAVAO,DAVAO_KUDOS,DOCKING,,,,,,,
11/01/2024,05:30,11/01/2024,07:55,CEBU STRAIT,,MV THAI BINH 68,DAVAO,DAVAO_KUDOS,DOCKING,,,,,,,
11/01/2024,05:40,11/01/2024,06:58,TUG 20,,MT PANGLAO ISLAND,JIMENEZ,JIMENEZ_SRDC JIMENEZ,DOCKING,,,879,,,,
11/01/2024,19:25,11/01/2024,21:10,BATANGAS MOORING BOAT,,MT MALINGAP,BATANGAS,BATANGAS_SRDC BATANGAS,MOORING,,,362,,,,
11/01/2024,19:25,11/01/2024,21:10,CHOKWANG,,MT MALINGAP,BATANGAS,BATANGAS_SRDC BATANGAS,DOCKING,,Chief Mate Remias Jogarap on Duty,362,,,,
11/01/2024,19:25,11/01/2024,21:35,SUN JIN NO.505,,MT MALINGAP,BATANGAS,BATANGAS_SRDC BATANGAS,DOCKING,,calm weather and smooth weather conditions ,362,,,,
11/01/2024,22:30,11/01/2024,23:00,BATANGAS MOORING BOAT,,MT MATIPUNO,BATANGAS,BATANGAS_SRDC BATANGAS,MOORING,,,331,,,,
11/01/2024,22:30,11/02/2024,00:40,SUN JIN NO.505,,MT MATIPUNO,BATANGAS,BATANGAS_SRDC BATANGAS,DOCKING,,,331,,,,
11/02/2024,04:50,11/02/2024,06:10,CEBU STRAIT,,MT AVA,DAVAO,DAVAO_INSULAR OIL,DOCKING,,,332,,,,
11/02/2024,04:50,11/02/2024,06:05,PANAY GULF,,MT AVA,DAVAO,DAVAO_INSULAR OIL,DOCKING,,,332,,,,
11/02/2024,06:20,11/02/2024,15:20,BOHOL SEA,,MT AVA,DAVAO,DAVAO_INSULAR OIL,TENDING,,,332,,,,
11/02/2024,15:15,11/02/2024,16:35,PANAY GULF,,MT AVA,DAVAO,DAVAO_INSULAR OIL,UNDOCKING,,,332,,,,
11/02/2024,15:20,11/02/2024,16:30,BOHOL SEA,,MT AVA,DAVAO,DAVAO_INSULAR OIL,UNDOCKING,,,332,,,,
11/02/2024,22:50,11/02/2024,23:00,BATANGAS MOORING BOAT,,MT MATIPUNO,BATANGAS,BATANGAS_SRDC BATANGAS,UNMOORING,,,331,,,,
11/02/2024,22:50,11/02/2024,23:40,CHOKWANG,,MT MATIPUNO,BATANGAS,BATANGAS_SRDC BATANGAS,UNDOCKING,,CM Remias Jogarap on duty,331,,,,
11/02/2024,22:50,11/03/2024,02:10,SUN JIN NO.505,,MT MALINGAP,BATANGAS,BATANGAS_SRDC BATANGAS,UNDOCKING,,Sir nagkamali po ako ng time imbis na 2350h nalagay kupo ng 2250h Kaya kinorect kupo tnx,362,,,,
11/02/2024,23:50,11/02/2024,23:55,BATANGAS MOORING BOAT,,MT MALINGAP,BATANGAS,BATANGAS_SRDC BATANGAS,UNMOORING,,,362,,,,
11/02/2024,23:50,11/03/2024,01:50,CHOKWANG,,MT MALINGAP,BATANGAS,BATANGAS_SRDC BATANGAS,UNDOCKING,,CM Remias Jogarap on duty,362,,,,
11/03/2024,04:45,11/03/2024,06:00,BOHOL SEA,,MT CASANDRA,DAVAO,DAVAO_INSULAR OIL,DOCKING,,,362,,,,
11/03/2024,04:45,11/03/2024,06:10,CEBU STRAIT,,MT CASANDRA,DAVAO,DAVAO_INSULAR OIL,DOCKING,,,362,,,,
11/03/2024,05:40,11/03/2024,07:10,PANAY GULF,,MT AVA,DAVAO,DAVAO_SRDC SASA,DOCKING,,,332,,,,
11/03/2024,06:00,11/03/2024,07:10,BOHOL SEA,,MT AVA,DAVAO,DAVAO_SRDC SASA,DOCKING,,,332,,,,
11/03/2024,06:05,11/04/2024,05:00,CEBU STRAIT,,MT CASANDRA,DAVAO,DAVAO_INSULAR OIL,TENDING,,,362,,,,
11/04/2024,00:30,11/04/2024,01:45,PANAY GULF,,MT AVA,DAVAO,DAVAO_SRDC SASA,UNDOCKING,,,332,,,,
11/04/2024,00:45,11/04/2024,01:50,BOHOL SEA,,MT AVA,DAVAO,DAVAO_SRDC SASA,UNDOCKING,,,332,,,,
11/04/2024,04:55,11/04/2024,05:45,BOHOL SEA,,MT CASANDRA,DAVAO,DAVAO_INSULAR OIL,UNDOCKING,,,362,,,,
11/04/2024,04:55,11/04/2024,05:30,CEBU STRAIT,,MT CASANDRA,DAVAO,DAVAO_INSULAR OIL,UNDOCKING,,,362,,,,
11/04/2024,05:05,11/04/2024,06:50,PANAY GULF,,MV THAI BINH 68,DAVAO,DAVAO_KUDOS,UNDOCKING,,,,,,,
11/04/2024,05:55,11/04/2024,06:15,CEBU STRAIT,,MV THAI BINH 68,DAVAO,DAVAO_KUDOS,UNDOCKING,,,,,,,
11/04/2024,06:20,11/04/2024,08:20,BOHOL SEA,,MT CHELSEA ENDURANCE,DAVAO,DAVAO_INSULAR OIL,DOCKING,,,241,,,,
11/04/2024,07:15,11/04/2024,08:20,CEBU STRAIT,,MT CHELSEA ENDURANCE,DAVAO,DAVAO_INSULAR OIL,DOCKING,,,241,,,,
11/04/2024,08:25,11/05/2024,08:25,BOHOL SEA,,MT CHELSEA ENDURANCE,DAVAO,DAVAO_INSULAR OIL,TENDING,,,241,,,,
11/04/2024,18:20,11/04/2024,19:20,BATANGAS MOORING BOAT,,MT PANGLAO ISLAND,BATANGAS,BATANGAS_SRDC BATANGAS,MOORING,,,880,,,,
11/04/2024,18:20,11/04/2024,20:10,SUN JIN NO.505,,MT PANGLAO ISLAND,BATANGAS,BATANGAS_SRDC BATANGAS,DOCKING,,,880,,,,
11/05/2024,06:24,11/05/2024,08:04,TUG 20,,MT MURE MURE,JIMENEZ,JIMENEZ_TMOMI,DOCKING,,,,,,,
11/05/2024,07:55,11/05/2024,09:15,CEBU STRAIT,,MT CHELSEA ENDURANCE,DAVAO,DAVAO_INSULAR OIL,UNDOCKING,,,241,,,,
11/05/2024,08:25,11/05/2024,09:10,BOHOL SEA,,MT CHELSEA ENDURANCE,DAVAO,DAVAO_INSULAR OIL,UNDOCKING,,,241,,,,
11/05/2024,11:30,11/05/2024,14:15,BOHOL SEA,,MT LUCKY MAY,DAVAO,DAVAO_INSULAR OIL,DOCKING,,,2404,,,,
11/05/2024,11:30,11/05/2024,13:55,CEBU STRAIT,,MT LUCKY MAY,DAVAO,DAVAO_INSULAR OIL,DOCKING,,,2404,,,,
11/05/2024,11:30,11/05/2024,14:00,PANAY GULF,,MT LUCKY MAY,DAVAO,DAVAO_INSULAR OIL,DOCKING,,,2404,,,,
11/05/2024,14:15,11/07/2024,00:50,BOHOL SEA,,MT LUCKY MAY,DAVAO,DAVAO_INSULAR OIL,TENDING,,,2404,,,,
11/05/2024,16:10,11/05/2024,17:10,BATANGAS MOORING BOAT,,MT PANGLAO ISLAND,BATANGAS,BATANGAS_SRDC BATANGAS,UNMOORING,,,880,,,,
11/05/2024,16:10,11/05/2024,17:05,CHOKWANG,,MT PANGLAO ISLAND,BATANGAS,BATANGAS_SRDC BATANGAS,UNDOCKING,,CM Remias Jogarap on Duty,880,,,,
11/06/2024,01:55,11/07/2024,12:55,PANAY GULF,,MT LUCKY MAY,DAVAO,DAVAO_INSULAR OIL,TENDING,,Proper duty on watch ,2404,,,,
11/06/2024,10:40,11/06/2024,12:25,PANAY GULF,,MV SEIYO SPRING,DAVAO,DAVAO_LEGASPI OIL,DOCKING,,,2411,,,,
11/06/2024,10:45,11/06/2024,12:40,CEBU STRAIT,,MV SEIYO SPRING,DAVAO,DAVAO_LEGASPI OIL,DOCKING,,,2411,,,,
11/06/2024,20:30,11/06/2024,22:00,TABANGAO,,LPG/C HONG TAI,CEBU,CEBU_PHOENIX NAGA,DOCKING,,,2438,,,,
11/06/2024,20:40,11/06/2024,22:10,HOKUTO,,LPG/C HONG TAI,CEBU,CEBU_PHOENIX NAGA,DOCKING,,,2438,,,,
11/07/2024,00:40,11/07/2024,01:45,CEBU STRAIT,,MT LUCKY MAY,DAVAO,DAVAO_INSULAR OIL,UNDOCKING,,,2404,,,,
11/07/2024,00:45,11/07/2024,01:50,PANAY GULF,,MT LUCKY MAY,DAVAO,DAVAO_INSULAR OIL,UNDOCKING,,M/t lucky may undock properly and tug Panay gulf and crew safe and secured ,2404,,,,
11/07/2024,00:50,11/07/2024,01:50,BOHOL SEA,,MT LUCKY MAY,DAVAO,DAVAO_INSULAR OIL,UNDOCKING,,,2404,,,,
11/07/2024,05:35,11/07/2024,07:00,HOKUTO,,MT BULUSAN,CEBU,CEBU_SPEC PITALO,DOCKING,,,216,,,,
11/07/2024,05:35,11/07/2024,06:55,TABANGAO,,MT BULUSAN,CEBU,CEBU_SPEC PITALO,DOCKING,,,216,,,,
11/07/2024,05:50,11/07/2024,06:55,BOHOL SEA,,MT AVA,DAVAO,DAVAO_INSULAR OIL,DOCKING,,,333,,,,
11/07/2024,05:55,11/07/2024,06:55,PANAY GULF,,MT AVA,DAVAO,DAVAO_INSULAR OIL,DOCKING,,Docking of m/t ava is safe,333,,,,
11/07/2024,06:30,11/09/2024,10:00,CEBU MOORING BOAT,,MT BULUSAN,CEBU,CEBU_SPEC PITALO,MOORING,,,216,,,,
11/07/2024,06:30,11/09/2024,16:00,PITALO MOORING BOAT,,MT BULUSAN,CEBU,CEBU_SPEC PITALO,UNMOORING,,,216,,,,
11/07/2024,06:50,11/07/2024,17:10,PANAY GULF,,MT AVA,DAVAO,DAVAO_INSULAR OIL,TENDING,,,333,,,,
11/07/2024,06:55,11/09/2024,09:55,TABANGAO,,MT BULUSAN,CEBU,CEBU_SPEC PITALO,TENDING,,,216,,,,
11/07/2024,08:14,11/07/2024,08:58,TUG 20,,MT PANGLAO ISLAND,JIMENEZ,JIMENEZ_SRDC JIMENEZ,DOCKING,,,880,,,,
11/07/2024,08:20,11/07/2024,10:35,BOHOL SEA,,MV THAI BINH 68,DAVAO,DAVAO_KUDOS,DOCKING,,,,,,,
11/07/2024,08:20,11/07/2024,10:40,CEBU STRAIT,,MV THAI BINH 68,DAVAO,DAVAO_KUDOS,DOCKING,,,,,,,
11/07/2024,12:30,11/07/2024,13:10,HOKUTO,,LPG/C HONG TAI,CEBU,CEBU_PHOENIX NAGA,UNDOCKING,,,2438,,,,
11/07/2024,12:30,11/07/2024,13:10,TABANGAO,,LPG/C HONG TAI,CEBU,CEBU_PHOENIX NAGA,UNDOCKING,,,2438,,,,
11/07/2024,17:00,11/07/2024,17:35,PANAY GULF,,MT AVA,DAVAO,DAVAO_INSULAR OIL,UNDOCKING,,,333,,,,
11/07/2024,17:05,11/07/2024,17:45,CEBU STRAIT,,MT AVA,DAVAO,DAVAO_INSULAR OIL,UNDOCKING,,,333,,,,
11/07/2024,21:40,11/07/2024,23:15,BOHOL SEA,,MV TUAN DUNG 36,DAVAO,DAVAO_KUDOS,UNDOCKING,,,,,,,
11/07/2024,21:40,11/07/2024,23:20,PANAY GULF,,MV TUAN DUNG 36,DAVAO,DAVAO_KUDOS,UNDOCKING,,,,,,,
11/08/2024,05:15,11/08/2024,08:30,BOHOL SEA,,MT GRAND ACE 6,DAVAO,DAVAO_INSULAR OIL,DOCKING,,,30,,,,
11/08/2024,05:15,11/08/2024,08:25,CEBU STRAIT,,MT GRAND ACE 6,DAVAO,DAVAO_INSULAR OIL,DOCKING,,,30,,,,
11/08/2024,05:35,11/08/2024,08:10,PANAY GULF,,MT GRAND ACE 6,DAVAO,DAVAO_INSULAR OIL,DOCKING,,,30,,,,
11/08/2024,08:05,11/09/2024,06:40,PANAY GULF,,MT GRAND ACE 6,DAVAO,DAVAO_INSULAR OIL,TENDING,,,30,,,,
11/08/2024,08:10,11/09/2024,06:30,CEBU STRAIT,,MT GRAND ACE 6,DAVAO,DAVAO_INSULAR OIL,TENDING,,,30,,,,
11/08/2024,08:25,11/08/2024,11:50,PANAY GULF,,MT THERESA TIGA,DAVAO,DAVAO_NEW DAVAO OIL MILL,DOCKING,,,,,,,
11/08/2024,08:30,11/08/2024,11:45,BOHOL SEA,,MT THERESA TIGA,DAVAO,DAVAO_NEW DAVAO OIL MILL,DOCKING,,,,,,,
11/08/2024,08:30,11/08/2024,11:15,CEBU STRAIT,,MT THERESA TIGA,DAVAO,DAVAO_NEW DAVAO OIL MILL,DOCKING,,,,,,,
11/08/2024,11:40,11/08/2024,14:30,ILONGO,,MT PYXIS KARTERIA,SUBIC,SUBIC_PPC TERMINAL,DOCKING,,,47,,,,
11/08/2024,11:45,11/08/2024,12:55,BOHOL SEA,,MT AVA,DAVAO,DAVAO_SRDC SASA,DOCKING,,,333,,,,
11/08/2024,11:50,11/08/2024,12:50,PANAY GULF,,MT AVA,DAVAO,DAVAO_SRDC SASA,DOCKING,,,333,,,,
11/08/2024,11:55,11/08/2024,14:25,SEHANA,,MT PYXIS KARTERIA,SUBIC,SUBIC_PPC TERMINAL,DOCKING,,,47,,,,
11/08/2024,13:00,11/08/2024,15:40,SUN JIN NO.505,,MT MARINGAL,BATANGAS,BATANGAS_SRDC BATANGAS,DOCKING,,,290,,,,
11/08/2024,20:00,11/08/2024,21:30,NHTC 5,,MT PANGLAO ISLAND,CEBU,CEBU_SRDC LAPU LAPU,DOCKING,,,880,,,,
11/08/2024,20:10,11/08/2024,21:20,PACIFIC ROSE 14,,MT PANGLAO ISLAND,CEBU,CEBU_SRDC LAPU LAPU,DOCKING,,,880,,,,
11/08/2024,20:15,11/08/2024,22:15,BOHOL SEA,,MV DONG AN,DAVAO,DAVAO_KUDOS,DOCKING,,,,,,,
11/08/2024,20:20,11/08/2024,22:20,PANAY GULF,,MV DONG AN,DAVAO,DAVAO_KUDOS,DOCKING,,,,,,,
11/08/2024,20:44,11/08/2024,21:25,CEBU MOORING BOAT,,MT PANGLAO ISLAND,CEBU,CEBU_SRDC LAPU LAPU,MOORING,,,880,,,,
11/09/2024,03:25,11/09/2024,04:20,CHOKWANG,,MT MARINGAL,BATANGAS,BATANGAS_SRDC BATANGAS,UNDOCKING,,CM Jogarap on duty,290,,,,
11/09/2024,04:40,11/09/2024,05:30,PANAY GULF,,MT AVA,DAVAO,DAVAO_SRDC SASA,UNDOCKING,,,333,,,,
11/09/2024,04:55,11/09/2024,05:25,CEBU STRAIT,,MT AVA,DAVAO,DAVAO_SRDC SASA,UNDOCKING,,,333,,,,
11/09/2024,05:40,11/09/2024,07:40,CEBU STRAIT,,MT GRAND ACE 6,DAVAO,DAVAO_INSULAR OIL,UNDOCKING,,,30,,,,
11/09/2024,06:30,11/09/2024,07:55,NHTC 5,,MT PANGLAO ISLAND,CEBU,CEBU_SRDC LAPU LAPU,UNDOCKING,,,880,,,,
11/09/2024,06:30,11/09/2024,07:25,PANAY GULF,,MT GRAND ACE 6,DAVAO,DAVAO_INSULAR OIL,UNDOCKING,,,30,,,,
11/09/2024,06:40,11/09/2024,07:30,BOHOL SEA,,MT GRAND ACE 6,DAVAO,DAVAO_INSULAR OIL,UNDOCKING,,,30,,,,
11/09/2024,06:55,11/09/2024,07:40,PACIFIC ROSE 7,,MT PANGLAO ISLAND,CEBU,CEBU_SRDC LAPU LAPU,UNDOCKING,,,880,,,,
11/09/2024,07:30,11/09/2024,09:10,BOHOL SEA,,MT ESPADA,DAVAO,DAVAO_INSULAR OIL,DOCKING,,,,,,,
11/09/2024,07:30,11/09/2024,07:30,CEBU MOORING BOAT,,MT PANGLAO ISLAND,CEBU,CEBU_SRDC LAPU LAPU,UNMOORING,,,880,,,,
11/09/2024,07:30,11/09/2024,09:00,PANAY GULF,,MT ESPADA,DAVAO,DAVAO_INSULAR OIL,DOCKING,,,103,,,,
11/09/2024,09:10,11/10/2024,06:10,BOHOL SEA,,MT ESPADA,DAVAO,DAVAO_INSULAR OIL,TENDING,,,103,,,,
11/09/2024,09:55,11/09/2024,10:30,HOKUTO,,MT BULUSAN,CEBU,CEBU_SPEC PITALO,UNDOCKING,,,216,,,,
11/09/2024,09:55,11/09/2024,10:30,TABANGAO,,MT BULUSAN,CEBU,CEBU_SPEC PITALO,UNDOCKING,,,216,,,,
11/09/2024,12:10,11/09/2024,13:30,HOKUTO,,MT CHELSEA ENDURANCE,CEBU,CEBU_SPEC PITALO,DOCKING,,,241,,,,
11/09/2024,12:10,11/09/2024,13:25,TABANGAO,,MT CHELSEA ENDURANCE,CEBU,CEBU_SPEC PITALO,DOCKING,,,241,,,,
11/09/2024,12:20,11/09/2024,13:45,MANGYAN,,MT PYXIS KARTERIA,SUBIC,SUBIC_PPC TERMINAL,UNDOCKING,,,47,,,,
11/09/2024,12:30,11/09/2024,13:45,SEHANA,,MT PYXIS KARTERIA,SUBIC,SUBIC_PPC TERMINAL,UNDOCKING,,,47,,,,
11/09/2024,13:00,11/11/2024,13:30,PITALO MOORING BOAT,,MT CHELSEA ENDURANCE,CEBU,CEBU_SPEC PITALO,MOORING,,,241,,,,
11/09/2024,13:35,11/11/2024,12:05,HOKUTO,,MT CHELSEA ENDURANCE,CEBU,CEBU_SPEC PITALO,TENDING,,,241,,,,
11/09/2024,13:45,11/09/2024,15:15,MANGYAN,,MT PYXIS KARTERIA,SUBIC,SUBIC_COASTAL,DOCKING,,,,,,,
11/09/2024,13:45,11/09/2024,15:15,SEHANA,,MT PYXIS KARTERIA,SUBIC,SUBIC_COASTAL,DOCKING,,,,,,,
11/09/2024,14:50,11/09/2024,16:25,ENERGY VENUS,,MT TORM ASTRID,QUEZON,QUEZON_AZORA SARIAYA,BOARDING FORMALITIES,,,,,,,
11/09/2024,16:20,11/09/2024,19:00,ENERGY PACIFIC,,MT TORM ASTRID,QUEZON,QUEZON_AZORA SARIAYA,DOCKING,,,,,,,
11/09/2024,16:25,11/09/2024,18:50,ENERGY VENUS,,MT TORM ASTRID,QUEZON,QUEZON_AZORA SARIAYA,DOCKING,,,,,,,
11/09/2024,18:00,11/09/2024,20:05,PANAY GULF,,MT THERESA TIGA,DAVAO,DAVAO_NEW DAVAO OIL MILL,UNDOCKING,,,,,,,
11/09/2024,18:05,11/09/2024,20:05,CEBU STRAIT,,MT THERESA TIGA,DAVAO,DAVAO_NEW DAVAO OIL MILL,UNDOCKING,,,,,,,
11/09/2024,18:10,11/09/2024,20:00,BOHOL SEA,,MT THERESA TIGA,DAVAO,DAVAO_NEW DAVAO OIL MILL,UNDOCKING,,,,,,,
11/10/2024,05:55,11/10/2024,07:15,CEBU STRAIT,,MT ESPADA,DAVAO,DAVAO_INSULAR OIL,UNDOCKING,,,103,,,,
11/10/2024,06:05,11/10/2024,07:55,PANAY GULF,,MT ESPADA,DAVAO,DAVAO_INSULAR OIL,UNDOCKING,,,103,,,,
11/10/2024,07:25,11/10/2024,08:35,BOHOL SEA,,MT AVA,DAVAO,DAVAO_INSULAR OIL,DOCKING,,,334,,,,
11/10/2024,07:30,11/10/2024,08:35,CEBU STRAIT,,MT AVA,DAVAO,DAVAO_INSULAR OIL,DOCKING,,,334,,,,
11/10/2024,08:35,11/10/2024,20:25,BOHOL SEA,,MT AVA,DAVAO,DAVAO_INSULAR OIL,TENDING,,,334,,,,
11/10/2024,09:35,11/10/2024,11:45,CEBU STRAIT,,MV SEA HAWK,DAVAO,DAVAO_HOLCIM,DOCKING,,,,,,,
11/10/2024,09:35,11/10/2024,12:00,PANAY GULF,,MV SEA HAWK,DAVAO,DAVAO_HOLCIM,DOCKING,,,,,,,
11/10/2024,14:25,11/10/2024,17:35,SUN JIN NO.505,,MT MALINGAP,BATANGAS,BATANGAS_PETRON MABINI,DOCKING,,,363,,,,
11/10/2024,16:30,11/10/2024,17:10,CEBU STRAIT,,MV SEIYO SPRING,DAVAO,DAVAO_LEGASPI OIL,UNDOCKING,,,2411,,,,
11/10/2024,16:35,11/10/2024,17:00,PANAY GULF,,MV SEIYO SPRING,DAVAO,DAVAO_LEGASPI OIL,UNDOCKING,,,2411,,,,
11/10/2024,19:25,11/10/2024,20:25,BOHOL SEA,,MT AVA,DAVAO,DAVAO_INSULAR OIL,UNDOCKING,,,334,,,,
11/10/2024,19:30,11/10/2024,20:30,CEBU STRAIT,,MT AVA,DAVAO,DAVAO_INSULAR OIL,UNDOCKING,,,334,,,,
11/11/2024,05:50,11/11/2024,07:15,CEBU STRAIT,,MT AVA,DAVAO,DAVAO_SRDC SASA,DOCKING,,,334,,,,
11/11/2024,05:50,11/11/2024,07:10,PANAY GULF,,MT AVA,DAVAO,DAVAO_SRDC SASA,DOCKING,,,334,,,,
11/11/2024,07:40,11/11/2024,09:20,BOHOL SEA,,MT ESPADA,DAVAO,DAVAO_PHOENIX SASA,DOCKING,,,,,,,
11/11/2024,07:55,11/11/2024,09:15,PANAY GULF,,MT ESPADA,DAVAO,DAVAO_PHOENIX SASA,DOCKING,,,,,,,
11/11/2024,09:20,11/11/2024,11:30,CHOKWANG,,MT MALINGAP,BATANGAS,BATANGAS_PETRON MABINI,UNDOCKING,,,363,,,,
11/11/2024,12:10,11/11/2024,14:20,HOKUTO,,MT CHELSEA ENDURANCE,CEBU,CEBU_SPEC PITALO,UNDOCKING,,,241,,,,
11/11/2024,12:15,11/11/2024,13:40,TABANGAO,,MT CHELSEA ENDURANCE,CEBU,CEBU_SPEC PITALO,UNDOCKING,,,241,,,,
11/11/2024,13:00,11/11/2024,15:30,SUN JIN NO.505,,MT MARINGAL,BATANGAS,BATANGAS_SRDC BATANGAS,DOCKING,,,291,,,,
11/11/2024,14:20,11/11/2024,16:15,ENERGY PACIFIC,,MT TORM ASTRID,QUEZON,QUEZON_AZORA SARIAYA,UNDOCKING,,,,,,,
11/11/2024,14:20,11/11/2024,16:15,ENERGY VENUS,,MT TORM ASTRID,QUEZON,QUEZON_AZORA SARIAYA,UNDOCKING,,,,,,,
11/11/2024,23:05,11/12/2024,01:15,SUN JIN NO.505,,MT MARINGAL,BATANGAS,BATANGAS_SRDC BATANGAS,SHIFTING,,Shifting from berth 5A to 6,291,,,,
11/11/2024,23:20,11/12/2024,00:55,BATANGAS MOORING BOAT,,MT MARINGAL,BATANGAS,BATANGAS_SRDC BATANGAS,MOORING,,,291,,,,
11/11/2024,23:20,11/12/2024,00:55,CHOKWANG,,MT MARINGAL,BATANGAS,BATANGAS_SRDC BATANGAS,DOCKING,,Shifting from 5A to Berth 6,291,,,,
11/11/2024,23:50,11/12/2024,01:35,PANAY GULF,,MT ESPADA,DAVAO,DAVAO_PHOENIX SASA,UNDOCKING,,,,,,,
11/12/2024,00:00,11/12/2024,01:00,CEBU STRAIT,,MT ESPADA,DAVAO,DAVAO_PHOENIX SASA,UNDOCKING,,,,,,,
11/12/2024,02:25,11/12/2024,03:20,CEBU STRAIT,,NTC HERON,DAVAO,DAVAO_PETRON SASA,DOCKING,,,,,,,
11/12/2024,02:35,11/12/2024,03:25,PANAY GULF,,NTC HERON,DAVAO,DAVAO_PETRON SASA,DOCKING,,,,,,,
11/12/2024,03:25,11/12/2024,04:20,CEBU STRAIT,,MT AVA,DAVAO,DAVAO_SRDC SASA,UNDOCKING,,,334,,,,
11/12/2024,03:30,11/12/2024,04:25,PANAY GULF,,MT AVA,DAVAO,DAVAO_SRDC SASA,UNDOCKING,,,334,,,,
11/12/2024,06:40,11/12/2024,08:20,PANAY GULF,,MV THAI BINH 68,DAVAO,DAVAO_KUDOS,UNDOCKING,,,,,,,
11/12/2024,06:55,11/12/2024,08:10,CEBU STRAIT,,MV THAI BINH 68,DAVAO,DAVAO_KUDOS,UNDOCKING,,,,,,,
11/12/2024,13:25,11/12/2024,14:35,HOKUTO,,MT GAS MARELLA,CEBU,CEBU_PHOENIX NAGA,DOCKING,,,1824,,,,
11/12/2024,13:25,11/12/2024,15:30,PANAY GULF,,MT ESPADA,DAVAO,DAVAO_INSULAR OIL,DOCKING,,,,,,,
11/12/2024,13:30,11/12/2024,14:30,TABANGAO,,MT GAS MARELLA,CEBU,CEBU_PHOENIX NAGA,DOCKING,,,1824,,,,
11/12/2024,13:35,11/12/2024,15:30,CEBU STRAIT,,MT ESPADA,DAVAO,DAVAO_INSULAR OIL,DOCKING,,,,,,,
11/12/2024,15:00,11/12/2024,17:05,SUN JIN NO.505,,MT MARINGAL,BATANGAS,BATANGAS_SRDC BATANGAS,UNDOCKING,,,291,,,,
11/12/2024,15:30,11/12/2024,16:30,BATANGAS MOORING BOAT,,MT MARINGAL,BATANGAS,BATANGAS_SRDC BATANGAS,UNMOORING,,,291,,,,
11/12/2024,15:30,11/12/2024,16:35,CHOKWANG,,MT MARINGAL,BATANGAS,BATANGAS_SRDC BATANGAS,UNDOCKING,,,291,,,,
11/12/2024,15:30,11/13/2024,05:00,PANAY GULF,,MT ESPADA,DAVAO,DAVAO_INSULAR OIL,TENDING,,,,,,,
11/12/2024,19:00,11/12/2024,20:00,BATANGAS MOORING BOAT,,MT PANGLAO ISLAND,BATANGAS,BATANGAS_SRDC BATANGAS,MOORING,,,881,,,,
11/12/2024,19:00,11/12/2024,20:35,SUN JIN NO.505,,MT PANGLAO ISLAND,BATANGAS,BATANGAS_SRDC BATANGAS,DOCKING,,,881,,,,
11/12/2024,19:10,11/12/2024,20:20,CHOKWANG,,MT PANGLAO ISLAND,BATANGAS,BATANGAS_SRDC BATANGAS,DOCKING,,,881,,,,
11/12/2024,23:00,11/12/2024,23:55,CEBU STRAIT,,NTC HERON,DAVAO,DAVAO_PETRON SASA,UNDOCKING,,,,,,,
11/12/2024,23:00,11/13/2024,00:05,PANAY GULF,,NTC HERON,DAVAO,DAVAO_PETRON SASA,UNDOCKING,,,,,,,
11/13/2024,05:00,11/13/2024,05:50,CEBU STRAIT,,MT ESPADA,DAVAO,DAVAO_INSULAR OIL,UNDOCKING,,,,,,,
11/13/2024,05:00,11/13/2024,05:50,PANAY GULF,,MT ESPADA,DAVAO,DAVAO_INSULAR OIL,UNDOCKING,,,,,,,
11/13/2024,05:50,11/13/2024,07:00,PANAY GULF,,MT AVA,DAVAO,DAVAO_INSULAR OIL,DOCKING,,,335,,,,
11/13/2024,06:05,11/13/2024,07:00,CEBU STRAIT,,MT AVA,DAVAO,DAVAO_INSULAR OIL,DOCKING,,,335,,,,
11/13/2024,07:00,11/13/2024,17:55,BOHOL SEA,,MT AVA,DAVAO,DAVAO_INSULAR OIL,TENDING,,,335,,,,
11/13/2024,12:25,11/13/2024,13:25,HOKUTO,,MT GAS MARELLA,CEBU,CEBU_PHOENIX NAGA,UNDOCKING,,,1824,,,,
11/13/2024,12:25,11/13/2024,13:15,TABANGAO,,MT GAS MARELLA,CEBU,CEBU_PHOENIX NAGA,UNDOCKING,,,1824,,,,
11/13/2024,12:50,11/13/2024,14:15,SUN JIN NO.505,,MT PANGLAO ISLAND,BATANGAS,BATANGAS_SRDC BATANGAS,UNDOCKING,,Voyage # 881,881,,,,
11/13/2024,13:00,11/13/2024,14:00,BATANGAS MOORING BOAT,,MT PANGLAO ISLAND,BATANGAS,BATANGAS_SRDC BATANGAS,UNMOORING,,,881,,,,
11/13/2024,13:00,11/13/2024,14:05,CHOKWANG,,MT PANGLAO ISLAND,BATANGAS,BATANGAS_SRDC BATANGAS,UNDOCKING,,,881,,,,
11/13/2024,14:30,11/13/2024,16:55,CEBU STRAIT,,MV SEA HAWK,DAVAO,DAVAO_HOLCIM,UNDOCKING,,,,,,,
11/13/2024,14:30,11/13/2024,16:55,PANAY GULF,,MV SEA HAWK,DAVAO,DAVAO_HOLCIM,UNDOCKING,,,,,,,
11/13/2024,15:30,11/13/2024,17:15,SUN JIN NO.505,,MT MALINGAP,BATANGAS,BATANGAS_SRDC BATANGAS,DOCKING,,,364,,,,
11/13/2024,15:40,11/13/2024,17:05,CHOKWANG,,MT MALINGAP,BATANGAS,BATANGAS_SRDC BATANGAS,DOCKING,,,364,,,,
11/13/2024,17:40,11/13/2024,19:00,CEBU STRAIT,,MT AVA,DAVAO,DAVAO_INSULAR OIL,UNDOCKING,,,335,,,,
11/13/2024,17:50,11/13/2024,19:05,PANAY GULF,,MT AVA,DAVAO,DAVAO_INSULAR OIL,UNDOCKING,,,335,,,,
11/14/2024,04:30,11/14/2024,06:20,PANAY GULF,,MT CHELSEA ENDURANCE,DAVAO,DAVAO_INSULAR OIL,DOCKING,,,,,,,
11/14/2024,05:10,11/14/2024,06:20,CEBU STRAIT,,MT CHELSEA ENDURANCE,DAVAO,DAVAO_INSULAR OIL,DOCKING,,,,,,,
11/14/2024,06:20,11/14/2024,07:55,NHTC 5,,MT MARINGAL,CEBU,CEBU_SRDC LAPU LAPU,DOCKING,,,291,,,,
11/14/2024,06:20,11/14/2024,07:15,PANAY GULF,,MT AVA,DAVAO,DAVAO_SRDC SASA,DOCKING,,,335,,,,
11/14/2024,06:35,11/14/2024,07:15,CEBU STRAIT,,MT AVA,DAVAO,DAVAO_SRDC SASA,DOCKING,,,335,,,,
11/14/2024,06:40,11/14/2024,07:40,PACIFIC ROSE 14,,MT MARINGAL,CEBU,CEBU_SRDC LAPU LAPU,DOCKING,,,291,,,,
11/14/2024,07:15,11/14/2024,08:40,PANAY GULF,,MV THAI BINH 68,DAVAO,DAVAO_KUDOS,DOCKING,,,,,,,
11/14/2024,07:16,11/14/2024,08:00,CEBU MOORING BOAT,,MT MARINGAL,CEBU,CEBU_SRDC LAPU LAPU,MOORING,,,291,,,,
11/14/2024,07:30,11/15/2024,03:50,BOHOL SEA,,MT CHELSEA ENDURANCE,DAVAO,DAVAO_INSULAR OIL,TENDING,,,,,,,
11/14/2024,07:40,11/14/2024,08:35,CEBU STRAIT,,MV THAI BINH 68,DAVAO,DAVAO_KUDOS,DOCKING,,,,,,,
11/14/2024,08:40,11/14/2024,09:55,CEBU STRAIT,,MV DONG AN,DAVAO,DAVAO_KUDOS,UNDOCKING,,,,,,,
11/14/2024,08:40,11/14/2024,10:05,PANAY GULF,,MV DONG AN,DAVAO,DAVAO_KUDOS,UNDOCKING,,,,,,,
11/14/2024,16:55,11/14/2024,18:50,SUN JIN NO.505,,MT MALINGAP,BATANGAS,BATANGAS_SRDC BATANGAS,UNDOCKING,,,364,,,,
11/14/2024,17:10,11/14/2024,18:20,CHOKWANG,,MT MALINGAP,BATANGAS,BATANGAS_SRDC BATANGAS,UNDOCKING,,,364,,,,
11/14/2024,23:05,11/14/2024,23:55,NHTC 5,,MT MARINGAL,CEBU,CEBU_SRDC LAPU LAPU,UNDOCKING,,,291,,,,
11/14/2024,23:10,11/14/2024,23:55,PACIFIC ROSE 14,,MT MARINGAL,CEBU,CEBU_SRDC LAPU LAPU,UNDOCKING,,,291,,,,
11/14/2024,23:42,11/14/2024,23:42,CEBU MOORING BOAT,,MT MARINGAL,CEBU,CEBU_SRDC LAPU LAPU,UNMOORING,,,291,,,,
11/15/2024,00:30,11/15/2024,01:45,PANAY GULF,,MT AVA,DAVAO,DAVAO_SRDC SASA,UNDOCKING,,,335,,,,
11/15/2024,00:50,11/15/2024,01:40,CEBU STRAIT,,MT AVA,DAVAO,DAVAO_SRDC SASA,UNDOCKING,,,335,,,,
11/15/2024,03:50,11/15/2024,05:30,PANAY GULF,,MT CHELSEA ENDURANCE,DAVAO,DAVAO_INSULAR OIL,UNDOCKING,,,,,,,
11/15/2024,04:00,11/15/2024,05:25,CEBU STRAIT,,MT CHELSEA ENDURANCE,DAVAO,DAVAO_INSULAR OIL,UNDOCKING,,,,,,,
11/15/2024,05:54,11/15/2024,07:18,TUG 20,,MT PANGLAO ISLAND,JIMENEZ,JIMENEZ_SRDC JIMENEZ,DOCKING,,,881,,,,
11/15/2024,10:00,11/15/2024,12:15,BOHOL SEA,,MV DOLPHIN 18,DAVAO,DAVAO_KUDOS,DOCKING,,,,,,,
11/15/2024,10:00,11/15/2024,12:10,CEBU STRAIT,,MV DOLPHIN 18,DAVAO,DAVAO_KUDOS,DOCKING,,,,,,,
11/16/2024,05:20,11/16/2024,06:40,BOHOL SEA,,MT AVA,DAVAO,DAVAO_INSULAR OIL,DOCKING,,,336,,,,
11/16/2024,05:25,11/16/2024,07:00,CEBU STRAIT,,MT AVA,DAVAO,DAVAO_INSULAR OIL,DOCKING,,,336,,,,
11/16/2024,06:40,11/17/2024,00:00,BOHOL SEA,,MT AVA,DAVAO,DAVAO_INSULAR OIL,TENDING,,,336,,,,
11/16/2024,17:30,11/16/2024,19:30,CEBU STRAIT,,MV DOLPHIN 18,DAVAO,DAVAO_KUDOS,UNDOCKING,,,,,,,
11/16/2024,17:30,11/16/2024,18:30,PANAY GULF,,MV DOLPHIN 18,DAVAO,DAVAO_KUDOS,UNDOCKING,,,,,,,
11/16/2024,20:25,11/17/2024,00:05,PANAY GULF,,MV DONG AN,DAVAO,DAVAO_KUDOS,DOCKING,,,,,,,
11/16/2024,20:30,11/17/2024,00:40,CEBU STRAIT,,MV DONG AN,DAVAO,DAVAO_KUDOS,DOCKING,,,,,,,
11/16/2024,20:40,11/16/2024,21:50,PACIFIC ROSE 14,,MT PANGLAO ISLAND,CEBU,CEBU_SRDC LAPU LAPU,DOCKING,,,881,,,,
11/16/2024,20:50,11/16/2024,21:50,NHTC 5,,MT PANGLAO ISLAND,CEBU,CEBU_SRDC LAPU LAPU,DOCKING,,,881,,,,
11/16/2024,21:27,11/16/2024,22:05,CEBU MOORING BOAT,,MT PANGLAO ISLAND,CEBU,CEBU_SRDC LAPU LAPU,MOORING,,,881,,,,
11/17/2024,00:00,11/17/2024,00:50,BOHOL SEA,,MT AVA,DAVAO,DAVAO_INSULAR OIL,UNDOCKING,,,336,,,,
11/17/2024,00:20,11/17/2024,01:15,PANAY GULF,,MT AVA,DAVAO,DAVAO_INSULAR OIL,UNDOCKING,,,336,,,,
11/17/2024,05:35,11/17/2024,07:00,PANAY GULF,,MT AVA,DAVAO,DAVAO_PHOENIX SASA,DOCKING,,,336,,,,
11/17/2024,05:48,11/17/2024,07:59,TUG 20,,MV JIN FU XING,JIMENEZ,JIMENEZ_TMOMI,DOCKING,,,,,,,
11/17/2024,05:50,11/17/2024,07:00,CEBU STRAIT,,MT AVA,DAVAO,DAVAO_PHOENIX SASA,DOCKING,,,336,,,,
11/17/2024,06:30,11/17/2024,07:55,BOHOL SEA,,MT CASANDRA,DAVAO,DAVAO_INSULAR OIL,DOCKING,,,364,,,,
11/17/2024,06:30,11/17/2024,08:00,NHTC 5,,MT PANGLAO ISLAND,CEBU,CEBU_SRDC LAPU LAPU,UNDOCKING,,,881,,,,
11/17/2024,06:40,11/17/2024,07:55,PACIFIC ROSE 14,,MT PANGLAO ISLAND,CEBU,CEBU_SRDC LAPU LAPU,UNDOCKING,,,881,,,,
11/17/2024,07:10,11/17/2024,07:35,CEBU STRAIT,,MT CASANDRA,DAVAO,DAVAO_INSULAR OIL,DOCKING,,,364,,,,
11/17/2024,07:38,11/17/2024,07:38,CEBU MOORING BOAT,,MT PANGLAO ISLAND,CEBU,CEBU_SRDC LAPU LAPU,UNMOORING,,,881,,,,
11/17/2024,07:55,11/17/2024,10:20,BOHOL SEA,,MV GHARAPURI ISLAND,DAVAO,DAVAO_LEGASPI OIL,DOCKING,,,,,,,
11/17/2024,08:20,11/17/2024,11:05,CEBU STRAIT,,MV GHARAPURI ISLAND,DAVAO,DAVAO_LEGASPI OIL,DOCKING,,,,,,,
11/17/2024,08:20,11/17/2024,11:10,PANAY GULF,,MV GHARAPURI ISLAND,DAVAO,DAVAO_LEGASPI OIL,DOCKING,,,,,,,
11/17/2024,10:20,11/17/2024,21:30,BOHOL SEA,,MT CASANDRA,DAVAO,DAVAO_INSULAR OIL,TENDING,,,364,,,,
11/17/2024,15:20,11/17/2024,16:40,PANAY GULF,,MV THAI BINH 68,DAVAO,DAVAO_KUDOS,UNDOCKING,,,,,,,
11/17/2024,15:30,11/17/2024,16:45,CEBU STRAIT,,MV THAI BINH 68,DAVAO,DAVAO_KUDOS,UNDOCKING,,,,,,,
11/17/2024,17:40,11/17/2024,19:00,CEBU STRAIT,,MT AVA,DAVAO,DAVAO_PHOENIX SASA,UNDOCKING,,,336,,,,
11/17/2024,17:45,11/17/2024,19:20,PANAY GULF,,MT AVA,DAVAO,DAVAO_PHOENIX SASA,UNDOCKING,,,336,,,,
11/17/2024,20:00,11/17/2024,21:30,CEBU STRAIT,,MV DOLPHIN 18,DAVAO,DAVAO_KUDOS,DOCKING,,,,,,,
11/17/2024,20:15,11/17/2024,22:25,PANAY GULF,,MV DOLPHIN 18,DAVAO,DAVAO_KUDOS,DOCKING,,,,,,,
11/17/2024,21:30,11/17/2024,22:45,BOHOL SEA,,MT CASANDRA,DAVAO,DAVAO_INSULAR OIL,UNDOCKING,,,364,,,,
11/17/2024,21:30,11/17/2024,22:45,CEBU STRAIT,,MT CASANDRA,DAVAO,DAVAO_INSULAR OIL,UNDOCKING,,,364,,,,
11/18/2024,02:50,11/18/2024,06:45,BATANGAS MOORING BOAT,,MT MARINGAL,BATANGAS,BATANGAS_SRDC BATANGAS,MOORING,,,292,,,,
11/18/2024,02:50,11/18/2024,06:45,SUN JIN NO.505,,MT MARINGAL,BATANGAS,BATANGAS_SRDC BATANGAS,DOCKING,,Voyage # : 292,292,,,,
11/18/2024,04:20,11/18/2024,06:00,BOHOL SEA,,MT AVA,DAVAO,DAVAO_SRDC SASA,DOCKING,,,336,,,,
11/18/2024,04:30,11/18/2024,06:05,PANAY GULF,,MT AVA,DAVAO,DAVAO_SRDC SASA,DOCKING,,,336,,,,
11/18/2024,15:50,11/18/2024,16:55,BATANGAS MOORING BOAT,,MT MARINGAL,BATANGAS,BATANGAS_SRDC BATANGAS,MOORING,,Shifting Berth 5 to berth 5A,292,,,,
11/18/2024,15:50,11/18/2024,16:55,SUN JIN NO.505,,MT MARINGAL,BATANGAS,BATANGAS_SRDC BATANGAS,SHIFTING,,Voyage # : 292  (tick # 30541),292,,,,
11/18/2024,22:50,11/18/2024,23:50,BOHOL SEA,,MT AVA,DAVAO,DAVAO_SRDC SASA,UNDOCKING,,,336,,,,
11/18/2024,22:50,11/18/2024,23:30,PANAY GULF,,MT AVA,DAVAO,DAVAO_SRDC SASA,UNDOCKING,,,336,,,,
11/19/2024,04:30,11/19/2024,05:20,BATANGAS MOORING BOAT,,MT MARINGAL,BATANGAS,BATANGAS_SRDC BATANGAS,UNMOORING,,,292,,,,
11/19/2024,04:30,11/19/2024,05:20,CHOKWANG,,MT MARINGAL,BATANGAS,BATANGAS_SRDC BATANGAS,UNDOCKING,,,292,,,,
11/19/2024,11:30,11/19/2024,13:45,BOHOL SEA,,MT AVA,DAVAO,DAVAO_INSULAR OIL,DOCKING,,,337,,,,
11/19/2024,12:00,11/19/2024,13:40,PANAY GULF,,MT AVA,DAVAO,DAVAO_INSULAR OIL,DOCKING,,,337,,,,
11/19/2024,13:45,11/20/2024,03:20,BOHOL SEA,,MT AVA,DAVAO,DAVAO_INSULAR OIL,TENDING,,,337,,,,
11/20/2024,03:20,11/20/2024,04:05,BOHOL SEA,,MT AVA,DAVAO,DAVAO_INSULAR OIL,UNDOCKING,,,337,,,,
11/20/2024,03:20,11/20/2024,04:10,PANAY GULF,,MT AVA,DAVAO,DAVAO_INSULAR OIL,UNDOCKING,,,337,,,,
11/20/2024,04:00,11/20/2024,06:00,BATANGAS MOORING BOAT,,MT PANGLAO ISLAND,BATANGAS,BATANGAS_SRDC BATANGAS,MOORING,,,882,,,,
11/20/2024,04:00,11/20/2024,06:00,SUN JIN NO.505,,MT PANGLAO ISLAND,BATANGAS,BATANGAS_SRDC BATANGAS,DOCKING,,With Pilot ferrying,882,,,,
11/20/2024,04:20,11/20/2024,08:05,BOHOL SEA,,MT MORNING SPARROW,DAVAO,DAVAO_INSULAR OIL,DOCKING,,,90004,,,,
11/20/2024,04:20,11/20/2024,08:10,CEBU STRAIT,,MT MORNING SPARROW,DAVAO,DAVAO_INSULAR OIL,DOCKING,,,90004,,,,
11/20/2024,05:20,11/20/2024,08:15,PANAY GULF,,MT MORNING SPARROW,DAVAO,DAVAO_INSULAR OIL,DOCKING,,,90004,,,,
11/20/2024,08:00,11/22/2024,04:00,CEBU STRAIT,,MT MORNING SPARROW,DAVAO,DAVAO_INSULAR OIL,TENDING,,,90004,,,,
11/20/2024,08:05,11/22/2024,04:10,BOHOL SEA,,MT MORNING SPARROW,DAVAO,DAVAO_INSULAR OIL,TENDING,,,90004,,,,
11/20/2024,15:25,11/20/2024,16:50,ANSTEF,,MT CASANDRA,LEYTE,LEYTE_VISPET,DOCKING,,,,,,,
11/20/2024,19:15,11/20/2024,20:40,HOKUTO,,LPG/C HONG TAI,CEBU,CEBU_PHOENIX NAGA,DOCKING,,,,,,,
11/20/2024,19:15,11/20/2024,20:45,TABANGAO,,LPG/C HONG TAI,CEBU,CEBU_PHOENIX NAGA,DOCKING,,,,,,,
11/21/2024,02:35,11/21/2024,03:35,BATANGAS MOORING BOAT,,MT PANGLAO ISLAND,BATANGAS,BATANGAS_SRDC BATANGAS,UNMOORING,,,882,,,,
11/21/2024,02:35,11/21/2024,03:35,CHOKWANG,,MT PANGLAO ISLAND,BATANGAS,BATANGAS_SRDC BATANGAS,UNDOCKING,,,882,,,,
11/21/2024,05:20,11/21/2024,06:50,CEBU STRAIT,,MV DONG AN,DAVAO,DAVAO_KUDOS,UNDOCKING,,,,,,,
11/21/2024,05:40,11/21/2024,06:50,PANAY GULF,,MV DONG AN,DAVAO,DAVAO_KUDOS,UNDOCKING,,,,,,,
11/21/2024,06:50,11/21/2024,07:45,PANAY GULF,,MV DOLPHIN 18,DAVAO,DAVAO_KUDOS,UNDOCKING,,,,,,,
11/21/2024,07:00,11/21/2024,07:35,CEBU STRAIT,,MV DOLPHIN 18,DAVAO,DAVAO_KUDOS,UNDOCKING,,,,,,,
11/21/2024,07:40,11/21/2024,08:30,CEBU STRAIT,,MV DOLPHIN 18,DAVAO,DAVAO_KUDOS,DOCKING,,,,,,,
11/21/2024,07:45,11/21/2024,08:35,PANAY GULF,,MV DOLPHIN 18,DAVAO,DAVAO_KUDOS,DOCKING,,,,,,,
11/21/2024,08:35,11/21/2024,10:00,PANAY GULF,,MV PRINCE GOLD,DAVAO,DAVAO_KUDOS,DOCKING,,,,,,,
11/21/2024,08:40,11/21/2024,10:05,CEBU STRAIT,,MV PRINCE GOLD,DAVAO,DAVAO_KUDOS,DOCKING,,,,,,,
11/21/2024,09:30,11/21/2024,10:05,ANSTEF,,MT CASANDRA,LEYTE,LEYTE_VISPET,UNDOCKING,,,,,,,
11/21/2024,14:00,11/21/2024,16:50,CEBU STRAIT,,MT AVA,DAVAO,DAVAO_PHOENIX SASA,DOCKING,,,337,,,,
11/21/2024,14:30,11/21/2024,16:50,PANAY GULF,,MT AVA,DAVAO,DAVAO_PHOENIX SASA,DOCKING,,,337,,,,
11/21/2024,15:15,11/21/2024,15:55,HOKUTO,,LPG/C HONG TAI,CEBU,CEBU_PHOENIX NAGA,UNDOCKING,,,,,,,
11/21/2024,15:20,11/21/2024,16:05,TABANGAO,,LPG/C HONG TAI,CEBU,CEBU_PHOENIX NAGA,UNDOCKING,,,,,,,
11/22/2024,04:00,11/22/2024,04:55,CEBU STRAIT,,MT MORNING SPARROW,DAVAO,DAVAO_INSULAR OIL,UNDOCKING,,,90004,,,,
11/22/2024,04:00,11/22/2024,05:10,PANAY GULF,,MT MORNING SPARROW,DAVAO,DAVAO_INSULAR OIL,UNDOCKING,,,90004,,,,
11/22/2024,04:10,11/22/2024,05:35,BOHOL SEA,,MT MORNING SPARROW,DAVAO,DAVAO_INSULAR OIL,UNDOCKING,,,90004,,,,
11/22/2024,05:30,11/22/2024,06:55,CEBU STRAIT,,MT AVA,DAVAO,DAVAO_PHOENIX SASA,UNDOCKING,,,337,,,,
11/22/2024,05:30,11/22/2024,06:55,CEBU STRAIT,,MT AVA,DAVAO,DAVAO_SRDC SASA,DOCKING,,,337,,,,
11/22/2024,05:45,11/22/2024,06:30,PANAY GULF,,MT AVA,DAVAO,DAVAO_PHOENIX SASA,UNDOCKING,,,337,,,,
11/22/2024,06:30,11/22/2024,07:00,PANAY GULF,,MT AVA,DAVAO,DAVAO_SRDC SASA,DOCKING,,,337,,,,
11/22/2024,07:00,11/22/2024,08:20,PANAY GULF,,MT ESPADA,DAVAO,DAVAO_INSULAR OIL,DOCKING,,,,,,,
11/22/2024,07:15,11/22/2024,08:30,CEBU STRAIT,,MT ESPADA,DAVAO,DAVAO_INSULAR OIL,DOCKING,,,,,,,
11/22/2024,08:55,11/23/2024,05:25,BOHOL SEA,,MT ESPADA,DAVAO,DAVAO_INSULAR OIL,TENDING,,,,,,,
11/22/2024,10:14,11/22/2024,11:04,TUG 20,,MV JIN FU XING,JIMENEZ,JIMENEZ_TMOMI,UNDOCKING,,,,,,,
11/23/2024,00:55,11/23/2024,01:50,PANAY GULF,,MT AVA,DAVAO,DAVAO_SRDC SASA,UNDOCKING,,,337,,,,
11/23/2024,01:10,11/23/2024,02:00,BOHOL SEA,,MT AVA,DAVAO,DAVAO_SRDC SASA,UNDOCKING,,,337,,,,
11/23/2024,05:25,11/23/2024,06:30,CEBU STRAIT,,MT ESPADA,DAVAO,DAVAO_INSULAR OIL,UNDOCKING,,,,,,,
11/23/2024,05:25,11/23/2024,06:25,PANAY GULF,,MT ESPADA,DAVAO,DAVAO_INSULAR OIL,UNDOCKING,,,,,,,
11/23/2024,12:00,11/23/2024,13:30,HOKUTO,,MT PHILOXENIA,CEBU,CEBU_AZORA SAN FERNANDO,RESCUE,,,,,,,
11/24/2024,22:50,11/25/2024,00:55,BATANGAS MOORING BOAT,,MT MALINGAP,BATANGAS,BATANGAS_SRDC BATANGAS,MOORING,,,365,,,,
11/24/2024,22:50,11/25/2024,00:55,SUN JIN NO.505,,MT MALINGAP,BATANGAS,BATANGAS_SRDC BATANGAS,DOCKING,,Voyage N0 365 MTKR MALINGAP ,365,,,,
11/25/2024,09:00,11/25/2024,10:05,BOHOL SEA,,MT AVA,DAVAO,DAVAO_INSULAR OIL,DOCKING,,,338,,,,
11/25/2024,09:05,11/25/2024,09:55,CEBU STRAIT,,MT AVA,DAVAO,DAVAO_INSULAR OIL,DOCKING,,,338,,,,
11/25/2024,09:30,11/25/2024,11:00,NHTC 5,,MT MARINGAL,CEBU,CEBU_SRDC LAPU LAPU,DOCKING,,,292,,,,
11/25/2024,09:50,11/25/2024,10:50,PACIFIC ROSE 14,,MT MARINGAL,CEBU,CEBU_SRDC LAPU LAPU,DOCKING,,,292,,,,
11/25/2024,09:55,11/25/2024,11:30,PANAY GULF,,NTC HARIBON,DAVAO,DAVAO_PETRON SASA,DOCKING,,,,,,,
11/25/2024,10:05,11/25/2024,18:40,BOHOL SEA,,MT AVA,DAVAO,DAVAO_INSULAR OIL,TENDING,,,338,,,,
11/25/2024,10:45,11/25/2024,11:35,CEBU STRAIT,,NTC HARIBON,DAVAO,DAVAO_PETRON SASA,DOCKING,,,,,,,
11/25/2024,11:02,11/25/2024,18:24,CEBU MOORING BOAT,,MT MARINGAL,CEBU,CEBU_SRDC LAPU LAPU,MOORING,,,292,,,,
11/25/2024,18:35,11/25/2024,20:05,CEBU STRAIT,,MT AVA,DAVAO,DAVAO_INSULAR OIL,UNDOCKING,,,338,,,,
11/25/2024,18:40,11/25/2024,20:20,BOHOL SEA,,MT AVA,DAVAO,DAVAO_INSULAR OIL,UNDOCKING,,,338,,,,
11/26/2024,01:00,11/26/2024,01:55,BATANGAS MOORING BOAT,,MT MALINGAP,BATANGAS,BATANGAS_SRDC BATANGAS,UNMOORING,,,365,,,,
11/26/2024,01:00,11/26/2024,01:55,CHOKWANG,,MT MALINGAP,BATANGAS,BATANGAS_SRDC BATANGAS,UNDOCKING,,,365,,,,
11/26/2024,03:55,11/26/2024,04:50,NHTC 5,,MT MARINGAL,CEBU,CEBU_SRDC LAPU LAPU,UNDOCKING,,,292,,,,
11/26/2024,04:00,11/26/2024,04:45,PACIFIC ROSE 14,,MT MARINGAL,CEBU,CEBU_SRDC LAPU LAPU,UNDOCKING,,,292,,,,
11/26/2024,04:30,11/26/2024,04:30,CEBU MOORING BOAT,,MT MARINGAL,CEBU,CEBU_SRDC LAPU LAPU,UNMOORING,,,292,,,,
11/26/2024,07:30,11/26/2024,09:35,BOHOL SEA,,MT AVA,DAVAO,DAVAO_SRDC SASA,DOCKING,,,338,,,,
11/26/2024,08:00,11/26/2024,09:30,PANAY GULF,,MT AVA,DAVAO,DAVAO_SRDC SASA,DOCKING,,,338,,,,
11/26/2024,08:20,11/26/2024,09:00,PACIFIC ROSE 3,,MT PHILOXENIA,CDO,CDO_PDOC,BOARDING FORMALITIES,,,,,,,
11/26/2024,08:25,11/26/2024,09:50,CEBU STRAIT,,NTC HARIBON,DAVAO,DAVAO_PETRON SASA,UNDOCKING,,,,,,,
11/26/2024,09:30,11/26/2024,09:55,PANAY GULF,,NTC HARIBON,DAVAO,DAVAO_PETRON SASA,UNDOCKING,,,,,,,
11/26/2024,09:36,11/26/2024,10:40,TUG 20,,MT PANGLAO ISLAND,JIMENEZ,JIMENEZ_SRDC JIMENEZ,DOCKING,,,882,,,,
11/26/2024,10:13,11/26/2024,11:10,PACIFIC ROSE 8,,MT PHILOXENIA,CDO,CDO_PDOC,DOCKING,,,,,,,
11/26/2024,10:20,11/26/2024,11:20,PACIFIC ROSE 3,,MT PHILOXENIA,CDO,CDO_PDOC,DOCKING,,,,,,,
11/26/2024,10:20,11/26/2024,12:00,PACIFICROSE 11,,MT PHILOXENIA,CDO,CDO_PDOC,DOCKING,,,,,,,
11/26/2024,11:10,11/27/2024,11:50,PACIFIC ROSE 8,,MT PHILOXENIA,CDO,CDO_PDOC,TENDING,,,,,,,
11/26/2024,11:20,11/27/2024,11:45,PACIFIC ROSE 3,,MT PHILOXENIA,CDO,CDO_PDOC,TENDING,,,,,,,
11/26/2024,15:00,11/26/2024,16:15,TABANGAO,,MT CHELSEA ENDURANCE,CEBU,CEBU_SPEC PITALO,DOCKING,,,243,,,,
11/26/2024,15:10,11/26/2024,16:30,HOKUTO,,MT CHELSEA ENDURANCE,CEBU,CEBU_SPEC PITALO,DOCKING,,,243,,,,
11/26/2024,16:00,11/28/2024,09:00,PITALO MOORING BOAT,,MT CHELSEA ENDURANCE,CEBU,CEBU_SPEC PITALO,UNMOORING,,,243,,,,
11/26/2024,16:00,11/28/2024,09:00,PITALO MOORING BOAT,,MT CHELSEA ENDURANCE,CEBU,CEBU_SPEC PITALO,MOORING,,,243,,,,
11/26/2024,16:15,11/28/2024,09:30,TABANGAO,,MT CHELSEA ENDURANCE,CEBU,CEBU_SPEC PITALO,TENDING,,,243,,,,
11/27/2024,01:20,11/27/2024,02:25,PANAY GULF,,MT AVA,DAVAO,DAVAO_SRDC SASA,UNDOCKING,,,338,,,,
11/27/2024,01:30,11/27/2024,02:10,CEBU STRAIT,,MT AVA,DAVAO,DAVAO_SRDC SASA,UNDOCKING,,,338,,,,
11/27/2024,11:40,11/27/2024,13:00,BOHOL SEA,,MT AVA,DAVAO,DAVAO_INSULAR OIL,DOCKING,,V-339,339,,,,
11/27/2024,11:50,11/27/2024,13:25,CEBU STRAIT,,MT AVA,DAVAO,DAVAO_INSULAR OIL,DOCKING,,,339,,,,
11/27/2024,12:00,11/27/2024,12:50,PACIFIC ROSE 3,,MT PHILOXENIA,CDO,CDO_PDOC,UNDOCKING,,,,,,,
11/27/2024,12:04,11/27/2024,12:41,PACIFIC ROSE 8,,MT PHILOXENIA,CDO,CDO_PDOC,UNDOCKING,,,,,,,
11/27/2024,12:35,11/27/2024,12:44,PACIFICROSE 11,,MT PHILOXENIA,CDO,CDO_PDOC,UNDOCKING,,,,0.15,#DIV/0!,,
11/27/2024,13:00,11/27/2024,20:35,BOHOL SEA,,MT AVA,DAVAO,DAVAO_INSULAR OIL,TENDING,,,339,7.58,#DIV/0!,,
11/27/2024,14:05,11/27/2024,15:10,PANAY GULF,,MV GHARAPURI ISLAND,DAVAO,DAVAO_LEGASPI OIL,UNDOCKING,,,,,,,
11/27/2024,14:10,11/27/2024,15:10,CEBU STRAIT,,MV GHARAPURI ISLAND,DAVAO,DAVAO_LEGASPI OIL,UNDOCKING,,,,,,,
11/27/2024,14:20,11/27/2024,15:00,BOHOL SEA,,MV GHARAPURI ISLAND,DAVAO,DAVAO_LEGASPI OIL,UNDOCKING,,,,,,,
11/27/2024,20:30,11/27/2024,20:45,CEBU STRAIT,,MT AVA,DAVAO,DAVAO_INSULAR OIL,UNDOCKING,,,339,,,,
11/27/2024,20:35,11/27/2024,21:00,BOHOL SEA,,MT AVA,DAVAO,DAVAO_INSULAR OIL,UNDOCKING,,,339,,,,
11/27/2024,21:40,11/27/2024,22:00,CEBU STRAIT,,MT AVA,DAVAO,DAVAO_PETRON SASA,DOCKING,,,339,,,,
11/27/2024,21:45,11/27/2024,21:55,BOHOL SEA,,MT AVA,DAVAO,DAVAO_PETRON SASA,DOCKING,,,339,,,,
11/28/2024,07:30,11/28/2024,08:25,BOHOL SEA,,MT AVA,DAVAO,DAVAO_PETRON SASA,UNDOCKING,,,339,,,,
11/28/2024,07:35,11/28/2024,08:20,CEBU STRAIT,,MT AVA,DAVAO,DAVAO_PETRON SASA,UNDOCKING,,,339,,,,
11/28/2024,08:35,11/28/2024,10:20,PACIFIC ROSE 9,,MT SUPER HERO,LEYTE,LEYTE_VISPET,BOARDING FORMALITIES,,,,,,,
11/28/2024,09:35,11/28/2024,10:20,TABANGAO,,MT CHELSEA ENDURANCE,CEBU,CEBU_SPEC PITALO,UNDOCKING,,,243,,,,
11/28/2024,09:40,11/28/2024,10:40,HOKUTO,,MT CHELSEA ENDURANCE,CEBU,CEBU_SPEC PITALO,UNDOCKING,,,243,,,,
11/28/2024,10:20,11/28/2024,12:13,ANSTEF,,MT SUPER HERO,LEYTE,LEYTE_VISPET,DOCKING,,,,,,,
11/28/2024,10:25,11/28/2024,12:15,PACIFIC ROSE 9,,MT SUPER HERO,LEYTE,LEYTE_VISPET,DOCKING,,,,,,,
11/28/2024,12:20,11/28/2024,14:20,ANSTEF,,MT PHILOXENIA,LEYTE,LEYTE_VISPET,BOARDING FORMALITIES,,,,,,,
11/28/2024,21:10,11/28/2024,23:40,BATANGAS MOORING BOAT,,MT PANGLAO ISLAND,BATANGAS,BATANGAS_SRDC BATANGAS,MOORING,,,883,,,,
11/28/2024,21:10,11/28/2024,23:40,SUN JIN NO.505,,MT PANGLAO ISLAND,BATANGAS,BATANGAS_SRDC BATANGAS,DOCKING,,Voyage # 883,883,,,,
11/29/2024,07:00,11/29/2024,08:20,PANAY GULF,,MT AVA,DAVAO,DAVAO_INSULAR OIL,DOCKING,,,340,,,,
11/29/2024,07:20,11/29/2024,08:20,BOHOL SEA,,MT AVA,DAVAO,DAVAO_INSULAR OIL,DOCKING,,,340,,,,
11/29/2024,08:20,11/29/2024,19:00,BOHOL SEA,,MT AVA,DAVAO,DAVAO_INSULAR OIL,TENDING,,,340,,,,
11/29/2024,13:15,11/29/2024,14:40,PANAY GULF,,MV DOLPHIN 18,DAVAO,DAVAO_KUDOS,UNDOCKING,,,,,,,
11/29/2024,13:20,11/29/2024,14:30,CEBU STRAIT,,MV DOLPHIN 18,DAVAO,DAVAO_KUDOS,UNDOCKING,,,,,,,
11/29/2024,14:40,11/29/2024,16:05,PANAY GULF,,MV STAR 16,DAVAO,DAVAO_KUDOS,DOCKING,,,,,,,
11/29/2024,14:50,11/29/2024,16:10,CEBU STRAIT,,MV STAR 16,DAVAO,DAVAO_KUDOS,DOCKING,,,,,,,
11/29/2024,15:10,11/29/2024,16:15,ANSTEF,,MT SUPER HERO,LEYTE,LEYTE_VISPET,UNDOCKING,,,,,,,
11/29/2024,15:50,11/29/2024,16:15,PACIFIC ROSE 9,,MT SUPER HERO,LEYTE,LEYTE_VISPET,UNDOCKING,,,,,,,
11/29/2024,16:10,11/29/2024,17:20,ANRIA,,MT PHILOXENIA,LEYTE,LEYTE_VISPET,DOCKING,,,,,,,
11/29/2024,16:30,11/29/2024,18:00,ANSTEF,,MT PHILOXENIA,LEYTE,LEYTE_VISPET,DOCKING,,,,,,,
11/29/2024,16:35,11/29/2024,17:50,PACIFIC ROSE 9,,MT PHILOXENIA,LEYTE,LEYTE_VISPET,DOCKING,,,,,,,
11/29/2024,19:00,11/29/2024,19:45,BOHOL SEA,,MT AVA,DAVAO,DAVAO_INSULAR OIL,UNDOCKING,,,340,,,,
11/29/2024,19:00,11/29/2024,19:50,PANAY GULF,,MT AVA,DAVAO,DAVAO_INSULAR OIL,UNDOCKING,,,340,,,,
11/29/2024,22:45,11/29/2024,23:50,BATANGAS MOORING BOAT,,MT PANGLAO ISLAND,BATANGAS,BATANGAS_SRDC BATANGAS,UNMOORING,,,883,,,,
11/29/2024,22:45,11/29/2024,23:50,CHOKWANG,,MT PANGLAO ISLAND,BATANGAS,BATANGAS_SRDC BATANGAS,UNDOCKING,,,883,,,,
11/30/2024,05:55,11/30/2024,07:30,PANAY GULF,,MT ESPADA,DAVAO,DAVAO_INSULAR OIL,DOCKING,,,106,,,,
11/30/2024,06:00,11/30/2024,07:25,CEBU STRAIT,,MT ESPADA,DAVAO,DAVAO_INSULAR OIL,DOCKING,,,106,,,,
11/30/2024,07:25,12/01/2024,04:00,BOHOL SEA,,MT ESPADA,DAVAO,DAVAO_INSULAR OIL,TENDING,,,106,,,,
11/30/2024,07:25,11/30/2024,08:10,CEBU STRAIT,,MT AVA,DAVAO,DAVAO_SRDC SASA,DOCKING,,,340,,,,
11/30/2024,07:30,11/30/2024,08:05,PANAY GULF,,MT AVA,DAVAO,DAVAO_SRDC SASA,DOCKING,,,340,,,,
11/30/2024,16:25,11/30/2024,17:15,PACIFIC ROSE 3,,MT SUPER HERO,CDO,CDO_PDOC,BOARDING FORMALITIES,,,,,,,
12/01/2024,00:30,12/01/2024,01:35,CEBU STRAIT,,MT AVA,DAVAO,DAVAO_SRDC SASA,UNDOCKING,,,340,,,,
12/01/2024,00:30,12/01/2024,01:35,PANAY GULF,,MT AVA,DAVAO,DAVAO_SRDC SASA,UNDOCKING,,,340,,,,
12/01/2024,04:00,12/01/2024,04:50,CEBU STRAIT,,MT ESPADA,DAVAO,DAVAO_INSULAR OIL,UNDOCKING,,,106,,,,
12/01/2024,04:10,12/01/2024,04:55,PANAY GULF,,MT ESPADA,DAVAO,DAVAO_INSULAR OIL,UNDOCKING,,,106,,,,
12/01/2024,04:55,12/01/2024,06:10,PANAY GULF,,MT MARINGAL,DAVAO,DAVAO_SRDC SASA,DOCKING,,,293,,,,
12/01/2024,05:20,12/01/2024,06:20,CEBU STRAIT,,MT MARINGAL,DAVAO,DAVAO_SRDC SASA,DOCKING,,,293,,,,
12/01/2024,05:20,12/01/2024,06:20,DAVAO MOORING BOAT,,MT MARINGAL,DAVAO,DAVAO_SRDC SASA,MOORING,,,293,,,,
12/01/2024,06:20,12/01/2024,07:35,PACIFIC ROSE 3,,MT SUPER HERO,CDO,CDO_PDOC,DOCKING,,,,,,,
12/01/2024,06:25,12/01/2024,08:00,PACIFIC ROSE 6,,MT SUPER HERO,CDO,CDO_PDOC,DOCKING,,,,,,,
12/01/2024,07:35,12/02/2024,07:40,PACIFIC ROSE 6,,MT SUPER HERO,CDO,CDO_PDOC,TENDING,,,,,,,
12/01/2024,07:45,12/01/2024,08:50,ANSTEF,,MT PHILOXENIA,LEYTE,LEYTE_VISPET,UNDOCKING,,,,,,,
12/01/2024,08:05,12/01/2024,09:00,ANRIA,,MT PHILOXENIA,LEYTE,LEYTE_VISPET,UNDOCKING,,,,,,,
12/01/2024,08:20,12/01/2024,08:50,PACIFIC ROSE 9,,MT PHILOXENIA,LEYTE,LEYTE_VISPET,UNDOCKING,,,,,,,
12/01/2024,08:30,12/01/2024,10:30,CEBU STRAIT,PHIL-CEB MARINE SERVICES INC.,MV THAI BINH 02,DAVAO,DAVAO_SASA PORT,DOCKING,,,,,,,
12/01/2024,09:00,12/01/2024,10:20,PANAY GULF,PHIL-CEB MARINE SERVICES INC.,MV THAI BINH 02,DAVAO,DAVAO_SASA PORT,DOCKING,,,,,,,
12/01/2024,09:52,12/01/2024,11:21,TUG 20,,MT PANGLAO ISLAND,JIMENEZ,JIMENEZ_SRDC JIMENEZ,DOCKING,,,883,,,,
12/01/2024,13:05,12/01/2024,13:25,PACIFIC ROSE 3,,MV J BELA,CDO,CDO_MACABALAN,DOCKING,,,,,,,
12/01/2024,17:40,12/01/2024,18:55,CEBU STRAIT,,MT MARINGAL,DAVAO,DAVAO_SRDC SASA,UNDOCKING,,,293,,,,
12/01/2024,17:40,12/01/2024,18:55,DAVAO MOORING BOAT,,MT MARINGAL,DAVAO,DAVAO_SRDC SASA,UNMOORING,,,293,,,,
12/01/2024,18:20,12/01/2024,18:55,PANAY GULF,,MT MARINGAL,DAVAO,DAVAO_SRDC SASA,UNDOCKING,,,293,,,,
12/02/2024,04:45,12/02/2024,06:50,CEBU STRAIT,,NTC FALCON,DAVAO,DAVAO_PETRON SASA,DOCKING,,,,,,,
12/02/2024,05:00,12/02/2024,06:50,PANAY GULF,,NTC FALCON,DAVAO,DAVAO_PETRON SASA,DOCKING,,,,,,,
12/02/2024,07:50,12/02/2024,08:15,PACIFIC ROSE 3,,MT SUPER HERO,CDO,CDO_PDOC,UNDOCKING,,,,0.42,#DIV/0!,,
12/02/2024,07:55,12/02/2024,08:15,PACIFIC ROSE 6,,MT SUPER HERO,CDO,CDO_PDOC,UNDOCKING,,,,0.33,#DIV/0!,,
12/02/2024,15:35,12/02/2024,16:35,BOHOL SEA,,MV PRINCE GOLD,DAVAO,DAVAO_KUDOS,UNDOCKING,,,,,,,
12/02/2024,16:00,12/02/2024,16:50,PANAY GULF,,MV PRINCE GOLD,DAVAO,DAVAO_KUDOS,UNDOCKING,,,,0.83,#DIV/0!,,
12/02/2024,16:35,12/02/2024,18:00,BOHOL SEA,,NTC FALCON,DAVAO,DAVAO_PETRON SASA,UNDOCKING,,,,,,,
12/02/2024,16:50,12/02/2024,18:00,PANAY GULF,,NTC FALCON,DAVAO,DAVAO_PETRON SASA,UNDOCKING,,,,,,,
12/02/2024,20:00,12/02/2024,21:15,NHTC 5,,MT PANGLAO ISLAND,CEBU,CEBU_SRDC LAPU LAPU,DOCKING,,,883,1.25,#DIV/0!,,
12/02/2024,20:05,12/02/2024,21:00,PACIFIC ROSE 14,,MT PANGLAO ISLAND,CEBU,CEBU_SRDC LAPU LAPU,DOCKING,,,883,,,,
12/02/2024,20:40,12/02/2024,21:07,CEBU MOORING BOAT,,MT PANGLAO ISLAND,CEBU,CEBU_SRDC LAPU LAPU,MOORING,,,883,,,,
12/03/2024,04:50,12/03/2024,06:00,NHTC 5,,MT PANGLAO ISLAND,CEBU,CEBU_SRDC LAPU LAPU,UNDOCKING,,,883,,,,
12/03/2024,05:15,12/03/2024,05:50,PACIFIC ROSE 14,,MT PANGLAO ISLAND,CEBU,CEBU_SRDC LAPU LAPU,UNDOCKING,,,883,,,,
12/03/2024,05:30,12/03/2024,06:00,CEBU MOORING BOAT,,MT PANGLAO ISLAND,CEBU,CEBU_SRDC LAPU LAPU,UNMOORING,,,883,,,,
12/03/2024,08:30,12/03/2024,11:15,BOHOL SEA,,MT AVA,DAVAO,DAVAO_INSULAR OIL,DOCKING,,,341,,,,
12/03/2024,08:35,12/03/2024,11:05,CEBU STRAIT,,MT AVA,DAVAO,DAVAO_INSULAR OIL,DOCKING,,,341,,,,
12/03/2024,11:15,12/03/2024,20:10,BOHOL SEA,,MT AVA,DAVAO,DAVAO_INSULAR OIL,TENDING,,,341,,,,
12/03/2024,12:05,12/03/2024,15:25,ILONGO,,MT MP MR TANKER 3,SUBIC,SUBIC_PPC TERMINAL,DOCKING,,,,,,,
12/03/2024,12:20,12/03/2024,15:25,MALASUGUI-1,,MT MP MR TANKER 3,SUBIC,SUBIC_PPC TERMINAL,DOCKING,,,,,,,
12/03/2024,20:00,12/03/2024,21:05,CEBU STRAIT,,MT AVA,DAVAO,DAVAO_INSULAR OIL,UNDOCKING,,,341,,,,
12/03/2024,20:10,12/03/2024,21:00,BOHOL SEA,,MT AVA,DAVAO,DAVAO_INSULAR OIL,UNDOCKING,,,341,,,,
12/04/2024,05:50,12/04/2024,08:05,INTREPID,,MT MP MR TANKER 3,SUBIC,SUBIC_PPC TERMINAL,UNDOCKING,,,,,,,
12/04/2024,05:50,12/04/2024,07:50,ISLANDER,,MT MP MR TANKER 3,SUBIC,SUBIC_PPC TERMINAL,UNDOCKING,,,,,,,
12/04/2024,06:40,12/04/2024,08:10,CEBU STRAIT,,MT AVA,DAVAO,DAVAO_SRDC SASA,DOCKING,,,341,,,,
12/04/2024,06:40,12/04/2024,08:00,PANAY GULF,,MT AVA,DAVAO,DAVAO_SRDC SASA,DOCKING,,,341,,,,
12/04/2024,23:00,12/05/2024,01:15,ENERGY PACIFIC,,MT MP MR TANKER 3,QUEZON,QUEZON_AZORA SARIAYA,BOARDING FORMALITIES,,,,,,,
12/05/2024,00:50,12/05/2024,02:00,PANAY GULF,,MT AVA,DAVAO,DAVAO_SRDC SASA,UNDOCKING,,,341,,,,
12/05/2024,01:05,12/05/2024,02:05,CEBU STRAIT,,MT AVA,DAVAO,DAVAO_SRDC SASA,UNDOCKING,,,341,,,,
12/05/2024,02:20,12/05/2024,11:15,BOHOL SEA,,MV LUGANO STAR,DAVAO,DAVAO_THERMA SOUTH,DOCKING,,,,,,,
12/05/2024,02:25,12/05/2024,10:30,PANAY GULF,,MV LUGANO STAR,DAVAO,DAVAO_THERMA SOUTH,DOCKING,,,,,,,
12/05/2024,12:35,12/05/2024,14:00,CEBU STRAIT,,MT CHELSEA ENDURANCE,DAVAO,DAVAO_INSULAR OIL,DOCKING,,,244,,,,
12/05/2024,12:40,12/05/2024,13:55,PANAY GULF,,MT CHELSEA ENDURANCE,DAVAO,DAVAO_INSULAR OIL,DOCKING,,,244,,,,
12/05/2024,13:50,12/06/2024,09:45,CEBU STRAIT,,MT CHELSEA ENDURANCE,DAVAO,DAVAO_INSULAR OIL,TENDING,,,244,,,,
12/05/2024,13:55,12/05/2024,15:50,BATANGAS MOORING BOAT,,MT PANGLAO ISLAND,BATANGAS,BATANGAS_SRDC BATANGAS,MOORING,,,884,,,,
12/05/2024,13:55,12/05/2024,15:50,SUN JIN NO.505,,MT PANGLAO ISLAND,BATANGAS,BATANGAS_SRDC BATANGAS,DOCKING,,Voyage no. 884,884,,,,
12/05/2024,15:10,12/05/2024,18:05,PANAY GULF,,MV PRINCE GOLD,DAVAO,DAVAO_KUDOS,DOCKING,,,,,,,
12/05/2024,15:40,12/05/2024,17:55,BOHOL SEA,,MV PRINCE GOLD,DAVAO,DAVAO_KUDOS,DOCKING,,,,,,,
12/05/2024,17:55,12/05/2024,19:15,BOHOL SEA,PHIL-CEB MARINE SERVICES INC.,GENERAL NATIVIDAD,DAVAO,DAVAO_SASA PORT,DOCKING,,,,,,,
12/05/2024,18:05,12/05/2024,19:20,PANAY GULF,PHIL-CEB MARINE SERVICES INC.,GENERAL NATIVIDAD,DAVAO,DAVAO_SASA PORT,DOCKING,,,,,,,
12/06/2024,03:25,12/06/2024,04:25,BATANGAS MOORING BOAT,,MT PANGLAO ISLAND,BATANGAS,BATANGAS_SRDC BATANGAS,UNMOORING,,,884,,,,
12/06/2024,03:25,12/06/2024,04:25,CHOKWANG,,MT PANGLAO ISLAND,BATANGAS,BATANGAS_SRDC BATANGAS,UNDOCKING,,VOYAGE#884,884,,,,
12/06/2024,05:45,12/06/2024,07:05,PANAY GULF,,MTKR MARISEL,DAVAO,DAVAO_PHOENIX SASA,DOCKING,,,,,,,
12/06/2024,06:15,12/06/2024,09:20,ENERGY PACIFIC,,MT MP MR TANKER 3,QUEZON,QUEZON_AZORA SARIAYA,DOCKING,,,,,,,
12/06/2024,06:20,12/06/2024,09:00,ENERGY VENUS,,MT MP MR TANKER 3,QUEZON,QUEZON_AZORA SARIAYA,DOCKING,,,,,,,
12/06/2024,06:55,12/06/2024,07:55,BOHOL SEA,PHIL-CEB MARINE SERVICES INC.,GENERAL NATIVIDAD,DAVAO,DAVAO_SASA PORT,UNDOCKING,,,,,,,
12/06/2024,07:20,12/06/2024,09:05,MAGSINO,,MT BULUSAN II,SUBIC,SUBIC_PPC TERMINAL,DOCKING,,,,,,,
12/06/2024,07:20,12/06/2024,07:50,PANAY GULF,PHIL-CEB MARINE SERVICES INC.,GENERAL NATIVIDAD,DAVAO,DAVAO_SASA PORT,UNDOCKING,,,,,,,
12/06/2024,09:30,12/06/2024,10:15,BOHOL SEA,,MT CHELSEA ENDURANCE,DAVAO,DAVAO_INSULAR OIL,UNDOCKING,,,244,,,,
12/06/2024,09:30,12/06/2024,10:20,CEBU STRAIT,,MT CHELSEA ENDURANCE,DAVAO,DAVAO_INSULAR OIL,UNDOCKING,,,244,,,,
12/06/2024,14:40,12/06/2024,17:45,BOHOL SEA,,MT STOLT ALM,DAVAO,DAVAO_INSULAR OIL,DOCKING,,,63,,,,
12/06/2024,14:40,12/06/2024,17:30,CEBU STRAIT,,MT STOLT ALM,DAVAO,DAVAO_INSULAR OIL,DOCKING,,,63,,,,
12/06/2024,14:40,12/06/2024,17:30,PANAY GULF,,MT STOLT ALM,DAVAO,DAVAO_INSULAR OIL,DOCKING,,,63,,,,
12/06/2024,15:15,12/06/2024,16:30,MAGSINO,,MT BULUSAN II,SUBIC,SUBIC_PPC TERMINAL,UNDOCKING,,,,,,,
12/06/2024,17:20,12/07/2024,12:30,CEBU STRAIT,,MT STOLT ALM,DAVAO,DAVAO_INSULAR OIL,TENDING,,,63,,,,
12/06/2024,17:25,12/07/2024,12:40,PANAY GULF,,MT STOLT ALM,DAVAO,DAVAO_INSULAR OIL,TENDING,,,63,,,,
12/07/2024,01:15,12/07/2024,03:50,CHOKWANG,,MT MALINGAP,BATANGAS,BATANGAS_PETRON MABINI,DOCKING,,VOYAGE#366,,,,,
12/07/2024,01:50,12/07/2024,02:40,BOHOL SEA,,MTKR MARISEL,DAVAO,DAVAO_PHOENIX SASA,UNDOCKING,,,,,,,
12/07/2024,02:00,12/07/2024,03:30,ENERGY PACIFIC,,MT MP MR TANKER 3,QUEZON,QUEZON_AZORA SARIAYA,UNDOCKING,,,,,,,
12/07/2024,02:10,12/07/2024,03:30,ENERGY VENUS,,MT MP MR TANKER 3,QUEZON,QUEZON_AZORA SARIAYA,UNDOCKING,,,,,,,
12/07/2024,08:00,12/07/2024,09:15,NHTC 5,,MT PANGLAO ISLAND,CEBU,CEBU_SRDC LAPU LAPU,DOCKING,,,884,,,,
12/07/2024,08:05,12/07/2024,09:05,PACIFIC ROSE 14,,MT PANGLAO ISLAND,CEBU,CEBU_SRDC LAPU LAPU,DOCKING,,,884,,,,
12/07/2024,08:36,12/07/2024,09:26,CEBU MOORING BOAT,,MT PANGLAO ISLAND,CEBU,CEBU_SRDC LAPU LAPU,MOORING,,,884,,,,
12/07/2024,09:41,12/07/2024,10:41,CEBU MOORING BOAT,,MT PANGLAO ISLAND,CEBU,CEBU_SRDC LAPU LAPU,UNMOORING,,,884,,,,
12/07/2024,12:25,12/07/2024,13:35,CEBU STRAIT,,MT STOLT ALM,DAVAO,DAVAO_INSULAR OIL,UNDOCKING,,,63,,,,
12/07/2024,12:30,12/07/2024,13:30,BOHOL SEA,,MT STOLT ALM,DAVAO,DAVAO_INSULAR OIL,UNDOCKING,,,63,,,,
12/07/2024,12:30,12/07/2024,13:20,PANAY GULF,,MT STOLT ALM,DAVAO,DAVAO_INSULAR OIL,UNDOCKING,,,63,,,,
12/07/2024,14:35,12/07/2024,15:55,BOHOL SEA,,MT AVA,DAVAO,DAVAO_INSULAR OIL,DOCKING,,,342,,,,
12/07/2024,14:40,12/07/2024,15:45,PANAY GULF,,MT AVA,DAVAO,DAVAO_INSULAR OIL,DOCKING,,,342,,,,
12/07/2024,15:40,12/08/2024,01:55,PANAY GULF,,MT AVA,DAVAO,DAVAO_INSULAR OIL,TENDING,,,342,,,,
12/07/2024,15:55,12/07/2024,17:45,BOHOL SEA,,SL TINDALO,DAVAO,DAVAO_PETRON SASA,DOCKING,,,,,,,
12/07/2024,16:00,12/07/2024,17:50,CEBU STRAIT,,SL TINDALO,DAVAO,DAVAO_PETRON SASA,DOCKING,,,,,,,
12/07/2024,16:10,12/07/2024,17:25,NHTC 5,,MT ALICE DL,CEBU,CEBU_ARCTURA,DOCKING,,,,,,,
12/07/2024,19:50,12/07/2024,21:20,SUN JIN NO.505,,MT MALINGAP,BATANGAS,BATANGAS_PETRON MABINI,UNDOCKING,,Voyage N0.366,,,,,
12/07/2024,21:00,12/07/2024,22:05,NHTC 5,,MT PANGLAO ISLAND,CEBU,CEBU_SRDC LAPU LAPU,UNDOCKING,,,884,,,,
12/07/2024,21:10,12/07/2024,21:55,PACIFIC ROSE 14,,MT PANGLAO ISLAND,CEBU,CEBU_SRDC LAPU LAPU,UNDOCKING,,,884,,,,
12/08/2024,01:45,12/08/2024,02:50,PANAY GULF,,MT AVA,DAVAO,DAVAO_INSULAR OIL,UNDOCKING,,,342,,,,
12/08/2024,01:50,12/08/2024,02:50,BOHOL SEA,,MT AVA,DAVAO,DAVAO_INSULAR OIL,UNDOCKING,,,342,,,,
12/08/2024,04:40,12/08/2024,05:35,PANAY GULF,,SL TINDALO,DAVAO,DAVAO_PETRON SASA,UNDOCKING,,,,,,,
12/08/2024,04:50,12/08/2024,06:25,BOHOL SEA,,SL TINDALO,DAVAO,DAVAO_PETRON SASA,UNDOCKING,,,,,,,
12/08/2024,08:35,12/08/2024,09:55,CEBU STRAIT,,MT CASANDRA,DAVAO,DAVAO_PHOENIX SASA,DOCKING,,,366,,,,
12/08/2024,08:35,12/08/2024,09:55,PANAY GULF,,MT CASANDRA,DAVAO,DAVAO_PHOENIX SASA,DOCKING,,,366,,,,
12/08/2024,13:50,12/08/2024,15:05,PANAY GULF,,MV STAR 16,DAVAO,DAVAO_KUDOS,UNDOCKING,,,,,,,
12/08/2024,13:55,12/08/2024,15:05,BOHOL SEA,,MV STAR 16,DAVAO,DAVAO_KUDOS,UNDOCKING,,,,,,,
12/08/2024,15:20,12/08/2024,17:15,NHTC 5,,MT ALICE DL,CEBU,CEBU_ARCTURA,UNDOCKING,,,,,,,
12/08/2024,20:00,12/08/2024,21:00,CEBU STRAIT,,MT CASANDRA,DAVAO,DAVAO_PHOENIX SASA,UNDOCKING,,,366,,,,
12/08/2024,20:10,12/08/2024,21:00,BOHOL SEA,,MT CASANDRA,DAVAO,DAVAO_PHOENIX SASA,UNDOCKING,,,366,,,,
12/09/2024,05:30,12/09/2024,06:55,PANAY GULF,,MT AVA,DAVAO,DAVAO_SRDC SASA,DOCKING,,,342,,,,
12/09/2024,05:35,12/09/2024,06:50,BOHOL SEA,,MT AVA,DAVAO,DAVAO_SRDC SASA,DOCKING,,,342,1.25,#DIV/0!,,
12/09/2024,14:45,12/09/2024,15:45,ANRIA,,MT ESPADA,LEYTE,LEYTE_VISPET,DOCKING,,,,,,,
12/09/2024,15:30,12/09/2024,16:35,BOHOL SEA,,MV THAI BINH 02,DAVAO,DAVAO_SASA PORT,UNDOCKING,,,,,,,
12/09/2024,15:35,12/09/2024,16:35,CEBU STRAIT,,MV THAI BINH 02,DAVAO,DAVAO_SASA PORT,UNDOCKING,,,,,,,
12/09/2024,17:20,12/09/2024,18:55,PANAY GULF,,NTC HERON,DAVAO,DAVAO_PETRON SASA,DOCKING,,,,,,,
12/09/2024,17:25,12/09/2024,18:40,BOHOL SEA,,NTC HERON,DAVAO,DAVAO_PETRON SASA,DOCKING,,,,,,,
12/10/2024,00:20,12/10/2024,01:00,BOHOL SEA,,MT AVA,DAVAO,DAVAO_SRDC SASA,UNDOCKING,,,342,0.67,#DIV/0!,,
12/10/2024,00:20,12/10/2024,00:55,PANAY GULF,,MT AVA,DAVAO,DAVAO_SRDC SASA,UNDOCKING,,,342,,,,
12/10/2024,03:00,12/10/2024,09:55,BOHOL SEA,,MV LUGANO STAR,DAVAO,DAVAO_THERMA SOUTH,UNDOCKING,,,,,,,
12/10/2024,03:00,12/10/2024,09:40,PANAY GULF,,MV LUGANO STAR,DAVAO,DAVAO_THERMA SOUTH,UNDOCKING,,,,6.67,#DIV/0!,,
12/10/2024,08:55,12/10/2024,09:23,ANSTEF,,MT ESPADA,LEYTE,LEYTE_VISPET,UNDOCKING,,,,,,,
12/10/2024,09:30,12/10/2024,10:35,ANSTEF,,MT CHELSEA ENDURANCE,LEYTE,LEYTE_VISPET,DOCKING,,,,1.08,#DIV/0!,,
12/10/2024,11:20,12/10/2024,13:55,MALASUGUI-1,,MT JAG POOJA,SUBIC,SUBIC_PPC TERMINAL,DOCKING,,,,,,,
12/10/2024,11:30,12/10/2024,13:55,ILONGO,,MT JAG POOJA,SUBIC,SUBIC_PPC TERMINAL,DOCKING,,,,,,,
12/10/2024,17:30,12/10/2024,20:30,CHOKWANG,,MT MALINGAP,BATANGAS,BATANGAS_PETRON MABINI,DOCKING,,,367,,,,
12/10/2024,18:10,12/10/2024,19:20,PANAY GULF,,NTC HERON,DAVAO,DAVAO_PETRON SASA,UNDOCKING,,,,,,,
12/10/2024,18:20,12/10/2024,19:10,CEBU STRAIT,,NTC HERON,DAVAO,DAVAO_PETRON SASA,UNDOCKING,,,,,,,
12/10/2024,19:20,12/10/2024,20:20,PANAY GULF,,MV PRINCE GOLD,DAVAO,DAVAO_KUDOS,UNDOCKING,,,,,,,
12/10/2024,19:40,12/10/2024,20:00,CEBU STRAIT,,MV PRINCE GOLD,DAVAO,DAVAO_KUDOS,UNDOCKING,,,,,,,
12/10/2024,20:20,12/10/2024,22:10,PANAY GULF,,MV STAR 16,DAVAO,DAVAO_KUDOS,DOCKING,,,,,,,
12/10/2024,20:35,12/10/2024,22:10,CEBU STRAIT,,MV STAR 16,DAVAO,DAVAO_KUDOS,DOCKING,,,,,,,
12/10/2024,21:40,12/11/2024,00:00,BATANGAS MOORING BOAT,,MT PANGLAO ISLAND,BATANGAS,BATANGAS_SRDC BATANGAS,MOORING,,,885,,,,
12/10/2024,21:40,12/11/2024,00:00,CHOKWANG,,MT PANGLAO ISLAND,BATANGAS,BATANGAS_SRDC BATANGAS,DOCKING,,,885,,,,
12/10/2024,22:35,12/11/2024,00:00,CEBU STRAIT,,MV HOA BINH 45,DAVAO,DAVAO_KUDOS,DOCKING,,,,,,,
12/10/2024,22:40,12/11/2024,00:05,PANAY GULF,,MV HOA BINH 45,DAVAO,DAVAO_KUDOS,DOCKING,,,,,,,
12/11/2024,06:40,12/11/2024,08:25,BATANGAS MOORING BOAT,,MT MARINGAL,BATANGAS,BATANGAS_SRDC BATANGAS,MOORING,,,294,,,,
12/11/2024,06:40,12/11/2024,08:25,CHOKWANG,,MT MARINGAL,BATANGAS,BATANGAS_SRDC BATANGAS,DOCKING,,,294,,,,
12/11/2024,07:40,12/11/2024,08:45,BOHOL SEA,,MT AVA,DAVAO,DAVAO_INSULAR OIL,DOCKING,,,343,,,,
12/11/2024,07:40,12/11/2024,09:05,CEBU STRAIT,,MT AVA,DAVAO,DAVAO_INSULAR OIL,DOCKING,,,343,,,,
12/11/2024,09:40,12/11/2024,10:30,ANSTEF,,MT CHELSEA ENDURANCE,LEYTE,LEYTE_VISPET,UNDOCKING,,,,,,,
12/11/2024,09:50,12/11/2024,19:35,LAKANDULA,,MT AVA,DAVAO,DAVAO_INSULAR OIL,TENDING,,,343,,,,
12/11/2024,13:20,12/11/2024,15:25,MALASUGUI-1,,MT JAG POOJA,SUBIC,SUBIC_PPC TERMINAL,UNDOCKING,,,,,,,
12/11/2024,13:25,12/11/2024,15:05,ILONGO,,MT JAG POOJA,SUBIC,SUBIC_PPC TERMINAL,UNDOCKING,,,,,,,
12/11/2024,14:15,12/11/2024,15:50,ISLANDER,,MT JEWEL FAITH,SUBIC,SUBIC_PPC TERMINAL,DOCKING,,,,,,,
12/11/2024,14:20,12/11/2024,16:25,SUN JIN NO.505,,MT MAGLINGAP,BATANGAS,BATANGAS_PETRON MABINI,UNDOCKING,,Voyage # 367,367,,,,
12/11/2024,19:10,12/11/2024,20:10,BOHOL SEA,,MT AVA,DAVAO,DAVAO_INSULAR OIL,UNDOCKING,,,343,,,,
12/11/2024,19:10,12/11/2024,20:10,CEBU STRAIT,,MT AVA,DAVAO,DAVAO_INSULAR OIL,UNDOCKING,,,343,,,,
12/11/2024,21:10,12/11/2024,21:50,BATANGAS MOORING BOAT,,MT PANGLAO ISLAND,BATANGAS,BATANGAS_SRDC BATANGAS,UNMOORING,,,885,,,,
12/12/2024,00:05,12/12/2024,00:55,BOHOL SEA,PHIL-CEB MARINE SERVICES INC.,MV LORCON DUMAGUETE,DAVAO,DAVAO_SASA PORT,DOCKING,,,,,,,
12/12/2024,00:10,12/12/2024,01:00,CEBU STRAIT,PHIL-CEB MARINE SERVICES INC.,MV LORCON DUMAGUETE,DAVAO,DAVAO_SASA PORT,DOCKING,,,,,,,
12/12/2024,02:30,12/12/2024,03:15,BATANGAS MOORING BOAT,,MT MARINGAL,BATANGAS,BATANGAS_SRDC BATANGAS,UNMOORING,,,294,,,,
12/12/2024,02:30,12/12/2024,03:15,SUN JIN NO.505,,MT MARINGAL,BATANGAS,BATANGAS_SRDC BATANGAS,UNDOCKING,,Voyage # 294,294,,,,
12/12/2024,05:20,12/12/2024,06:35,BOHOL SEA,,MV STAR 16,DAVAO,DAVAO_KUDOS,UNDOCKING,,,,,,,
12/12/2024,05:30,12/12/2024,06:20,CEBU STRAIT,,MV STAR 16,DAVAO,DAVAO_KUDOS,UNDOCKING,,,,,,,
12/12/2024,06:35,12/12/2024,08:35,BOHOL SEA,,MV SUNRISE 69,DAVAO,DAVAO_KUDOS,DOCKING,,,,,,,
12/12/2024,07:15,12/12/2024,08:35,CEBU STRAIT,,MV SUNRISE 69,DAVAO,DAVAO_KUDOS,DOCKING,,,,,,,
12/12/2024,07:40,12/12/2024,08:45,ANSTEF,,MT CASANDRA,LEYTE,LEYTE_VISPET,DOCKING,,,,,,,
12/12/2024,08:00,12/12/2024,11:30,NHTC 5,,SRDC LLT OIL SPILL DRILL,CEBU,CEBU_SRDC LAPU LAPU,DRILLS,,,,,,,
12/12/2024,08:00,12/12/2024,11:30,SIDE ARM,,SRDC LLT OIL SPILL DRILL,CEBU,CEBU_SRDC LAPU LAPU,DRILLS,,,,,,,
12/12/2024,15:50,12/12/2024,16:50,ISLANDER,,MT JEWEL FAITH,SUBIC,SUBIC_PPC TERMINAL,UNDOCKING,,,,,,,
12/12/2024,21:30,12/12/2024,22:30,CEBU STRAIT,PHIL-CEB MARINE SERVICES INC.,MV LORCON DUMAGUETE,DAVAO,DAVAO_SASA PORT,UNDOCKING,,,,,,,
12/12/2024,21:35,12/12/2024,22:30,BOHOL SEA,PHIL-CEB MARINE SERVICES INC.,MV LORCON DUMAGUETE,DAVAO,DAVAO_SASA PORT,UNDOCKING,,,,,,,
12/13/2024,02:45,12/13/2024,04:25,ENERGY PACIFIC,,MT NAVIG8 GAUNTLET,QUEZON,QUEZON_AZORA SARIAYA,BOARDING FORMALITIES,,,,,,,
12/13/2024,04:15,12/13/2024,06:45,ENERGY VENUS,,MT NAVIG8 GAUNTLET,QUEZON,QUEZON_AZORA SARIAYA,DOCKING,,,,,,,
12/13/2024,04:25,12/13/2024,06:50,ENERGY PACIFIC,,MT NAVIG8 GAUNTLET,QUEZON,QUEZON_AZORA SARIAYA,DOCKING,,,,,,,
12/13/2024,06:00,12/13/2024,07:00,CEBU STRAIT,,MT AVA,DAVAO,DAVAO_SRDC SASA,DOCKING,,,343,,,,
12/13/2024,06:00,12/13/2024,07:00,CEBU STRAIT,,MT AVA,DAVAO,DAVAO_SRDC SASA,DOCKING,,,343,,,,
12/13/2024,06:05,12/13/2024,07:10,BOHOL SEA,,MT AVA,DAVAO,DAVAO_SRDC SASA,DOCKING,,,343,,,,
12/13/2024,08:20,12/13/2024,09:05,PACIFIC ROSE 10,,MT CASANDRA,LEYTE,LEYTE_VISPET,UNDOCKING,,,,,,,
12/13/2024,11:50,12/14/2024,00:25,BOHOL SEA,,MT AVA,DAVAO,DAVAO_SRDC SASA,UNDOCKING,,,343,,,,
12/13/2024,23:50,12/14/2024,00:35,PANAY GULF,,MT AVA,DAVAO,DAVAO_SRDC SASA,UNDOCKING,,,343,,,,
12/14/2024,12:10,12/14/2024,14:20,PACIFIC ROSE 6,,MT CENTENNIAL MATSUYAMA,CDO,CDO_PDOC,BOARDING FORMALITIES,,,,,,,
12/14/2024,12:53,12/14/2024,16:48,TUG 20,,MT CENTENNIAL MATSUYAMA,CDO,CDO_PDOC,DOCKING,,,,,,,
12/14/2024,13:43,12/14/2024,16:50,PACIFIC ROSE 8,,MT CENTENNIAL MATSUYAMA,CDO,CDO_PDOC,DOCKING,,,,,,,
12/14/2024,13:55,12/14/2024,16:45,PACIFIC ROSE 3,,MT CENTENNIAL MATSUYAMA,CDO,CDO_PDOC,DOCKING,,,,,,,
12/14/2024,15:40,12/14/2024,17:10,SUN JIN NO.505,,MT MALINGAP,BATANGAS,BATANGAS_SRDC BATANGAS,DOCKING,,Mtkr Malingap ,368,,,,
12/14/2024,15:45,12/14/2024,17:15,BATANGAS MOORING BOAT,,MT MALINGAP,BATANGAS,BATANGAS_SRDC BATANGAS,MOORING,,,368,,,,
12/14/2024,15:45,12/14/2024,17:15,CHOKWANG,,MT MALINGAP,BATANGAS,BATANGAS_SRDC BATANGAS,DOCKING,,,368,,,,
12/14/2024,16:48,12/15/2024,15:36,TUG 20,,MT CENTENNIAL MATSUYAMA,CDO,CDO_PDOC,TENDING,,,,,,,
12/14/2024,16:50,12/15/2024,15:30,PACIFIC ROSE 3,,MT CENTENNIAL MATSUYAMA,CDO,CDO_PDOC,TENDING,,,,,,,
12/15/2024,06:55,12/15/2024,08:00,ENERGY VENUS,,MT NAVIG8 GAUNTLET,QUEZON,QUEZON_AZORA SARIAYA,UNDOCKING,,,,,,,
12/15/2024,07:50,12/15/2024,10:40,ENERGY PACIFIC,,MT NAVIG8 GAUNTLET,QUEZON,QUEZON_AZORA SARIAYA,UNDOCKING,,,,,,,
12/15/2024,10:40,12/15/2024,12:10,BATANGAS MOORING BOAT,,MT MALINGAP,BATANGAS,BATANGAS_SRDC BATANGAS,UNMOORING,,,368,,,,
12/15/2024,10:40,12/15/2024,12:10,CHOKWANG,,MT MALINGAP,BATANGAS,BATANGAS_SRDC BATANGAS,UNDOCKING,,,368,,,,
12/15/2024,10:40,12/15/2024,11:45,SUN JIN NO.505,,MT MALINGAP,BATANGAS,BATANGAS_SRDC BATANGAS,UNDOCKING,,,368,,,,
12/15/2024,14:45,12/15/2024,17:10,NHTC 5,,MT JEWEL FAITH,CEBU,CEBU_ARCTURA,DOCKING,,,,,,,
12/15/2024,15:26,12/15/2024,16:48,TUG 20,,MT CENTENNIAL MATSUYAMA,CDO,CDO_PDOC,UNDOCKING,,,,,,,
12/15/2024,15:41,12/15/2024,16:37,PACIFIC ROSE 8,,MT CENTENNIAL MATSUYAMA,CDO,CDO_PDOC,UNDOCKING,,,,,,,
12/15/2024,15:45,12/15/2024,16:35,PACIFIC ROSE 3,,MT CENTENNIAL MATSUYAMA,CDO,CDO_PDOC,UNDOCKING,,,,,,,
12/16/2024,05:30,12/16/2024,07:50,TABANGAO,,MT BULUSAN II,CEBU,CEBU_SPEC PITALO,DOCKING,,,,,,,
12/16/2024,05:45,12/16/2024,07:10,PANAY GULF,,MT CASANDRA,DAVAO,DAVAO_INSULAR OIL,DOCKING,,,,,,,
12/16/2024,05:55,12/16/2024,07:05,CEBU STRAIT,,MT CASANDRA,DAVAO,DAVAO_INSULAR OIL,DOCKING,,,,,,,
12/16/2024,06:00,12/16/2024,08:00,HOKUTO,,MT BULUSAN II,CEBU,CEBU_SPEC PITALO,DOCKING,,,,,,,
12/16/2024,07:10,12/16/2024,21:50,LAKANDULA,,MT CASANDRA,DAVAO,DAVAO_INSULAR OIL,TENDING,,,,,,,
12/16/2024,07:30,12/17/2024,09:40,PITALO MOORING BOAT,,MT BULUSAN II,CEBU,CEBU_SPEC PITALO,MOORING,,,,,,,
12/16/2024,07:30,12/17/2024,09:40,PITALO MOORING BOAT,,MT BULUSAN II,CEBU,CEBU_SPEC PITALO,UNMOORING,,,,,,,
12/16/2024,08:05,12/17/2024,09:35,HOKUTO,,MT BULUSAN II,CEBU,CEBU_SPEC PITALO,TENDING,,,,,,,
12/16/2024,10:40,12/16/2024,11:50,NHTC 5,,MT JEWEL FAITH,CEBU,CEBU_ARCTURA,UNDOCKING,,,,,,,
12/16/2024,12:30,12/16/2024,14:10,BOHOL SEA,,MV HOA BINH 45,DAVAO,DAVAO_KUDOS,UNDOCKING,,,,,,,
12/16/2024,12:35,12/16/2024,14:05,CEBU STRAIT,,MV HOA BINH 45,DAVAO,DAVAO_KUDOS,UNDOCKING,,,,,,,
12/16/2024,13:30,12/16/2024,15:20,ANSTEF,,MT CENTENNIAL MATSUYAMA,LEYTE,LEYTE_VISPET,BOARDING FORMALITIES,,,,,,,
12/16/2024,13:50,12/16/2024,16:00,PANAY GULF,,MT ESPADA,DAVAO,DAVAO_PHOENIX SASA,DOCKING,,,,,,,
12/16/2024,14:10,12/16/2024,15:50,CEBU STRAIT,,MT ESPADA,DAVAO,DAVAO_PHOENIX SASA,DOCKING,,,,,,,
12/16/2024,15:31,12/16/2024,17:13,PACIFIC ROSE 1,,MT CENTENNIAL MATSUYAMA,LEYTE,LEYTE_VISPET,DOCKING,,,,,,,
12/16/2024,15:55,12/16/2024,17:10,ANSTEF,,MT CENTENNIAL MATSUYAMA,LEYTE,LEYTE_VISPET,DOCKING,,,,,,,
12/16/2024,16:00,12/16/2024,16:55,ANRIA,,MT CENTENNIAL MATSUYAMA,LEYTE,LEYTE_VISPET,DOCKING,,,,,,,
12/16/2024,16:30,12/16/2024,18:30,BOHOL SEA,,MV DONG THINH,DAVAO,DAVAO_KUDOS,DOCKING,,,,,,,
12/16/2024,16:30,12/16/2024,18:40,CEBU STRAIT,,MV DONG THINH,DAVAO,DAVAO_KUDOS,DOCKING,,,,,,,
12/16/2024,20:50,12/16/2024,22:15,PANAY GULF,,MT CASANDRA,DAVAO,DAVAO_INSULAR OIL,UNDOCKING,,,,,,,
12/16/2024,21:25,12/16/2024,22:15,CEBU STRAIT,,MT CASANDRA,DAVAO,DAVAO_INSULAR OIL,UNDOCKING,,,,,,,
12/17/2024,05:30,12/17/2024,07:35,BATANGAS MOORING BOAT,,MT MARINGAL,BATANGAS,BATANGAS_SRDC BATANGAS,MOORING,,,295,,,,
12/17/2024,05:30,12/17/2024,07:35,CHOKWANG,,MT MARINGAL,BATANGAS,BATANGAS_SRDC BATANGAS,DOCKING,,,295,,,,
12/17/2024,05:55,12/17/2024,07:20,BOHOL SEA,,MT AVA,DAVAO,DAVAO_INSULAR OIL,DOCKING,,,344,,,,
12/17/2024,05:55,12/17/2024,07:20,CEBU STRAIT,,MT AVA,DAVAO,DAVAO_INSULAR OIL,DOCKING,,,344,,,,
12/17/2024,07:15,12/17/2024,17:50,LAKANDULA,,MT AVA,DAVAO,DAVAO_INSULAR OIL,TENDING,,,344,,,,
12/17/2024,07:50,12/17/2024,09:10,NHTC 5,,MT MALINGAP,CEBU,CEBU_SRDC LAPU LAPU,DOCKING,,,368,,,,
12/17/2024,07:55,12/17/2024,09:00,PACIFIC ROSE 14,,MT MALINGAP,CEBU,CEBU_SRDC LAPU LAPU,DOCKING,,,368,,,,
12/17/2024,08:05,12/17/2024,10:10,ANSTEF,,MT MONT BLANC I,LEYTE,LEYTE_VISPET,BOARDING FORMALITIES,,,,,,,
12/17/2024,08:30,12/17/2024,09:11,CEBU MOORING BOAT,,MT MALINGAP,CEBU,CEBU_SRDC LAPU LAPU,MOORING,,,368,,,,
12/17/2024,09:25,12/17/2024,10:05,CEBU STRAIT,,MT ESPADA,DAVAO,DAVAO_PHOENIX SASA,UNDOCKING,,,,,,,
12/17/2024,09:30,12/17/2024,10:00,BOHOL SEA,,MT ESPADA,DAVAO,DAVAO_PHOENIX SASA,UNDOCKING,,,,,,,
12/17/2024,09:35,12/17/2024,10:10,TABANGAO,,MT BULUSAN II,CEBU,CEBU_SPEC PITALO,UNDOCKING,,,,,,,
12/17/2024,09:40,12/17/2024,10:15,HOKUTO,,MT BULUSAN II,CEBU,CEBU_SPEC PITALO,UNDOCKING,,,,,,,
12/17/2024,10:00,12/17/2024,13:00,BOHOL SEA,,MT CHAMPION PULA,DAVAO,DAVAO_DBCOM,DOCKING,,,,,,,
12/17/2024,10:20,12/17/2024,13:00,CEBU STRAIT,,MT CHAMPION PULA,DAVAO,DAVAO_DBCOM,DOCKING,,,,,,,
12/17/2024,15:40,12/17/2024,16:45,BATANGAS MOORING BOAT,,MT MARINGAL,BATANGAS,BATANGAS_SRDC BATANGAS,MOORING,,Shifting,295,,,,
12/17/2024,15:40,12/17/2024,16:45,BATANGAS MOORING BOAT,,MT MARINGAL,BATANGAS,BATANGAS_SRDC BATANGAS,UNMOORING,,Shifting,295,,,,
12/17/2024,15:40,12/17/2024,16:45,SUN JIN NO.505,,MT MARINGAL,BATANGAS,BATANGAS_SRDC BATANGAS,SHIFTING,,Voyage # 295,295,,,,
12/17/2024,17:20,12/17/2024,18:25,CEBU STRAIT,,MT AVA,DAVAO,DAVAO_INSULAR OIL,UNDOCKING,,,344,,,,
12/17/2024,17:25,12/17/2024,18:10,AMATA MARU,,MT AVA,DAVAO,DAVAO_INSULAR OIL,UNDOCKING,,,344,,,,
12/17/2024,19:20,12/17/2024,21:35,BATANGAS MOORING BOAT,,MT PANGLAO ISLAND,BATANGAS,BATANGAS_SRDC BATANGAS,MOORING,,,886,,,,
12/17/2024,19:20,12/17/2024,21:35,SUN JIN NO.505,,MT PANGLAO ISLAND,BATANGAS,BATANGAS_SRDC BATANGAS,DOCKING,,Voyage # 886,886,,,,
12/17/2024,19:30,12/17/2024,21:05,CHOKWANG,,MT PANGLAO ISLAND,BATANGAS,BATANGAS_SRDC BATANGAS,DOCKING,,,886,,,,
12/17/2024,22:20,12/17/2024,23:20,NHTC 5,,MT MALINGAP,CEBU,CEBU_SRDC LAPU LAPU,UNDOCKING,,,368,,,,
12/17/2024,22:40,12/17/2024,23:05,PACIFIC ROSE 14,,MT MALINGAP,CEBU,CEBU_SRDC LAPU LAPU,UNDOCKING,,,368,,,,
12/17/2024,22:55,12/17/2024,23:55,CEBU MOORING BOAT,,MT MALINGAP,CEBU,CEBU_SRDC LAPU LAPU,UNMOORING,,,368,,,,
12/18/2024,00:50,12/18/2024,03:15,SUN JIN NO.505,,MT SHENG HANG 003,BATANGAS,BATANGAS_BBTI,FERRY SERVICE,,MTKR SHENG HANG 003(V#006),,,,,
12/18/2024,04:30,12/18/2024,08:20,SUN JIN NO.505,,MT SHENG HANG 003,BATANGAS,BATANGAS_BBTI,DOCKING,,MTKR SHENG HANG 003 (V#2406),,,,,
12/18/2024,04:45,12/18/2024,08:00,CHOKWANG,,MT SHENG HANG 003,BATANGAS,BATANGAS_BBTI,DOCKING,,,,,,,
12/18/2024,06:00,12/18/2024,07:10,AMATA MARU,,MT AVA,DAVAO,DAVAO_SRDC SASA,DOCKING,,,344,,,,
12/18/2024,06:00,12/18/2024,07:10,BOHOL SEA,,MT AVA,DAVAO,DAVAO_SRDC SASA,DOCKING,,,344,,,,
12/18/2024,07:20,12/18/2024,08:20,ANSTEF,,MT CENTENNIAL MATSUYAMA,LEYTE,LEYTE_VISPET,UNDOCKING,,,,,,,
12/18/2024,07:21,12/18/2024,08:35,PACIFIC ROSE 1,,MT CENTENNIAL MATSUYAMA,LEYTE,LEYTE_VISPET,UNDOCKING,,,,,,,
12/18/2024,07:45,12/18/2024,08:30,ANRIA,,MT CENTENNIAL MATSUYAMA,LEYTE,LEYTE_VISPET,UNDOCKING,,,,,,,
12/18/2024,08:25,12/18/2024,10:00,PACIFIC ROSE 1,,MT MONT BLANC I,LEYTE,LEYTE_VISPET,DOCKING,,,,,,,
12/18/2024,08:50,12/18/2024,10:00,ANSTEF,,MT MONT BLANC I,LEYTE,LEYTE_VISPET,DOCKING,,,,,,,
12/18/2024,09:10,12/18/2024,09:40,ANRIA,,MT MONT BLANC I,LEYTE,LEYTE_VISPET,DOCKING,,,,,,,
12/18/2024,12:30,12/18/2024,14:15,CEBU STRAIT,,MT ESPADA,DAVAO,DAVAO_INSULAR OIL,DOCKING,,,,,,,
12/18/2024,12:40,12/18/2024,14:15,AMATA MARU,,MT ESPADA,DAVAO,DAVAO_INSULAR OIL,DOCKING,,,,,,,
12/18/2024,14:20,12/18/2024,16:15,CEBU STRAIT,,MT CHAMPION PULA,DAVAO,DAVAO_DBCOM,UNDOCKING,,,,,,,
12/18/2024,14:25,12/18/2024,15:35,BOHOL SEA,,MT CHAMPION PULA,DAVAO,DAVAO_DBCOM,UNDOCKING,,,,,,,
12/18/2024,14:45,12/19/2024,06:05,PANAY GULF,,MT ESPADA,DAVAO,DAVAO_INSULAR OIL,TENDING,,,,,,,
12/18/2024,15:35,12/18/2024,17:15,BOHOL SEA,,SL TINDALO,DAVAO,DAVAO_PETRON SASA,DOCKING,,,,,,,
12/18/2024,16:00,12/18/2024,17:20,PANAY GULF,,SL TINDALO,DAVAO,DAVAO_PETRON SASA,DOCKING,,,,,,,
12/18/2024,17:40,12/18/2024,18:45,BATANGAS MOORING BOAT,,MT MARINGAL,BATANGAS,BATANGAS_SRDC BATANGAS,UNMOORING,,,295,,,,
12/18/2024,17:40,12/18/2024,18:45,SUN JIN NO.505,,MT MARINGAL,BATANGAS,BATANGAS_SRDC BATANGAS,UNDOCKING,,V#-295,295,,,,
12/18/2024,23:00,12/18/2024,23:55,AMATA MARU,,MT AVA,DAVAO,DAVAO_SRDC SASA,UNDOCKING,,,344,,,,
12/18/2024,23:00,12/19/2024,00:10,CEBU STRAIT,,MT AVA,DAVAO,DAVAO_SRDC SASA,UNDOCKING,,,344,,,,
12/19/2024,02:25,12/19/2024,03:55,SUN JIN NO.505,,MT PANGLAO ISLAND,BATANGAS,BATANGAS_SRDC BATANGAS,UNDOCKING,,V#-886,886,,,,
12/19/2024,02:30,12/19/2024,04:10,BATANGAS MOORING BOAT,,MT PANGLAO ISLAND,BATANGAS,BATANGAS_SRDC BATANGAS,UNMOORING,,,886,,,,
12/19/2024,02:30,12/19/2024,04:10,CHOKWANG,,MT PANGLAO ISLAND,BATANGAS,BATANGAS_SRDC BATANGAS,UNDOCKING,,,886,,,,
12/19/2024,04:50,12/19/2024,07:10,CHOKWANG,,MT SHENG HANG 003,BATANGAS,BATANGAS_BBTI,UNDOCKING,,,,,,,
12/19/2024,04:50,12/19/2024,07:05,SUN JIN NO.505,,MT SHENG HANG 003,BATANGAS,BATANGAS_BBTI,UNDOCKING,,,,,,,
12/19/2024,05:00,12/19/2024,06:00,PANAY GULF,,SL TINDALO,DAVAO,DAVAO_PETRON SASA,UNDOCKING,,,,,,,
12/19/2024,05:10,12/19/2024,05:45,AMATA MARU,,SL TINDALO,DAVAO,DAVAO_PETRON SASA,UNDOCKING,,,,,,,
12/19/2024,05:20,12/19/2024,08:40,TABANGAO,,MT DIAMOND EXPRESS,CEBU,CEBU_SPEC PITALO,DOCKING,,,,,,,
12/19/2024,05:30,12/19/2024,08:45,HOKUTO,,MT DIAMOND EXPRESS,CEBU,CEBU_SPEC PITALO,DOCKING,,,,,,,
12/19/2024,05:30,12/19/2024,08:45,NHTC 5,,MT DIAMOND EXPRESS,CEBU,CEBU_SPEC PITALO,DOCKING,,,,,,,
12/19/2024,06:00,12/19/2024,06:55,AMATA MARU,,MT ESPADA,DAVAO,DAVAO_INSULAR OIL,UNDOCKING,,,,,,,
12/19/2024,06:00,12/19/2024,07:00,PANAY GULF,,MT ESPADA,DAVAO,DAVAO_INSULAR OIL,UNDOCKING,,,,,,,
12/19/2024,06:50,12/19/2024,08:50,PACIFIC ROSE 3,,MT SEAWAYS ROSE,CDO,CDO_PDOC,BOARDING FORMALITIES,,,,,,,
12/19/2024,08:35,12/19/2024,10:30,TUG 20,,MT SEAWAYS ROSE,CDO,CDO_PDOC,DOCKING,,,,,,,
12/19/2024,08:45,12/20/2024,11:00,TABANGAO,,MT DIAMOND EXPRESS,CEBU,CEBU_SPEC PITALO,TENDING,,,,,,,
12/19/2024,08:50,12/20/2024,11:00,HOKUTO,,MT DIAMOND EXPRESS,CEBU,CEBU_SPEC PITALO,TENDING,,,,,,,
12/19/2024,09:15,12/19/2024,10:40,PACIFIC ROSE 6,,MT SEAWAYS ROSE,CDO,CDO_PDOC,DOCKING,,,,,,,
12/19/2024,09:15,12/19/2024,10:45,PACIFICROSE 11,,MT SEAWAYS ROSE,CDO,CDO_PDOC,DOCKING,,,,,,,
12/19/2024,10:35,12/20/2024,09:20,PACIFIC ROSE 6,,MT SEAWAYS ROSE,CDO,CDO_PDOC,TENDING,,,,,,,
12/19/2024,10:35,12/20/2024,09:30,PACIFICROSE 11,,MT SEAWAYS ROSE,CDO,CDO_PDOC,TENDING,,,,,,,
12/19/2024,14:40,12/19/2024,15:55,ANSTEF,,MT MONT BLANC I,LEYTE,LEYTE_VISPET,UNDOCKING,,,,,,,
12/19/2024,14:45,12/19/2024,16:00,ANRIA,,MT MONT BLANC I,LEYTE,LEYTE_VISPET,UNDOCKING,,,,,,,
12/19/2024,14:45,12/19/2024,15:58,PACIFIC ROSE 1,,MT MONT BLANC I,LEYTE,LEYTE_VISPET,UNDOCKING,,,,,,,
12/20/2024,06:00,12/20/2024,06:55,AMATA MARU,,MT AVA,DAVAO,DAVAO_INSULAR OIL,DOCKING,,,345,,,,
12/20/2024,06:00,12/20/2024,06:55,PANAY GULF,,MT AVA,DAVAO,DAVAO_INSULAR OIL,DOCKING,,,345,,,,
12/20/2024,06:50,12/20/2024,17:00,LAKANDULA,,MT AVA,DAVAO,DAVAO_INSULAR OIL,TENDING,,,345,,,,
12/20/2024,08:20,12/20/2024,10:40,AMATA MARU,,MV LOWLANDS LUCK,DAVAO,DAVAO_LEGASPI OIL,DOCKING,,,7,,,,
12/20/2024,08:50,12/20/2024,11:15,BOHOL SEA,,MV LOWLANDS LUCK,DAVAO,DAVAO_LEGASPI OIL,DOCKING,,,7,,,,
12/20/2024,09:00,12/20/2024,10:50,CEBU STRAIT,,MV LOWLANDS LUCK,DAVAO,DAVAO_LEGASPI OIL,DOCKING,,,7,,,,
12/20/2024,09:25,12/20/2024,10:40,PACIFIC ROSE 6,,MT SEAWAYS ROSE,CDO,CDO_PDOC,UNDOCKING,,,,,,,
12/20/2024,09:30,12/20/2024,10:35,PACIFICROSE 11,,MT SEAWAYS ROSE,CDO,CDO_PDOC,UNDOCKING,,,,,,,
12/20/2024,09:35,12/20/2024,10:35,PACIFIC ROSE 3,,MT SEAWAYS ROSE,CDO,CDO_PDOC,UNDOCKING,,,,,,,
12/20/2024,11:05,12/20/2024,12:05,HOKUTO,,MT DIAMOND EXPRESS,CEBU,CEBU_SPEC PITALO,UNDOCKING,,,,,,,
12/20/2024,11:05,12/20/2024,12:05,NHTC 5,,MT DIAMOND EXPRESS,CEBU,CEBU_SPEC PITALO,UNDOCKING,,,,,,,
12/20/2024,11:05,12/20/2024,12:10,TABANGAO,,MT DIAMOND EXPRESS,CEBU,CEBU_SPEC PITALO,UNDOCKING,,,,,,,
12/20/2024,12:15,12/20/2024,13:45,TABANGAO,,MT CENTENNIAL MATSUYAMA,CEBU,CEBU_SPEC PITALO,DOCKING,,,,,,,
12/20/2024,12:19,12/20/2024,13:45,HOKUTO,,MT CENTENNIAL MATSUYAMA,CEBU,CEBU_SPEC PITALO,DOCKING,,,,,,,
12/20/2024,12:19,12/20/2024,13:45,NHTC 5,,MT CENTENNIAL MATSUYAMA,CEBU,CEBU_SPEC PITALO,DOCKING,,,,,,,
12/20/2024,12:25,12/20/2024,13:30,PACIFIC ROSE 14,,MT MARINGAL,CEBU,CEBU_SRDC LAPU LAPU,DOCKING,,,295,,,,
12/20/2024,12:30,12/20/2024,13:30,SIDE ARM,,MT MARINGAL,CEBU,CEBU_SRDC LAPU LAPU,DOCKING,,,295,1.00,#DIV/0!,,
12/20/2024,12:58,12/20/2024,13:50,CEBU MOORING BOAT,,MT MARINGAL,CEBU,CEBU_SRDC LAPU LAPU,MOORING,,,295,,,,
12/20/2024,13:45,12/21/2024,10:50,TABANGAO,,MT CENTENNIAL MATSUYAMA,CEBU,CEBU_SPEC PITALO,TENDING,,,,,,,
12/20/2024,13:50,12/21/2024,10:55,HOKUTO,,MT CENTENNIAL MATSUYAMA,CEBU,CEBU_SPEC PITALO,TENDING,,,,,,,
12/20/2024,16:30,12/20/2024,17:45,PANAY GULF,,MV SUNRISE 69,DAVAO,DAVAO_KUDOS,UNDOCKING,,,,,,,
12/20/2024,16:45,12/20/2024,18:00,BOHOL SEA,,MV SUNRISE 69,DAVAO,DAVAO_KUDOS,UNDOCKING,,,,,,,
12/20/2024,17:40,12/20/2024,18:55,AMATA MARU,,MT AVA,DAVAO,DAVAO_INSULAR OIL,UNDOCKING,,,345,,,,
12/20/2024,17:45,12/20/2024,18:45,PANAY GULF,,MT AVA,DAVAO,DAVAO_INSULAR OIL,UNDOCKING,,,345,,,,
12/21/2024,05:30,12/21/2024,07:55,BOHOL SEA,,MT LUCKY MAY,DAVAO,DAVAO_INSULAR OIL,DOCKING,,,,,,,
12/21/2024,05:30,12/21/2024,07:50,PANAY GULF,,MT LUCKY MAY,DAVAO,DAVAO_INSULAR OIL,DOCKING,,,,,,,
12/21/2024,05:35,12/21/2024,07:40,CEBU STRAIT,,MT LUCKY MAY,DAVAO,DAVAO_INSULAR OIL,DOCKING,,,,,,,
12/21/2024,06:07,12/21/2024,06:49,TUG 20,,MT PANGLAO ISLAND,JIMENEZ,JIMENEZ_SRDC JIMENEZ,DOCKING,,,886,,,,
12/21/2024,07:30,12/22/2024,19:36,CEBU STRAIT,,MT LUCKY MAY,DAVAO,DAVAO_INSULAR OIL,TENDING,,,,,,,
12/21/2024,07:35,12/22/2024,20:00,LAKANDULA,,MT LUCKY MAY,DAVAO,DAVAO_INSULAR OIL,TENDING,,,,,,,
12/21/2024,08:00,12/21/2024,09:25,AMATA MARU,,MT AVA,DAVAO,DAVAO_SRDC SASA,DOCKING,,,345,,,,
12/21/2024,08:00,12/21/2024,09:15,PANAY GULF,,MT AVA,DAVAO,DAVAO_SRDC SASA,DOCKING,,,345,,,,
12/21/2024,08:00,12/21/2024,09:00,SIDE ARM,,MT MARINGAL,CEBU,CEBU_SRDC LAPU LAPU,UNDOCKING,,,295,,,,
12/21/2024,08:20,12/21/2024,08:55,PACIFIC ROSE 9,,MT MARINGAL,CEBU,CEBU_SRDC LAPU LAPU,UNDOCKING,,,295,0.58,#DIV/0!,,
12/21/2024,08:50,12/21/2024,09:50,CEBU MOORING BOAT,,MT MARINGAL,CEBU,CEBU_SRDC LAPU LAPU,UNMOORING,,,295,,,,
12/21/2024,10:50,12/21/2024,12:10,TABANGAO,,MT CENTENNIAL MATSUYAMA,CEBU,CEBU_SPEC PITALO,UNDOCKING,,,,,,,
12/21/2024,11:00,12/21/2024,12:35,HOKUTO,,MT CENTENNIAL MATSUYAMA,CEBU,CEBU_SPEC PITALO,UNDOCKING,,,,,,,
12/21/2024,11:00,12/21/2024,12:35,NHTC 5,,MT CENTENNIAL MATSUYAMA,CEBU,CEBU_SPEC PITALO,UNDOCKING,,,,,,,
12/21/2024,17:30,12/21/2024,19:50,PANAY GULF,,MV SUNRISE 69,DAVAO,DAVAO_KUDOS,DOCKING,,,,,,,
12/21/2024,17:40,12/21/2024,19:40,BOHOL SEA,,MV SUNRISE 69,DAVAO,DAVAO_KUDOS,DOCKING,,,,2.00,#DIV/0!,,
12/21/2024,20:15,12/21/2024,21:15,AMATA MARU,,MT AVA,DAVAO,DAVAO_INSULAR OIL,UNDOCKING,,,345,,,,
12/21/2024,20:20,12/21/2024,21:05,PANAY GULF,,MT AVA,DAVAO,DAVAO_INSULAR OIL,UNDOCKING,,,345,,,,
12/22/2024,07:30,12/22/2024,14:50,PANAY GULF,,MT JOY 120,DAVAO,DAVAO_STA ANA ANCHORAGE,TOWING,,,,,,,
12/22/2024,13:00,12/22/2024,15:00,AMATA MARU,,NTC HERON,DAVAO,DAVAO_PETRON SASA,DOCKING,,,,2.00,#DIV/0!,,
12/22/2024,13:00,12/22/2024,15:10,BOHOL SEA,,NTC HERON,DAVAO,DAVAO_PETRON SASA,DOCKING,,,,,,,
12/22/2024,19:30,12/22/2024,20:35,BOHOL SEA,,MT LUCKY MAY,DAVAO,DAVAO_INSULAR OIL,UNDOCKING,,,,,,,
12/22/2024,19:30,12/22/2024,20:40,CEBU STRAIT,,MT LUCKY MAY,DAVAO,DAVAO_INSULAR OIL,UNDOCKING,,,,,,,
12/22/2024,19:35,12/22/2024,20:25,PANAY GULF,,MT LUCKY MAY,DAVAO,DAVAO_INSULAR OIL,UNDOCKING,,,,,,,
12/23/2024,03:46,12/23/2024,06:50,PANAY GULF,,MT SEAWAYS ROSE,DAVAO,DAVAO_INSULAR OIL,DOCKING,,,,,,,
12/23/2024,04:10,12/23/2024,06:45,AMATA MARU,,MT SEAWAYS ROSE,DAVAO,DAVAO_INSULAR OIL,DOCKING,,,,,,,
12/23/2024,04:20,12/23/2024,06:50,CEBU STRAIT,,MT SEAWAYS ROSE,DAVAO,DAVAO_INSULAR OIL,DOCKING,,,,,,,
12/23/2024,06:40,12/24/2024,07:45,LAKANDULA,,MT SEAWAYS ROSE,DAVAO,DAVAO_INSULAR OIL,TENDING,,,,,,,
12/23/2024,07:00,12/24/2024,07:50,BOHOL SEA,,MT SEAWAYS ROSE,DAVAO,DAVAO_INSULAR OIL,TENDING,,,,,,,
12/23/2024,08:00,12/23/2024,09:40,NHTC 5,,MT JEWEL FAITH,CEBU,CEBU_ARCTURA,DOCKING,,,,,,,
12/23/2024,13:20,12/23/2024,14:20,PANAY GULF,,MV SUNRISE 69,DAVAO,DAVAO_KUDOS,UNDOCKING,,,,,,,
12/23/2024,13:25,12/23/2024,14:40,CEBU STRAIT,,MV SUNRISE 69,DAVAO,DAVAO_KUDOS,UNDOCKING,,,,,,,
12/23/2024,14:20,12/23/2024,15:30,AMATA MARU,,NTC HERON,DAVAO,DAVAO_PETRON SASA,UNDOCKING,,,,,,,
12/23/2024,14:20,12/23/2024,15:35,PANAY GULF,,NTC HERON,DAVAO,DAVAO_PETRON SASA,UNDOCKING,,,,,,,
12/23/2024,16:00,12/23/2024,18:00,BATANGAS MOORING BOAT,,MT MALINGAP,BATANGAS,BATANGAS_SRDC BATANGAS,MOORING,,,369,,,,
12/23/2024,16:00,12/23/2024,18:00,CHOKWANG,,MT MALINGAP,BATANGAS,BATANGAS_SRDC BATANGAS,DOCKING,,,369,,,,
12/24/2024,02:50,12/24/2024,05:20,BATANGAS MOORING BOAT,,MT MARINGAL,BATANGAS,BATANGAS_SRDC BATANGAS,MOORING,,,296,,,,
12/24/2024,02:50,12/24/2024,05:20,CHOKWANG,,MT MARINGAL,BATANGAS,BATANGAS_SRDC BATANGAS,DOCKING,,,296,,,,
12/24/2024,02:55,12/24/2024,04:55,BAUAN,,MT MARINGAL,BATANGAS,BATANGAS_SRDC BATANGAS,DOCKING,,,296,,,,
12/24/2024,07:50,12/24/2024,09:15,BOHOL SEA,,MT SEAWAYS ROSE,DAVAO,DAVAO_INSULAR OIL,UNDOCKING,,,,,,,
12/24/2024,07:50,12/24/2024,08:40,CEBU STRAIT,,MT SEAWAYS ROSE,DAVAO,DAVAO_INSULAR OIL,UNDOCKING,,,,,,,
12/24/2024,07:50,12/24/2024,09:00,PANAY GULF,,MT SEAWAYS ROSE,DAVAO,DAVAO_INSULAR OIL,UNDOCKING,,,,,,,
12/24/2024,08:30,12/24/2024,10:00,AMATA MARU,,MT AVA,DAVAO,DAVAO_INSULAR OIL,DOCKING,,,346,,,,
12/24/2024,08:50,12/24/2024,09:40,CEBU STRAIT,,MT AVA,DAVAO,DAVAO_INSULAR OIL,DOCKING,,,346,,,,
12/24/2024,09:30,12/24/2024,21:25,LAKANDULA,,MT AVA,DAVAO,DAVAO_INSULAR OIL,TENDING,,,346,,,,
12/24/2024,15:55,12/24/2024,16:40,BATANGAS MOORING BOAT,,MT MALINGAP,BATANGAS,BATANGAS_SRDC BATANGAS,UNMOORING,,,369,,,,
12/24/2024,15:55,12/24/2024,16:40,CHOKWANG,,MT MALINGAP,BATANGAS,BATANGAS_SRDC BATANGAS,UNDOCKING,,,369,,,,
12/24/2024,21:40,12/24/2024,22:25,AMATA MARU,,MT AVA,DAVAO,DAVAO_INSULAR OIL,UNDOCKING,,,346,,,,
12/24/2024,21:40,12/24/2024,22:25,PANAY GULF,,MT AVA,DAVAO,DAVAO_INSULAR OIL,UNDOCKING,,,346,,,,
12/25/2024,05:45,12/25/2024,07:25,BATANGAS MOORING BOAT,,MT MARINGAL,BATANGAS,BATANGAS_SRDC BATANGAS,UNMOORING,,,296,,,,
12/25/2024,05:45,12/25/2024,07:45,CHOKWANG,,MT MARINGAL,BATANGAS,BATANGAS_SRDC BATANGAS,UNDOCKING,,,296,,,,
12/25/2024,05:55,12/25/2024,07:25,BAUAN,,MT MARINGAL,BATANGAS,BATANGAS_SRDC BATANGAS,UNDOCKING,,,296,,,,
12/25/2024,19:00,12/25/2024,20:30,AMATA MARU,PHIL-CEB MARINE SERVICES INC.,LORCON GENERAL SANTOS,DAVAO,DAVAO_SASA PORT,DOCKING,,,,,,,
12/25/2024,19:05,12/25/2024,20:30,CEBU STRAIT,PHIL-CEB MARINE SERVICES INC.,LORCON GENERAL SANTOS,DAVAO,DAVAO_SASA PORT,DOCKING,,,,,,,
12/26/2024,05:50,12/26/2024,06:50,AMATA MARU,,MT AVA,DAVAO,DAVAO_SRDC SASA,DOCKING,,,346,,,,
12/26/2024,05:50,12/26/2024,07:05,PANAY GULF,,MT AVA,DAVAO,DAVAO_SRDC SASA,DOCKING,,,346,,,,
12/26/2024,07:00,12/26/2024,08:20,AMATA MARU,,MTKR MARISEL,DAVAO,DAVAO_PHOENIX SASA,DOCKING,,,,,,,
12/26/2024,08:10,12/26/2024,10:40,ANRIA,,MT ESPADA,LEYTE,LEYTE_VISPET,DOCKING,,,,,,,
12/26/2024,14:35,12/26/2024,15:50,AMATA MARU,,NTC FLAMINGO,DAVAO,DAVAO_PETRON SASA,DOCKING,,,,,,,
12/26/2024,14:45,12/26/2024,15:45,PANAY GULF,,NTC FLAMINGO,DAVAO,DAVAO_PETRON SASA,DOCKING,,,,,,,
12/27/2024,00:25,12/27/2024,01:35,CEBU STRAIT,PHIL-CEB MARINE SERVICES INC.,LORCON GENERAL SANTOS,DAVAO,DAVAO_SASA PORT,UNDOCKING,,,,,,,
12/27/2024,00:30,12/27/2024,02:00,AMATA MARU,,MTKR MARISEL,DAVAO,DAVAO_PHOENIX SASA,UNDOCKING,,,,,,,
12/27/2024,00:30,12/27/2024,01:30,BOHOL SEA,PHIL-CEB MARINE SERVICES INC.,LORCON GENERAL SANTOS,DAVAO,DAVAO_SASA PORT,UNDOCKING,,,,,,,
12/27/2024,03:40,12/27/2024,05:10,PANAY GULF,,MT AVA,DAVAO,DAVAO_SRDC SASA,UNDOCKING,,,346,,,,
12/27/2024,03:50,12/27/2024,05:10,AMATA MARU,,MT AVA,DAVAO,DAVAO_SRDC SASA,UNDOCKING,,,346,,,,
12/27/2024,04:30,12/27/2024,05:50,BOHOL SEA,,NTC FLAMINGO,DAVAO,DAVAO_PETRON SASA,UNDOCKING,,,,,,,
12/27/2024,04:50,12/27/2024,05:45,CEBU STRAIT,,NTC FLAMINGO,DAVAO,DAVAO_PETRON SASA,UNDOCKING,,,,,,,
12/27/2024,07:30,12/27/2024,08:50,ANRIA,,MT ESPADA,LEYTE,LEYTE_VISPET,UNDOCKING,,,,,,,
12/27/2024,10:15,12/27/2024,12:00,BATANGAS MOORING BOAT,,MT PANGLAO ISLAND,BATANGAS,BATANGAS_SRDC BATANGAS,MOORING,,,887,,,,
12/27/2024,10:15,12/27/2024,12:00,CHOKWANG,,MT PANGLAO ISLAND,BATANGAS,BATANGAS_SRDC BATANGAS,DOCKING,,,887,,,,
12/27/2024,19:00,12/27/2024,20:55,BOHOL SEA,,MV TUAN DUNG 36,DAVAO,DAVAO_KUDOS,DOCKING,,,,,,,
12/27/2024,19:10,12/27/2024,21:05,CEBU STRAIT,,MV TUAN DUNG 36,DAVAO,DAVAO_KUDOS,DOCKING,,,,,,,
12/28/2024,02:30,12/28/2024,11:20,BOHOL SEA,,MV HC GLORY,DAVAO,DAVAO_THERMA SOUTH,DOCKING,,,,,,,
12/28/2024,02:30,12/28/2024,11:15,PANAY GULF,,MV HC GLORY,DAVAO,DAVAO_THERMA SOUTH,DOCKING,,,,,,,
12/28/2024,07:20,12/28/2024,08:50,AMATA MARU,,MT AVA,DAVAO,DAVAO_INSULAR OIL,DOCKING,,,347,,,,
12/28/2024,07:25,12/28/2024,08:45,CEBU STRAIT,,MT AVA,DAVAO,DAVAO_INSULAR OIL,DOCKING,,,347,,,,
12/28/2024,07:30,12/28/2024,08:25,BATANGAS MOORING BOAT,,MT PANGLAO ISLAND,BATANGAS,BATANGAS_SRDC BATANGAS,UNMOORING,,,887,,,,
12/28/2024,07:30,12/28/2024,08:25,CHOKWANG,,MT PANGLAO ISLAND,BATANGAS,BATANGAS_SRDC BATANGAS,UNDOCKING,,,887,,,,
12/28/2024,08:35,12/28/2024,17:00,LAKANDULA,,MT AVA,DAVAO,DAVAO_INSULAR OIL,TENDING,,,347,,,,
12/28/2024,14:40,12/28/2024,15:55,ISLANDER,,MT BULUSAN II,SUBIC,SUBIC_PPC TERMINAL,DOCKING,,,,,,,
12/28/2024,17:00,12/28/2024,18:15,BOHOL SEA,,MT AVA,DAVAO,DAVAO_INSULAR OIL,UNDOCKING,,V-347,347,,,,
12/28/2024,17:25,12/28/2024,18:10,PANAY GULF,,MT AVA,DAVAO,DAVAO_INSULAR OIL,UNDOCKING,,,347,,,,
12/28/2024,21:45,12/28/2024,22:45,ISLANDER,,MT BULUSAN II,SUBIC,SUBIC_PPC TERMINAL,UNDOCKING,,,,,,,
12/28/2024,21:45,12/28/2024,22:45,MANGYAN,,MT BULUSAN II,SUBIC,SUBIC_PPC TERMINAL,UNDOCKING,,,,,,,
12/28/2024,22:45,12/28/2024,23:35,MANGYAN,,MT BULUSAN,SUBIC,SUBIC_COASTAL,DOCKING,,,,,,,
12/28/2024,22:46,12/28/2024,23:35,ISLANDER,,MT BULUSAN,SUBIC,SUBIC_COASTAL,DOCKING,,,,,,,
12/29/2024,05:35,12/29/2024,06:50,AMATA MARU,,MT AVA,DAVAO,DAVAO_SRDC SASA,DOCKING,,,347,,,,
12/29/2024,05:40,12/29/2024,06:50,PANAY GULF,,MT AVA,DAVAO,DAVAO_SRDC SASA,DOCKING,,,347,,,,
12/29/2024,10:55,12/29/2024,15:35,AMATA MARU,,MT MARAN GAS PSARA,DAVAO,DAVAO_STA ANA ANCHORAGE,FERRY SERVICE,,,,,,,
12/29/2024,13:55,12/29/2024,15:15,CEBU STRAIT,,MV LOWLANDS LUCK,DAVAO,DAVAO_LEGASPI OIL,UNDOCKING,,,7,,,,
12/29/2024,14:00,12/29/2024,15:15,BOHOL SEA,,MV LOWLANDS LUCK,DAVAO,DAVAO_LEGASPI OIL,UNDOCKING,,,7,,,,
12/29/2024,14:15,12/29/2024,15:05,PANAY GULF,,MV LOWLANDS LUCK,DAVAO,DAVAO_LEGASPI OIL,UNDOCKING,,,7,,,,
12/29/2024,17:00,12/29/2024,17:50,ISLANDER,,MT BULUSAN,SUBIC,SUBIC_COASTAL,UNDOCKING,,,,,,,
12/29/2024,19:25,12/29/2024,20:10,AMATA MARU,,MT AVA,DAVAO,DAVAO_SRDC SASA,UNDOCKING,,,347,,,,
12/29/2024,19:25,12/29/2024,20:15,CEBU STRAIT,,MT AVA,DAVAO,DAVAO_SRDC SASA,UNDOCKING,,,347,,,,
12/30/2024,07:30,12/30/2024,09:15,BOHOL SEA,,SL TINDALO,DAVAO,DAVAO_PETRON SASA,DOCKING,,,,,,,
12/30/2024,07:45,12/30/2024,09:10,AMATA MARU,,SL TINDALO,DAVAO,DAVAO_PETRON SASA,DOCKING,,,,,,,
12/30/2024,11:30,12/30/2024,12:40,BOHOL SEA,,MT AVA,DAVAO,DAVAO_INSULAR OIL,DOCKING,,,348,,,,
12/30/2024,11:35,12/30/2024,12:40,CEBU STRAIT,,MT AVA,DAVAO,DAVAO_INSULAR OIL,DOCKING,,,348,,,,
12/30/2024,13:15,12/30/2024,22:40,AMATA MARU,,MT AVA,DAVAO,DAVAO_INSULAR OIL,TENDING,,,348,,,,
12/30/2024,15:05,12/30/2024,17:25,BATANGAS MOORING BOAT,,MT MARINGAL,BATANGAS,BATANGAS_SRDC BATANGAS,MOORING,,,297,,,,
12/30/2024,15:05,12/30/2024,17:25,CHOKWANG,,MT MARINGAL,BATANGAS,BATANGAS_SRDC BATANGAS,DOCKING,,,297,,,,
12/30/2024,15:35,12/30/2024,17:40,PANAY GULF,,SL TINDALO,DAVAO,DAVAO_PETRON SASA,UNDOCKING,,,,,,,
12/30/2024,16:50,12/30/2024,17:30,BOHOL SEA,,SL TINDALO,DAVAO,DAVAO_PETRON SASA,UNDOCKING,,,,,,,
12/30/2024,22:20,12/30/2024,23:25,PANAY GULF,,MT AVA,DAVAO,DAVAO_INSULAR OIL,UNDOCKING,,,348,,,,
12/30/2024,22:35,12/30/2024,23:10,AMATA MARU,,MT AVA,DAVAO,DAVAO_INSULAR OIL,UNDOCKING,,,348,,,,
12/30/2024,23:20,12/31/2024,02:50,CHOKWANG,,MT MAGINOO,BATANGAS,BATANGAS_PETRON MABINI,DOCKING,,,,,,,
12/31/2024,06:20,12/31/2024,07:40,BATANGAS MOORING BOAT,,MT MARINGAL,BATANGAS,BATANGAS_SRDC BATANGAS,MOORING,,Shifting,297,,,,
12/31/2024,06:20,12/31/2024,07:40,BATANGAS MOORING BOAT,,MT MARINGAL,BATANGAS,BATANGAS_SRDC BATANGAS,UNMOORING,,Shifting,297,,,,
12/31/2024,06:20,12/31/2024,07:40,CHOKWANG,,MT MARINGAL,BATANGAS,BATANGAS_SRDC BATANGAS,SHIFTING,,,297,,,,
12/31/2024,12:00,12/31/2024,14:00,CHOKWANG,,MT MAGINOO,BATANGAS,BATANGAS_PETRON MABINI,UNDOCKING,,,,,,,
12/31/2024,12:15,12/31/2024,13:40,AMATA MARU,,MV DONG THINH,DAVAO,DAVAO_KUDOS,UNDOCKING,,,,,,,
12/31/2024,12:30,12/31/2024,13:45,BOHOL SEA,,MV DONG THINH,DAVAO,DAVAO_KUDOS,UNDOCKING,,,,,,,
12/31/2024,16:20,12/31/2024,18:55,SUN JIN NO.505,,MT MALINGAP,BATANGAS,BATANGAS_SRDC BATANGAS,DOCKING,,,370,,,,
12/31/2024,17:00,12/31/2024,18:55,BATANGAS MOORING BOAT,,MT MALINGAP,BATANGAS,BATANGAS_SRDC BATANGAS,MOORING,,,370,,,,
12/31/2024,17:00,12/31/2024,19:15,CHOKWANG,,MT MALINGAP,BATANGAS,BATANGAS_SRDC BATANGAS,DOCKING,,,370,,,,
12/31/2024,20:40,12/31/2024,22:10,BATANGAS MOORING BOAT,,MT MARINGAL,BATANGAS,BATANGAS_SRDC BATANGAS,UNMOORING,,,297,,,,
12/31/2024,20:40,12/31/2024,22:10,SUN JIN NO.505,,MT MARINGAL,BATANGAS,BATANGAS_SRDC BATANGAS,UNDOCKING,,,297,,,,
01/01/2025,05:20,01/01/2025,07:00,BATANGAS MOORING BOAT,,MT MALINGAP,BATANGAS,BATANGAS_SRDC BATANGAS,UNMOORING,,,370,,,,
01/01/2025,05:20,01/01/2025,06:40,CHOKWANG,,MT MALINGAP,BATANGAS,BATANGAS_SRDC BATANGAS,UNDOCKING,,,370,,,,
01/01/2025,05:20,01/01/2025,07:05,SUN JIN NO.505,,MT MALINGAP,BATANGAS,BATANGAS_SRDC BATANGAS,UNDOCKING,,,370,,,,
01/01/2025,06:40,01/01/2025,07:50,BATANGAS MOORING BOAT,,MT PANGLAO ISLAND,BATANGAS,BATANGAS_SRDC BATANGAS,MOORING,,,888,,,,
01/01/2025,06:40,01/01/2025,07:50,CHOKWANG,,MT PANGLAO ISLAND,BATANGAS,BATANGAS_SRDC BATANGAS,DOCKING,,,888,,,,
01/02/2025,03:10,01/02/2025,10:50,BOHOL SEA,,MV HC GLORY,DAVAO,DAVAO_THERMA SOUTH,UNDOCKING,,,,,,,
01/02/2025,03:30,01/02/2025,10:45,PANAY GULF,,MV HC GLORY,DAVAO,DAVAO_THERMA SOUTH,UNDOCKING,,,,,,,
01/02/2025,05:30,01/02/2025,06:40,BATANGAS MOORING BOAT,,MT PANGLAO ISLAND,BATANGAS,BATANGAS_SRDC BATANGAS,UNMOORING,,,888,,,,
01/02/2025,05:30,01/02/2025,06:40,SUN JIN NO.505,,MT PANGLAO ISLAND,BATANGAS,BATANGAS_SRDC BATANGAS,UNDOCKING,,,888,,,,
01/02/2025,11:20,01/02/2025,13:30,CHOKWANG,,MT MAALAB,BATANGAS,BATANGAS_PETRON MABINI,DOCKING,,,,,,,
01/02/2025,13:35,01/02/2025,15:00,NHTC 5,SITE RESOURCES DEVELOPMENT CORPORATION,MT MARINGAL,CEBU,CEBU_SRDC LAPU LAPU,DOCKING,,,297,,,,
01/02/2025,13:40,01/02/2025,14:50,PACIFIC ROSE 14,SITE RESOURCES DEVELOPMENT CORPORATION,MT MARINGAL,CEBU,CEBU_SRDC LAPU LAPU,DOCKING,,,297,,,,
01/02/2025,14:30,01/02/2025,15:12,CEBU MOORING BOAT,,MT MARINGAL,CEBU,CEBU_SRDC LAPU LAPU,MOORING,,,297,,,,
01/03/2025,00:30,01/03/2025,01:30,NHTC 5,SITE RESOURCES DEVELOPMENT CORPORATION,MT MARINGAL,CEBU,CEBU_SRDC LAPU LAPU,UNDOCKING,,,297,,,,
01/03/2025,00:35,01/03/2025,01:25,PACIFIC ROSE 14,SITE RESOURCES DEVELOPMENT CORPORATION,MT MARINGAL,CEBU,CEBU_SRDC LAPU LAPU,UNDOCKING,,,297,,,,
01/03/2025,01:11,01/03/2025,02:11,CEBU MOORING BOAT,,MT MARINGAL,CEBU,CEBU_SRDC LAPU LAPU,UNMOORING,,,297,,,,
01/03/2025,05:55,01/03/2025,07:15,AMATA MARU,,MT AVA,DAVAO,DAVAO_SRDC SASA,DOCKING,,,348,,,,
01/03/2025,06:00,01/03/2025,07:20,BOHOL SEA,,MT AVA,DAVAO,DAVAO_SRDC SASA,DOCKING,,VOY-348,348,,,,
01/03/2025,08:25,01/03/2025,10:45,SUN JIN NO.505,,MT MAALAB,BATANGAS,BATANGAS_PETRON MABINI,UNDOCKING,,,,,,,
01/03/2025,10:20,01/03/2025,11:20,PACIFIC ROSE 14,SITE RESOURCES DEVELOPMENT CORPORATION,MT PANGLAO ISLAND,CEBU,CEBU_SRDC LAPU LAPU,DOCKING,,,888,,,,
01/03/2025,10:25,01/03/2025,11:25,NHTC 5,SITE RESOURCES DEVELOPMENT CORPORATION,MT PANGLAO ISLAND,CEBU,CEBU_SRDC LAPU LAPU,DOCKING,,,888,,,,
01/03/2025,10:57,01/03/2025,11:27,CEBU MOORING BOAT,,MT PANGLAO ISLAND,CEBU,CEBU_SRDC LAPU LAPU,MOORING,,,888,,,,
01/03/2025,19:30,01/03/2025,21:35,PANAY GULF,,MT AVA,DAVAO,DAVAO_SRDC SASA,UNDOCKING,,,348,,,,
01/03/2025,19:40,01/03/2025,21:30,AMATA MARU,,MT AVA,DAVAO,DAVAO_SRDC SASA,UNDOCKING,,,348,,,,
01/04/2025,00:30,01/04/2025,01:30,NHTC 5,SITE RESOURCES DEVELOPMENT CORPORATION,MT PANGLAO ISLAND,CEBU,CEBU_SRDC LAPU LAPU,UNDOCKING,,,888,,,,
01/04/2025,00:50,01/04/2025,01:20,PACIFIC ROSE 14,SITE RESOURCES DEVELOPMENT CORPORATION,MT PANGLAO ISLAND,CEBU,CEBU_SRDC LAPU LAPU,UNDOCKING,,,888,,,,
01/04/2025,01:06,01/04/2025,02:06,CEBU MOORING BOAT,,MT PANGLAO ISLAND,CEBU,CEBU_SRDC LAPU LAPU,UNMOORING,,,888,,,,
01/04/2025,13:50,01/04/2025,15:00,AMATA MARU,,MT AVA,DAVAO,DAVAO_INSULAR OIL,DOCKING,,,349,1.17,#DIV/0!,,
01/04/2025,13:50,01/04/2025,14:55,CEBU STRAIT,,MT AVA,DAVAO,DAVAO_INSULAR OIL,DOCKING,,,349,1.08,#DIV/0!,,
01/04/2025,14:55,01/05/2025,00:36,AMATA MARU,,MT AVA,DAVAO,DAVAO_INSULAR OIL,TENDING,,,349,,,,
01/05/2025,00:30,01/05/2025,01:35,AMATA MARU,,MT AVA,DAVAO,DAVAO_INSULAR OIL,UNDOCKING,,,349,,,,
01/05/2025,00:35,01/05/2025,01:30,PANAY GULF,,MT AVA,DAVAO,DAVAO_INSULAR OIL,UNDOCKING,,,349,,,,
01/05/2025,12:50,01/05/2025,15:30,CEBU STRAIT,,MT THERESA DUA,DAVAO,DAVAO_DBCOM,DOCKING,,,,,,,
01/05/2025,13:00,01/05/2025,15:35,BOHOL SEA,,MT THERESA DUA,DAVAO,DAVAO_DBCOM,DOCKING,,,,,,,
01/05/2025,13:00,01/05/2025,15:25,PANAY GULF,,MT THERESA DUA,DAVAO,DAVAO_DBCOM,DOCKING,,,,2.42,#DIV/0!,,
01/06/2025,04:20,01/06/2025,05:45,AMATA MARU,,MT MARINGAL,DAVAO,DAVAO_SRDC SASA,DOCKING,,,297,,,,
01/06/2025,04:20,01/06/2025,05:45,DAVAO MOORING BOAT,,MT MARINGAL,DAVAO,DAVAO_SRDC SASA,MOORING,,,297,,,,
01/06/2025,04:20,01/06/2025,05:45,PANAY GULF,,MT MARINGAL,DAVAO,DAVAO_SRDC SASA,DOCKING,,,297,1.42,#DIV/0!,,
01/06/2025,17:15,01/06/2025,19:20,BATANGAS MOORING BOAT,,MT PANGLAO ISLAND,BATANGAS,BATANGAS_SRDC BATANGAS,MOORING,,,889,,,,
01/06/2025,17:15,01/06/2025,19:20,CHOKWANG,,MT PANGLAO ISLAND,BATANGAS,BATANGAS_SRDC BATANGAS,DOCKING,,,889,,,,
01/06/2025,21:30,01/06/2025,22:40,BOHOL SEA,,MT MARINGAL,DAVAO,DAVAO_SRDC SASA,UNDOCKING,,V-297,297,,,,
01/06/2025,21:30,01/06/2025,22:30,DAVAO MOORING BOAT,,MT MARINGAL,DAVAO,DAVAO_SRDC SASA,UNMOORING,,,297,,,,
01/06/2025,21:45,01/06/2025,22:50,CEBU STRAIT,,MT MARINGAL,DAVAO,DAVAO_SRDC SASA,UNDOCKING,,,297,,,,
01/07/2025,01:30,01/07/2025,03:15,PANAY GULF,,MT THERESA DUA,DAVAO,DAVAO_DBCOM,UNDOCKING,,,,,,,
01/07/2025,01:50,01/07/2025,03:50,BOHOL SEA,,MT THERESA DUA,DAVAO,DAVAO_DBCOM,UNDOCKING,,,,,,,
01/07/2025,01:50,01/07/2025,03:15,CEBU STRAIT,,MT THERESA DUA,DAVAO,DAVAO_DBCOM,UNDOCKING,,,,,,,
01/07/2025,04:00,01/07/2025,06:50,AMATA MARU,,MT QUI CHI,DAVAO,DAVAO_INSULAR OIL,DOCKING,,,,,,,
01/07/2025,04:30,01/07/2025,06:45,PANAY GULF,,MT QUI CHI,DAVAO,DAVAO_INSULAR OIL,DOCKING,,,,,,,
01/07/2025,04:45,01/07/2025,06:45,CEBU STRAIT,,MT QUI CHI,DAVAO,DAVAO_INSULAR OIL,DOCKING,,,,,,,
01/07/2025,06:30,01/08/2025,19:30,CEBU STRAIT,,MT QUI CHI,DAVAO,DAVAO_INSULAR OIL,TENDING,,,,,,,
01/07/2025,07:00,01/08/2025,19:30,BOHOL SEA,,MT QUI CHI,DAVAO,DAVAO_INSULAR OIL,TENDING,,,,,,,
01/07/2025,07:40,01/07/2025,09:15,ANSTEF,INSULAR OIL CORPORATION,MT CASANDRA,LEYTE,LEYTE_VISPET,DOCKING,,,,,,,
01/07/2025,16:30,01/07/2025,17:25,BATANGAS MOORING BOAT,,MT PANGLAO ISLAND,BATANGAS,BATANGAS_SRDC BATANGAS,UNMOORING,,,889,,,,
01/07/2025,16:30,01/07/2025,17:25,SUN JIN NO.505,,MT PANGLAO ISLAND,BATANGAS,BATANGAS_SRDC BATANGAS,UNDOCKING,,,889,,,,
01/08/2025,04:35,01/08/2025,06:40,AMATA MARU,PHIL-CEB MARINE SERVICES INC.,MV LORCON DUMAGUETE,DAVAO,DAVAO_SASA PORT,DOCKING,,,,,,,
01/08/2025,05:15,01/08/2025,06:30,PANAY GULF,PHIL-CEB MARINE SERVICES INC.,MV LORCON DUMAGUETE,DAVAO,DAVAO_SASA PORT,DOCKING,,,,,,,
01/08/2025,09:55,01/08/2025,10:30,ANSTEF,INSULAR OIL CORPORATION,MT CASANDRA,LEYTE,LEYTE_VISPET,UNDOCKING,,,,,,,
01/08/2025,19:05,01/08/2025,20:40,AMATA MARU,,MT QUI CHI,DAVAO,DAVAO_INSULAR OIL,UNDOCKING,,,,,,,
01/08/2025,19:20,01/08/2025,20:25,CEBU STRAIT,,MT QUI CHI,DAVAO,DAVAO_INSULAR OIL,UNDOCKING,,,,,,,
01/08/2025,19:20,01/08/2025,20:30,PANAY GULF,,MT QUI CHI,DAVAO,DAVAO_INSULAR OIL,UNDOCKING,,,,,,,
01/08/2025,21:30,01/08/2025,22:45,AMATA MARU,PHIL-CEB MARINE SERVICES INC.,MV LORCON DUMAGUETE,DAVAO,DAVAO_SASA PORT,UNDOCKING,,,,,,,
01/08/2025,21:35,01/08/2025,22:45,PANAY GULF,PHIL-CEB MARINE SERVICES INC.,MV LORCON DUMAGUETE,DAVAO,DAVAO_SASA PORT,UNDOCKING,,,,,,,
01/09/2025,05:40,01/09/2025,07:15,AMATA MARU,,MT AVA,DAVAO,DAVAO_SRDC SASA,DOCKING,,,349,,,,
01/09/2025,05:40,01/09/2025,08:20,CHOKWANG,,MT MAGINOO,BATANGAS,BATANGAS_PETRON MABINI,DOCKING,,,79,,,,
01/09/2025,05:50,01/09/2025,07:15,PANAY GULF,,MT AVA,DAVAO,DAVAO_SRDC SASA,DOCKING,,,349,,,,
01/09/2025,06:10,01/09/2025,07:26,TUG 20,,MT PANGLAO ISLAND,JIMENEZ,JIMENEZ_SRDC JIMENEZ,DOCKING,,,889,,,,
01/09/2025,10:20,01/09/2025,12:10,HOKUTO,,MT MP MR TANKER 3,CEBU,CEBU_SPEC PITALO,DOCKING,,,,,,,
01/09/2025,10:20,01/09/2025,12:10,NHTC 5,,MT MP MR TANKER 3,CEBU,CEBU_SPEC PITALO,DOCKING,,,,,,,
01/09/2025,10:20,01/09/2025,11:45,TABANGAO,,MT MP MR TANKER 3,CEBU,CEBU_SPEC PITALO,DOCKING,,,,,,,
01/09/2025,11:50,01/10/2025,09:45,TABANGAO,,MT MP MR TANKER 3,CEBU,CEBU_SPEC PITALO,TENDING,,,,,,,
01/09/2025,12:15,01/10/2025,09:45,HOKUTO,,MT MP MR TANKER 3,CEBU,CEBU_SPEC PITALO,TENDING,,,,,,,
01/09/2025,15:50,01/09/2025,17:55,SUN JIN NO.505,,MT MAGINOO,BATANGAS,BATANGAS_PETRON MABINI,UNDOCKING,,,79,,,,
01/10/2025,01:10,01/10/2025,01:55,BOHOL SEA,,MT AVA,DAVAO,DAVAO_SRDC SASA,UNDOCKING,,Voy-349,349,,,,
01/10/2025,01:10,01/10/2025,02:00,CEBU STRAIT,,MT AVA,DAVAO,DAVAO_SRDC SASA,UNDOCKING,,,349,,,,
01/10/2025,02:40,01/10/2025,12:05,AMATA MARU,,MV CARL OLDENDORF,DAVAO,DAVAO_THERMA SOUTH,DOCKING,,,,,,,
01/10/2025,02:50,01/10/2025,11:40,PANAY GULF,,MV CARL OLDENDORF,DAVAO,DAVAO_THERMA SOUTH,DOCKING,,,,,,,
01/10/2025,09:45,01/10/2025,11:05,TABANGAO,,MT MP MR TANKER 3,CEBU,CEBU_SPEC PITALO,UNDOCKING,,,,,,,
01/10/2025,09:50,01/10/2025,11:00,HOKUTO,,MT MP MR TANKER 3,CEBU,CEBU_SPEC PITALO,UNDOCKING,,,,,,,
01/10/2025,09:50,01/10/2025,11:00,NHTC 5,,MT MP MR TANKER 3,CEBU,CEBU_SPEC PITALO,UNDOCKING,,,,,,,
01/10/2025,10:00,01/10/2025,10:30,CEBU MOORING BOAT,,MT PANGLAO ISLAND,CEBU,CEBU_SRDC LAPU LAPU,MOORING,,,889,,,,
01/10/2025,21:25,01/10/2025,22:40,NHTC 5,,MT PANGLAO ISLAND,CEBU,CEBU_SRDC LAPU LAPU,DOCKING,,,889,,,,
01/10/2025,21:25,01/10/2025,22:30,PACIFIC ROSE 14,,MT PANGLAO ISLAND,CEBU,CEBU_SRDC LAPU LAPU,DOCKING,,,889,,,,
01/10/2025,22:22,01/10/2025,23:15,PACIFIC ROSE 8,,MT MP MR TANKER 3,CDO,CDO_PDOC,BOARDING FORMALITIES,,,,,,,
01/11/2025,05:00,01/11/2025,08:55,CHARGER,,MT MP MR TANKER 3,CDO,CDO_PDOC,DOCKING,,,,,,,
01/11/2025,05:20,01/11/2025,06:35,BOHOL SEA,,MT AVA,DAVAO,DAVAO_INSULAR OIL,DOCKING,,,350,,,,
01/11/2025,05:20,01/11/2025,06:45,CEBU STRAIT,,MT AVA,DAVAO,DAVAO_INSULAR OIL,DOCKING,,,350,,,,
01/11/2025,05:35,01/11/2025,08:10,PACIFIC ROSE 6,,MT MP MR TANKER 3,CDO,CDO_PDOC,DOCKING,,,,,,,
01/11/2025,05:37,01/11/2025,08:18,PACIFIC ROSE 8,,MT MP MR TANKER 3,CDO,CDO_PDOC,DOCKING,,,,,,,
01/11/2025,06:35,01/11/2025,15:00,BOHOL SEA,,MT AVA,DAVAO,DAVAO_INSULAR OIL,TENDING,,,350,,,,
01/11/2025,07:40,01/11/2025,09:30,AMATA MARU,,MTKR MARISEL,DAVAO,DAVAO_PHOENIX SASA,DOCKING,,,,,,,
01/11/2025,08:05,01/12/2025,07:18,PACIFIC ROSE 6,,MT MP MR TANKER 3,CDO,CDO_PDOC,TENDING,,,,,,,
01/11/2025,08:07,01/12/2025,07:18,PACIFIC ROSE 8,,MT MP MR TANKER 3,CDO,CDO_PDOC,TENDING,,,,,,,
01/11/2025,08:20,01/11/2025,09:15,NHTC 5,,MT PANGLAO ISLAND,CEBU,CEBU_SRDC LAPU LAPU,UNDOCKING,,,889,,,,
01/11/2025,08:40,01/11/2025,09:05,PACIFIC ROSE 14,,MT PANGLAO ISLAND,CEBU,CEBU_SRDC LAPU LAPU,UNDOCKING,,,889,,,,
01/11/2025,08:50,01/11/2025,09:50,CEBU MOORING BOAT,,MT PANGLAO ISLAND,CEBU,CEBU_SRDC LAPU LAPU,UNMOORING,,,889,,,,
01/11/2025,09:55,01/11/2025,11:50,PACIFIC ROSE 9,BEN LINE AGENCIES PHILS INC,MT QUI CHI,LEYTE,LEYTE_VISPET,BOARDING FORMALITIES,,,,,,,
01/11/2025,11:20,01/11/2025,13:30,ANRIA,BEN LINE AGENCIES PHILS INC,MT QUI CHI,LEYTE,LEYTE_VISPET,DOCKING,,,,,,,
01/11/2025,11:40,01/11/2025,13:20,ANSTEF,BEN LINE AGENCIES PHILS INC,MT QUI CHI,LEYTE,LEYTE_VISPET,DOCKING,,,,,,,
01/11/2025,11:50,01/11/2025,13:15,PACIFIC ROSE 9,BEN LINE AGENCIES PHILS INC,MT QUI CHI,LEYTE,LEYTE_VISPET,DOCKING,,,,,,,
01/11/2025,13:30,01/11/2025,15:05,BATANGAS MOORING BOAT,SITE RESOURCES DEVELOPMENT CORPORATION,MT MARINGAL,BATANGAS,BATANGAS_SRDC BATANGAS,MOORING,,,298,,,,
01/11/2025,13:30,01/11/2025,15:15,CHOKWANG,,MT MARINGAL,BATANGAS,BATANGAS_SRDC BATANGAS,DOCKING,,,298,,,,
01/11/2025,13:30,01/11/2025,15:05,SUN JIN NO.505,,MT MARINGAL,BATANGAS,BATANGAS_SRDC BATANGAS,DOCKING,,,298,,,,
01/11/2025,14:40,01/11/2025,15:55,AMATA MARU,,MT AVA,DAVAO,DAVAO_INSULAR OIL,UNDOCKING,,,350,,,,
01/11/2025,15:00,01/11/2025,15:40,PANAY GULF,,MT AVA,DAVAO,DAVAO_INSULAR OIL,UNDOCKING,,,350,,,,
01/11/2025,22:15,01/11/2025,23:40,AMATA MARU,,MV TUAN DUNG 36,DAVAO,DAVAO_KUDOS,UNDOCKING,,,,,,,
01/11/2025,22:20,01/11/2025,23:30,PANAY GULF,,MV TUAN DUNG 36,DAVAO,DAVAO_KUDOS,UNDOCKING,,,,,,,
01/12/2025,03:40,01/12/2025,05:00,AMATA MARU,,MTKR MARISEL,DAVAO,DAVAO_PHOENIX SASA,UNDOCKING,,,,,,,
01/12/2025,04:00,01/12/2025,07:45,PANAY GULF,,MV GOLD RIVER,DAVAO,DAVAO_HOLCIM,DOCKING,,,,,,,
01/12/2025,04:45,01/12/2025,07:35,CEBU STRAIT,,MV GOLD RIVER,DAVAO,DAVAO_HOLCIM,DOCKING,,,,,,,
01/12/2025,06:30,01/12/2025,08:40,LIMAY,,MT MP MR TANKER 3,CDO,CDO_PDOC,UNDOCKING,,,,,,,
01/12/2025,07:10,01/12/2025,08:40,CHARGER,,MT MP MR TANKER 3,CDO,CDO_PDOC,UNDOCKING,,,,,,,
01/12/2025,07:18,01/12/2025,07:55,PACIFIC ROSE 8,,MT MP MR TANKER 3,CDO,CDO_PDOC,UNDOCKING,,,,,,,
01/12/2025,13:45,01/12/2025,15:25,BATANGAS MOORING BOAT,SITE RESOURCES DEVELOPMENT CORPORATION,MT MARINGAL,BATANGAS,BATANGAS_SRDC BATANGAS,UNMOORING,,,298,,,,
01/12/2025,13:45,01/12/2025,15:25,CHOKWANG,,MT MARINGAL,BATANGAS,BATANGAS_SRDC BATANGAS,UNDOCKING,,,298,,,,
01/12/2025,13:45,01/12/2025,15:15,SUN JIN NO.505,,MT MARINGAL,BATANGAS,BATANGAS_SRDC BATANGAS,UNDOCKING,,,298,,,,
01/12/2025,14:00,01/12/2025,15:25,AMATA MARU,,MT AVA,DAVAO,DAVAO_PHOENIX SASA,DOCKING,,,350,,,,
01/12/2025,14:00,01/12/2025,15:25,PANAY GULF,,MT AVA,DAVAO,DAVAO_PHOENIX SASA,DOCKING,,,350,1.42,#DIV/0!,,
01/13/2025,03:05,01/13/2025,04:10,CEBU STRAIT,,MT AVA,DAVAO,DAVAO_PHOENIX SASA,UNDOCKING,,,350,,,,
01/13/2025,03:10,01/13/2025,04:05,BOHOL SEA,,MT AVA,DAVAO,DAVAO_PHOENIX SASA,UNDOCKING,,,350,,,,
01/13/2025,07:55,01/13/2025,09:25,PACIFIC ROSE 9,BEN LINE AGENCIES PHILS INC,MT QUI CHI,LEYTE,LEYTE_VISPET,UNDOCKING,,,,,,,
01/13/2025,08:05,01/13/2025,09:10,ANRIA,BEN LINE AGENCIES PHILS INC,MT QUI CHI,LEYTE,LEYTE_VISPET,UNDOCKING,,,,,,,
01/13/2025,08:10,01/13/2025,09:20,ANSTEF,BEN LINE AGENCIES PHILS INC,MT QUI CHI,LEYTE,LEYTE_VISPET,UNDOCKING,,,,,,,
01/13/2025,13:40,01/13/2025,15:10,BOHOL SEA,,MT AVA,DAVAO,DAVAO_INSULAR OIL,DOCKING,,,351,,,,
01/13/2025,13:50,01/13/2025,15:10,CEBU STRAIT,,MT AVA,DAVAO,DAVAO_INSULAR OIL,DOCKING,,,351,1.33,#DIV/0!,,
01/13/2025,15:10,01/14/2025,06:00,BOHOL SEA,,MT AVA,DAVAO,DAVAO_INSULAR OIL,TENDING,,,351,,,,
01/13/2025,17:15,01/13/2025,19:20,BATANGAS MOORING BOAT,SITE RESOURCES DEVELOPMENT CORPORATION,MT MALINGAP,BATANGAS,BATANGAS_SRDC BATANGAS,MOORING,,,371,,,,
01/13/2025,17:15,01/13/2025,19:20,CHOKWANG,,MT MALINGAP,BATANGAS,BATANGAS_SRDC BATANGAS,DOCKING,,,371,,,,
01/13/2025,19:25,01/13/2025,21:00,ENERGY TRIUMPH,FOUR DRAGONS SHIPPING SERVICES,MT AUGENSTERN,QUEZON,QUEZON_AZORA SARIAYA,BOARDING FORMALITIES,,,,,,,
01/13/2025,20:45,01/13/2025,23:45,ENERGY PACIFIC,FOUR DRAGONS SHIPPING SERVICES,MT AUGENSTERN,QUEZON,QUEZON_AZORA SARIAYA,DOCKING,,,,,,,
01/13/2025,21:00,01/13/2025,23:35,ENERGY TRIUMPH,FOUR DRAGONS SHIPPING SERVICES,MT AUGENSTERN,QUEZON,QUEZON_AZORA SARIAYA,DOCKING,,,,,,,
01/14/2025,06:00,01/14/2025,06:30,AMATA MARU,,MT AVA,DAVAO,DAVAO_INSULAR OIL,UNDOCKING,,,351,0.50,#DIV/0!,,
01/14/2025,06:05,01/14/2025,06:35,PANAY GULF,,MT AVA,DAVAO,DAVAO_INSULAR OIL,UNDOCKING,,,351,0.50,#DIV/0!,,
01/14/2025,06:30,01/14/2025,07:05,AMATA MARU,,MT AVA,DAVAO,DAVAO_SRDC SASA,DOCKING,,,351,,,,
01/14/2025,06:35,01/14/2025,07:05,PANAY GULF,,MT AVA,DAVAO,DAVAO_SRDC SASA,DOCKING,,,351,,,,
01/14/2025,15:10,01/14/2025,16:20,BOHOL SEA,,MT CASANDRA,DAVAO,DAVAO_INSULAR OIL,DOCKING,,,,,,,
01/14/2025,15:20,01/14/2025,16:25,CEBU STRAIT,,MT CASANDRA,DAVAO,DAVAO_INSULAR OIL,DOCKING,,,,,,,
01/14/2025,16:15,01/15/2025,12:55,LAKANDULA,,MT CASANDRA,DAVAO,DAVAO_INSULAR OIL,TENDING,,,,,,,
01/14/2025,16:50,01/14/2025,17:40,BATANGAS MOORING BOAT,SITE RESOURCES DEVELOPMENT CORPORATION,MT MALINGAP,BATANGAS,BATANGAS_SRDC BATANGAS,UNMOORING,,,371,,,,
01/14/2025,16:50,01/14/2025,17:40,SUN JIN NO.505,,MT MALINGAP,BATANGAS,BATANGAS_SRDC BATANGAS,UNDOCKING,,,371,,,,
01/14/2025,23:20,01/15/2025,00:00,BOHOL SEA,,MT AVA,DAVAO,DAVAO_SRDC SASA,UNDOCKING,,Voy-351,351,,,,
01/14/2025,23:30,01/15/2025,00:25,CEBU STRAIT,,MT AVA,DAVAO,DAVAO_SRDC SASA,UNDOCKING,,,351,,,,
01/15/2025,03:00,01/15/2025,12:40,AMATA MARU,,MV CARL OLDENDORF,DAVAO,DAVAO_THERMA SOUTH,UNDOCKING,,,,,,,
01/15/2025,03:00,01/15/2025,12:35,PANAY GULF,,MV CARL OLDENDORF,DAVAO,DAVAO_THERMA SOUTH,UNDOCKING,,,,,,,
01/15/2025,13:00,01/15/2025,13:45,BOHOL SEA,,MT CASANDRA,DAVAO,DAVAO_INSULAR OIL,UNDOCKING,,,,,,,
01/15/2025,13:00,01/15/2025,13:50,CEBU STRAIT,,MT CASANDRA,DAVAO,DAVAO_INSULAR OIL,UNDOCKING,,,,,,,
01/15/2025,15:45,01/15/2025,16:50,ENERGY PACIFIC,FOUR DRAGONS SHIPPING SERVICES,MT AUGENSTERN,QUEZON,QUEZON_AZORA SARIAYA,UNDOCKING,,,,,,,
01/15/2025,15:50,01/15/2025,17:10,ENERGY TRIUMPH,FOUR DRAGONS SHIPPING SERVICES,MT AUGENSTERN,QUEZON,QUEZON_AZORA SARIAYA,UNDOCKING,,,,,,,
01/16/2025,03:30,01/16/2025,05:30,BATANGAS MOORING BOAT,SITE RESOURCES DEVELOPMENT CORPORATION,MT MARINGAL,BATANGAS,BATANGAS_SRDC BATANGAS,MOORING,,,299,,,,
01/16/2025,03:30,01/16/2025,05:30,CHOKWANG,,MT MARINGAL,BATANGAS,BATANGAS_SRDC BATANGAS,DOCKING,,,299,,,,
01/16/2025,03:30,01/16/2025,05:10,SUN JIN NO.505,INSULAR OIL CORPORATION,MT MARINGAL,BATANGAS,BATANGAS_SRDC BATANGAS,DOCKING,,,299,,,,
01/16/2025,05:15,01/16/2025,07:45,MAGSINO,,MT AUGENSTERN,SUBIC,SUBIC_PPC TERMINAL,DOCKING,,,,,,,
01/16/2025,05:40,01/16/2025,08:15,ISLANDER,,MT AUGENSTERN,SUBIC,SUBIC_PPC TERMINAL,DOCKING,,,,,,,
01/16/2025,08:00,01/16/2025,10:15,NHTC 5,INSULAR OIL CORPORATION,MT ALICE DL,CEBU,CEBU_ARCTURA,DOCKING,,,,,,,
01/16/2025,09:15,01/16/2025,10:17,PACIFIC ROSE 8,INSULAR OIL CORPORATION,MT BULUSAN II,CDO,CDO_PDOC,DOCKING,,,,,,,
01/16/2025,09:25,01/16/2025,10:17,PACIFIC ROSE 8,INSULAR OIL CORPORATION,MT BULUSAN II,CDO,CDO_PDOC,DOCKING,,,138,,,,
01/16/2025,17:00,01/16/2025,19:30,PANAY GULF,,MV AN CHANG,DAVAO,DAVAO_SASA PORT,DOCKING,,,,,,,
01/16/2025,17:10,01/16/2025,19:45,BOHOL SEA,,MV AN CHANG,DAVAO,DAVAO_SASA PORT,DOCKING,,,,,,,
01/16/2025,17:10,01/16/2025,19:35,CEBU STRAIT,,MV AN CHANG,DAVAO,DAVAO_SASA PORT,DOCKING,,,,,,,
01/17/2025,02:50,01/17/2025,04:30,CHOKWANG,,MT MARINGAL,BATANGAS,BATANGAS_SRDC BATANGAS,UNDOCKING,,,299,,,,
01/17/2025,02:55,01/17/2025,04:05,BATANGAS MOORING BOAT,SITE RESOURCES DEVELOPMENT CORPORATION,MT MARINGAL,BATANGAS,BATANGAS_SRDC BATANGAS,UNMOORING,,,299,,,,
01/17/2025,02:55,01/17/2025,04:05,SUN JIN NO.505,,MT MARINGAL,BATANGAS,BATANGAS_SRDC BATANGAS,UNDOCKING,,,299,,,,
01/17/2025,05:20,01/17/2025,06:50,BOHOL SEA,,MT AVA,DAVAO,DAVAO_INSULAR OIL,DOCKING,,V-352,352,,,,
01/17/2025,05:25,01/17/2025,06:45,CEBU STRAIT,,MT AVA,DAVAO,DAVAO_INSULAR OIL,DOCKING,,,352,,,,
01/17/2025,06:45,01/17/2025,16:50,LAKANDULA,,MT AVA,DAVAO,DAVAO_INSULAR OIL,TENDING,,,352,,,,
01/17/2025,10:10,01/17/2025,11:20,MALASUGUI-1,,MT AUGENSTERN,SUBIC,SUBIC_PPC TERMINAL,UNDOCKING,,,,,,,
01/17/2025,10:10,01/17/2025,11:25,MANGYAN,,MT AUGENSTERN,SUBIC,SUBIC_PPC TERMINAL,UNDOCKING,,,,,,,
01/17/2025,11:20,01/17/2025,13:20,MALASUGUI-1,FOUR DRAGONS SHIPPING SERVICES,MT AUGENSTERN,SUBIC,SUBIC_COASTAL,DOCKING,,,,,,,
01/17/2025,11:25,01/17/2025,13:20,MANGYAN,FOUR DRAGONS SHIPPING SERVICES,MT AUGENSTERN,SUBIC,SUBIC_COASTAL,DOCKING,,,,,,,
01/17/2025,17:00,01/17/2025,18:20,AMATA MARU,,MT AVA,DAVAO,DAVAO_INSULAR OIL,UNDOCKING,,,352,,,,
01/17/2025,17:40,01/17/2025,18:20,PANAY GULF,,MT AVA,DAVAO,DAVAO_INSULAR OIL,UNDOCKING,,,352,,,,
01/17/2025,18:00,01/17/2025,19:45,BATANGAS MOORING BOAT,SITE RESOURCES DEVELOPMENT CORPORATION,MT PANGLAO ISLAND,BATANGAS,BATANGAS_SRDC BATANGAS,MOORING,,,890,,,,
01/17/2025,18:00,01/17/2025,19:45,CHOKWANG,,MT PANGLAO ISLAND,BATANGAS,BATANGAS_SRDC BATANGAS,DOCKING,,,890,,,,
01/17/2025,18:10,01/17/2025,19:30,SUN JIN NO.505,,MT PANGLAO ISLAND,BATANGAS,BATANGAS_SRDC BATANGAS,DOCKING,,,890,,,,
01/17/2025,20:40,01/17/2025,21:55,BOHOL SEA,PHIL-CEB MARINE SERVICES INC.,MV RASALAS,DAVAO,DAVAO_SASA PORT,DOCKING,,,,,,,
01/17/2025,20:45,01/17/2025,22:00,CEBU STRAIT,PHIL-CEB MARINE SERVICES INC.,MV RASALAS,DAVAO,DAVAO_SASA PORT,DOCKING,,,,,,,
01/18/2025,00:55,01/18/2025,02:15,MALASUGUI-1,,MT AUGENSTERN,SUBIC,SUBIC_COASTAL,UNDOCKING,,,,,,,
01/18/2025,01:00,01/18/2025,02:15,STANFORD,,MT AUGENSTERN,SUBIC,SUBIC_COASTAL,UNDOCKING,,,,,,,
01/18/2025,04:30,01/18/2025,06:50,BOHOL SEA,,MT STI GRAMERCY,DAVAO,DAVAO_INSULAR OIL,DOCKING,,,,,,,
01/18/2025,04:30,01/18/2025,06:00,PANAY GULF,,MT STI GRAMERCY,DAVAO,DAVAO_INSULAR OIL,DOCKING,,,,,,,
01/18/2025,04:35,01/18/2025,06:45,CEBU STRAIT,,MT STI GRAMERCY,DAVAO,DAVAO_INSULAR OIL,DOCKING,,,,,,,
01/18/2025,05:40,01/18/2025,06:40,AMATA MARU,,MT AVA,DAVAO,DAVAO_SRDC SASA,DOCKING,,,352,,,,
01/18/2025,06:00,01/18/2025,06:40,PANAY GULF,,MT AVA,DAVAO,DAVAO_SRDC SASA,DOCKING,,,352,,,,
01/18/2025,06:40,01/19/2025,20:50,LAKANDULA,,MT STI GRAMERCY,DAVAO,DAVAO_INSULAR OIL,TENDING,,,,,,,
01/18/2025,06:50,01/20/2025,22:30,BOHOL SEA,,MT STI GRAMERCY,DAVAO,DAVAO_INSULAR OIL,TENDING,,,,,,,
01/18/2025,13:15,01/18/2025,14:05,PANAY GULF,PHIL-CEB MARINE SERVICES INC.,MV RASALAS,DAVAO,DAVAO_SASA PORT,UNDOCKING,,,,,,,
01/18/2025,13:20,01/18/2025,14:10,CEBU STRAIT,PHIL-CEB MARINE SERVICES INC.,MV RASALAS,DAVAO,DAVAO_SASA PORT,UNDOCKING,,,,,,,
01/18/2025,18:30,01/18/2025,20:20,BATANGAS MOORING BOAT,SITE RESOURCES DEVELOPMENT CORPORATION,MT PANGLAO ISLAND,BATANGAS,BATANGAS_SRDC BATANGAS,UNMOORING,,,890,,,,
01/18/2025,18:30,01/18/2025,20:20,CHOKWANG,,MT PANGLAO ISLAND,BATANGAS,BATANGAS_SRDC BATANGAS,UNDOCKING,,,890,,,,
01/18/2025,18:30,01/18/2025,20:00,SUN JIN NO.505,,MT PANGLAO ISLAND,BATANGAS,BATANGAS_SRDC BATANGAS,UNDOCKING,,,890,,,,
01/19/2025,00:20,01/19/2025,01:30,PANAY GULF,,MT AVA,DAVAO,DAVAO_SRDC SASA,UNDOCKING,,,352,,,,
01/19/2025,00:30,01/19/2025,01:30,CEBU STRAIT,,MT AVA,DAVAO,DAVAO_SRDC SASA,UNDOCKING,,,352,,,,
01/19/2025,07:20,01/19/2025,09:25,AMATA MARU,,MV BULK MUSTIQUE,DAVAO,DAVAO_LEGASPI OIL,DOCKING,,,,,,,
01/19/2025,07:30,01/19/2025,09:25,PANAY GULF,,MV BULK MUSTIQUE,DAVAO,DAVAO_LEGASPI OIL,DOCKING,,,,,,,
01/19/2025,07:35,01/19/2025,09:30,CEBU STRAIT,,MV BULK MUSTIQUE,DAVAO,DAVAO_LEGASPI OIL,DOCKING,,,,,,,
01/19/2025,13:50,01/19/2025,14:15,PACIFIC ROSE 6,INSULAR OIL CORPORATION,MT CASANDRA,CDO,CDO_PDOC,DOCKING,,,,,,,
01/19/2025,13:53,01/19/2025,14:54,PACIFIC ROSE 8,INSULAR OIL CORPORATION,MT CASANDRA,CDO,CDO_PDOC,DOCKING,,,,,,,
01/19/2025,15:40,01/19/2025,17:15,CEBU STRAIT,,MV GOLD RIVER,DAVAO,DAVAO_HOLCIM,UNDOCKING,,,,,,,
01/19/2025,16:00,01/19/2025,17:55,PANAY GULF,,MV GOLD RIVER,DAVAO,DAVAO_HOLCIM,UNDOCKING,,,,,,,
01/19/2025,17:55,01/19/2025,19:45,PANAY GULF,,MV FULVIA,DAVAO,DAVAO_SASA PORT,DOCKING,,,,,,,
01/19/2025,18:00,01/19/2025,19:50,CEBU STRAIT,,MV FULVIA,DAVAO,DAVAO_SASA PORT,DOCKING,,,,,,,
01/19/2025,22:30,01/19/2025,23:50,PANAY GULF,,MT STI GRAMERCY,DAVAO,DAVAO_INSULAR OIL,UNDOCKING,,,,,,,
01/19/2025,22:35,01/20/2025,00:00,CEBU STRAIT,,MT STI GRAMERCY,DAVAO,DAVAO_INSULAR OIL,UNDOCKING,,,,,,,
01/20/2025,04:50,01/20/2025,07:15,BOHOL SEA,,MT STOLT LIND,DAVAO,DAVAO_INSULAR OIL,DOCKING,,,,,,,
01/20/2025,04:50,01/20/2025,07:10,PANAY GULF,,MT STOLT LIND,DAVAO,DAVAO_INSULAR OIL,DOCKING,,,,,,,
01/20/2025,04:55,01/20/2025,07:30,CEBU STRAIT,,MT STOLT LIND,DAVAO,DAVAO_INSULAR OIL,DOCKING,,,,,,,
01/20/2025,07:10,01/20/2025,23:10,CEBU STRAIT,,MT STOLT LIND,DAVAO,DAVAO_INSULAR OIL,TENDING,,,,,,,
01/20/2025,07:15,01/20/2025,23:00,BOHOL SEA,,MT STOLT LIND,DAVAO,DAVAO_INSULAR OIL,TENDING,,,,,,,
01/20/2025,09:15,01/20/2025,09:40,PACIFIC ROSE 6,INSULAR OIL CORPORATION,MT CASANDRA,CDO,CDO_PDOC,UNDOCKING,,,,,,,
01/20/2025,09:15,01/20/2025,09:44,PACIFIC ROSE 8,INSULAR OIL CORPORATION,MT CASANDRA,CDO,CDO_PDOC,UNDOCKING,,,,,,,
01/20/2025,16:50,01/20/2025,19:20,BATANGAS MOORING BOAT,SITE RESOURCES DEVELOPMENT CORPORATION,MT MARINGAL,BATANGAS,BATANGAS_SRDC BATANGAS,MOORING,,,300,,,,
01/20/2025,16:50,01/20/2025,19:20,SUN JIN NO.505,,MT MARINGAL,BATANGAS,BATANGAS_SRDC BATANGAS,DOCKING,,,300,,,,
01/20/2025,18:00,01/20/2025,20:10,AMATA MARU,,MV TTC HAI PHONG,DAVAO,DAVAO_KUDOS,DOCKING,,,,,,,
01/20/2025,18:00,01/20/2025,20:00,PANAY GULF,,MV TTC HAI PHONG,DAVAO,DAVAO_KUDOS,DOCKING,,,,,,,
01/20/2025,22:30,01/20/2025,23:55,BOHOL SEA,,MT STI GRAMERCY,DAVAO,DAVAO_INSULAR OIL,UNDOCKING,,,,,,,
01/20/2025,23:00,01/21/2025,00:20,BOHOL SEA,,MT STOLT LIND,DAVAO,DAVAO_INSULAR OIL,UNDOCKING,,,,,,,
01/20/2025,23:00,01/21/2025,00:15,PANAY GULF,,MT STOLT LIND,DAVAO,DAVAO_INSULAR OIL,UNDOCKING,,,,,,,
01/20/2025,23:10,01/21/2025,00:30,CEBU STRAIT,,MT STOLT LIND,DAVAO,DAVAO_INSULAR OIL,UNDOCKING,,,,,,,
01/21/2025,14:30,01/21/2025,17:05,SUN JIN NO.505,,MT PRINCESS TOPAZ,BATANGAS,BATANGAS_BBTI,DOCKING,,,,,,,
01/21/2025,14:40,01/21/2025,16:50,CHOKWANG,,MT PRINCESS TOPAZ,BATANGAS,BATANGAS_BBTI,DOCKING,,,,,,,
01/21/2025,17:15,01/21/2025,18:15,BATANGAS MOORING BOAT,SITE RESOURCES DEVELOPMENT CORPORATION,MT MARINGAL,BATANGAS,BATANGAS_SRDC BATANGAS,UNMOORING,,,300,,,,
01/21/2025,17:15,01/21/2025,18:15,SUN JIN NO.505,,MT MARINGAL,BATANGAS,BATANGAS_SRDC BATANGAS,UNDOCKING,,,300,,,,
01/21/2025,19:30,01/21/2025,21:00,AMATA MARU,,MV AN CHANG,DAVAO,DAVAO_SASA PORT,UNDOCKING,,,,,,,
01/21/2025,19:30,01/21/2025,20:50,PANAY GULF,,MV AN CHANG,DAVAO,DAVAO_SASA PORT,UNDOCKING,,,,,,,
01/21/2025,19:50,01/21/2025,22:20,BOHOL SEA,,MV CAMBERWELL,DAVAO,DAVAO_SASA PORT,DOCKING,,,,,,,
01/21/2025,19:50,01/21/2025,22:35,CEBU STRAIT,,MV CAMBERWELL,DAVAO,DAVAO_SASA PORT,DOCKING,,,,,,,
01/22/2025,04:20,01/22/2025,05:30,CEBU STRAIT,,MV FULVIA,DAVAO,DAVAO_SASA PORT,UNDOCKING,,,,,,,
01/22/2025,04:30,01/22/2025,05:35,BOHOL SEA,,MV FULVIA,DAVAO,DAVAO_SASA PORT,UNDOCKING,,,,,,,
01/22/2025,05:30,01/22/2025,07:40,CHOKWANG,,MT PRINCESS TOPAZ,BATANGAS,BATANGAS_BBTI,UNDOCKING,,,,,,,
01/22/2025,05:35,01/22/2025,07:30,BOHOL SEA,,MT AVA,DAVAO,DAVAO_INSULAR OIL,DOCKING,,,353,,,,
01/22/2025,06:40,01/22/2025,07:30,CEBU STRAIT,,MT AVA,DAVAO,DAVAO_INSULAR OIL,DOCKING,,,353,,,,
01/22/2025,07:20,01/22/2025,18:00,AMATA MARU,INSULAR OIL CORPORATION,MT AVA,DAVAO,DAVAO_INSULAR OIL,TENDING,,,353,,,,
01/22/2025,13:30,01/22/2025,14:40,PACIFIC ROSE 3,INSULAR OIL CORPORATION,MT CALLY,CDO,CDO_PDOC,DOCKING,,,,,,,
01/22/2025,13:35,01/22/2025,15:05,PACIFICROSE 11,INSULAR OIL CORPORATION,MT CALLY,CDO,CDO_PDOC,DOCKING,,,,,,,
01/22/2025,18:00,01/22/2025,18:40,AMATA MARU,INSULAR OIL CORPORATION,MT AVA,DAVAO,DAVAO_INSULAR OIL,UNDOCKING,,,353,,,,
01/22/2025,18:00,01/22/2025,18:40,PANAY GULF,INSULAR OIL CORPORATION,MT AVA,DAVAO,DAVAO_INSULAR OIL,UNDOCKING,,,353,,,,
01/23/2025,05:45,01/23/2025,07:05,PANAY GULF,INSULAR OIL CORPORATION,MT AVA,DAVAO,DAVAO_SRDC SASA,DOCKING,,,353,,,,
01/23/2025,05:50,01/23/2025,07:05,AMATA MARU,INSULAR OIL CORPORATION,MT AVA,DAVAO,DAVAO_INSULAR OIL,DOCKING,,,353,,,,
01/23/2025,06:12,01/23/2025,07:07,TUG 20,SITE RESOURCES DEVELOPMENT CORPORATION,MT PANGLAO ISLAND,JIMENEZ,JIMENEZ_SRDC JIMENEZ,DOCKING,,,890,,,,
01/23/2025,11:20,01/23/2025,12:00,PACIFIC ROSE 6,INSULAR OIL CORPORATION,MT CALLY,CDO,CDO_PDOC,UNDOCKING,,,,,,,
01/23/2025,11:27,01/23/2025,11:58,PACIFIC ROSE 8,INSULAR OIL CORPORATION,MT CALLY,CDO,CDO_PDOC,UNDOCKING,,,,,,,
01/23/2025,12:00,01/23/2025,13:00,PACIFIC ROSE 14,SITE RESOURCES DEVELOPMENT CORPORATION,MT MARINGAL,CEBU,CEBU_SRDC LAPU LAPU,DOCKING,,,300,,,,
01/23/2025,12:10,01/23/2025,13:15,NHTC 5,SITE RESOURCES DEVELOPMENT CORPORATION,MT MARINGAL,CEBU,CEBU_SRDC LAPU LAPU,DOCKING,,,300,,,,
01/23/2025,13:20,01/23/2025,14:20,CEBU MOORING BOAT,SITE RESOURCES DEVELOPMENT CORPORATION,MT MARINGAL,CEBU,CEBU_SRDC LAPU LAPU,MOORING,,,300,,,,
01/23/2025,17:20,01/23/2025,19:45,BOHOL SEA,CLIO SHIPPING AND LOGISTICS PHILS. INC,MV FU XING LUN,DAVAO,DAVAO_SASA PORT,DOCKING,,,,,,,
01/23/2025,17:25,01/23/2025,19:45,CEBU STRAIT,CLIO SHIPPING AND LOGISTICS PHILS. INC,MV FU XING LUN,DAVAO,DAVAO_SASA PORT,DOCKING,,,,,,,
01/24/2025,01:20,01/24/2025,02:20,BOHOL SEA,INSULAR OIL CORPORATION,MT AVA,DAVAO,DAVAO_SRDC SASA,UNDOCKING,,,353,,,,
01/24/2025,01:25,01/24/2025,02:15,CEBU STRAIT,INSULAR OIL CORPORATION,MT AVA,DAVAO,DAVAO_SRDC SASA,UNDOCKING,,,353,,,,
01/24/2025,01:45,01/24/2025,02:50,NHTC 5,SITE RESOURCES DEVELOPMENT CORPORATION,MT MARINGAL,CEBU,CEBU_SRDC LAPU LAPU,UNDOCKING,,,300,,,,
01/24/2025,02:00,01/24/2025,02:40,PACIFIC ROSE 14,SITE RESOURCES DEVELOPMENT CORPORATION,MT MARINGAL,CEBU,CEBU_SRDC LAPU LAPU,UNDOCKING,,,300,,,,
01/24/2025,02:24,01/24/2025,03:00,CEBU MOORING BOAT,SITE RESOURCES DEVELOPMENT CORPORATION,MT MARINGAL,CEBU,CEBU_SRDC LAPU LAPU,UNMOORING,,,300,,,,
01/24/2025,10:15,01/24/2025,12:40,AMATA MARU,SEADOVE MARITIME SERVICES INC,LPG/C ESMERALDA,DAVAO,DAVAO_SHELL SASA,DOCKING,,,,,,,
01/24/2025,10:15,01/24/2025,12:40,PANAY GULF,SEADOVE MARITIME SERVICES INC,LPG/C ESMERALDA,DAVAO,DAVAO_SHELL SASA,DOCKING,,,,,,,
01/25/2025,01:25,01/25/2025,02:20,CEBU STRAIT,SEADOVE MARITIME SERVICES INC,LPG/C ESMERALDA,DAVAO,DAVAO_SHELL SASA,UNDOCKING,,,,,,,
01/25/2025,01:30,01/25/2025,02:20,BOHOL SEA,SEADOVE MARITIME SERVICES INC,LPG/C ESMERALDA,DAVAO,DAVAO_SHELL SASA,UNDOCKING,,,,,,,
01/25/2025,05:30,01/25/2025,06:50,BOHOL SEA,INSULAR OIL CORPORATION,MT AVA,DAVAO,DAVAO_INSULAR OIL,DOCKING,,,354,,,,
01/25/2025,05:40,01/25/2025,06:50,CEBU STRAIT,INSULAR OIL CORPORATION,MT AVA,DAVAO,DAVAO_INSULAR OIL,DOCKING,,,354,,,,
01/25/2025,06:50,01/25/2025,17:30,BOHOL SEA,INSULAR OIL CORPORATION,MT AVA,DAVAO,DAVAO_INSULAR OIL,TENDING,,,354,,,,
01/25/2025,17:20,01/25/2025,18:20,AMATA MARU,INSULAR OIL CORPORATION,MT AVA,DAVAO,DAVAO_INSULAR OIL,UNDOCKING,,,354,,,,
01/25/2025,17:20,01/25/2025,18:20,PANAY GULF,INSULAR OIL CORPORATION,MT AVA,DAVAO,DAVAO_INSULAR OIL,UNDOCKING,,,354,,,,
01/25/2025,18:55,01/25/2025,20:00,AMATA MARU,CLIO SHIPPING AND LOGISTICS PHILS. INC,MV FU XING LUN,DAVAO,DAVAO_SASA PORT,UNDOCKING,,,,,,,
01/25/2025,19:00,01/25/2025,19:55,PANAY GULF,CLIO SHIPPING AND LOGISTICS PHILS. INC,MV FU XING LUN,DAVAO,DAVAO_SASA PORT,UNDOCKING,,,,,,,
01/26/2025,05:10,01/26/2025,07:50,SUN JIN NO.505,ESGUERRA SHIPPING CORPORATION,MT MAGINOO,BATANGAS,BATANGAS_PETRON MABINI,DOCKING,,,,,,,
01/26/2025,14:40,01/26/2025,15:30,CEBU STRAIT,WINDBAY SHIPPING AND LOGISTICS INC.,MV BULK MUSTIQUE,DAVAO,DAVAO_LEGASPI OIL,UNDOCKING,,,,,,,
01/26/2025,14:45,01/26/2025,15:20,AMATA MARU,WINDBAY SHIPPING AND LOGISTICS INC.,MV BULK MUSTIQUE,DAVAO,DAVAO_LEGASPI OIL,UNDOCKING,,,,,,,
01/26/2025,14:50,01/26/2025,15:25,PANAY GULF,WINDBAY SHIPPING AND LOGISTICS INC.,MV BULK MUSTIQUE,DAVAO,DAVAO_LEGASPI OIL,UNDOCKING,,,,,,,
01/26/2025,19:05,01/26/2025,21:05,CHOKWANG,ESGUERRA SHIPPING CORPORATION,MT MAGINOO,BATANGAS,BATANGAS_PETRON MABINI,UNDOCKING,,,,,,,
01/27/2025,06:45,01/27/2025,08:10,PANAY GULF,INSULAR OIL CORPORATION,MT AVA,DAVAO,DAVAO_SRDC SASA,DOCKING,,,354,,,,
01/27/2025,06:55,01/27/2025,08:10,AMATA MARU,INSULAR OIL CORPORATION,MT AVA,DAVAO,DAVAO_SRDC SASA,DOCKING,,,354,,,,
01/27/2025,08:30,01/27/2025,09:50,BOHOL SEA,INSULAR OIL CORPORATION,MT PANGLAO ISLAND,DAVAO,DAVAO_INSULAR OIL,DOCKING,,,891,,,,
01/27/2025,08:30,01/27/2025,09:55,CEBU STRAIT,INSULAR OIL CORPORATION,MT PANGLAO ISLAND,DAVAO,DAVAO_INSULAR OIL,DOCKING,,,891,,,,
01/27/2025,09:50,01/28/2025,04:20,BOHOL SEA,INSULAR OIL CORPORATION,MT PANGLAO ISLAND,DAVAO,DAVAO_INSULAR OIL,TENDING,,,891,,,,
01/27/2025,11:25,01/27/2025,15:10,CEBU STRAIT,SHARPORT FERRY SERVICES,MT SAMPOW PALM,DAVAO,DAVAO_KTC,DOCKING,,,,,,,
01/27/2025,11:50,01/27/2025,15:30,AMATA MARU,SHARPORT FERRY SERVICES,MT SAMPOW PALM,DAVAO,DAVAO_KTC,DOCKING,,,,,,,
01/27/2025,21:20,01/27/2025,22:25,PANAY GULF,INSULAR OIL CORPORATION,MT AVA,DAVAO,DAVAO_SRDC SASA,UNDOCKING,,CM Reyes at the helm,354,,,,
01/27/2025,21:25,01/27/2025,22:30,AMATA MARU,INSULAR OIL CORPORATION,MT AVA,DAVAO,DAVAO_SRDC SASA,UNDOCKING,,,354,,,,
01/28/2025,04:10,01/28/2025,05:20,CEBU STRAIT,INSULAR OIL CORPORATION,MT PANGLAO ISLAND,DAVAO,DAVAO_INSULAR OIL,UNDOCKING,,,891,,,,
01/28/2025,04:20,01/28/2025,05:10,BOHOL SEA,INSULAR OIL CORPORATION,MT PANGLAO ISLAND,DAVAO,DAVAO_INSULAR OIL,UNDOCKING,,,891,,,,
01/28/2025,13:35,01/28/2025,15:45,DAVAO MOORING BOAT,SITE RESOURCES DEVELOPMENT CORPORATION,MT MARINGAL,DAVAO,DAVAO_SRDC SASA,MOORING,,,301,,,,
01/28/2025,13:35,01/28/2025,15:45,PANAY GULF,SITE RESOURCES DEVELOPMENT CORPORATION,MT MARINGAL,DAVAO,DAVAO_SRDC SASA,DOCKING,,CM Reyes at the helm,301,,,,
01/28/2025,13:50,01/28/2025,15:25,AMATA MARU,SITE RESOURCES DEVELOPMENT CORPORATION,MT MARINGAL,DAVAO,DAVAO_SRDC SASA,DOCKING,,,301,,,,
01/28/2025,14:00,01/28/2025,16:55,BOHOL SEA,SHARPORT FERRY SERVICES,MT SAMPOW PALM,DAVAO,DAVAO_KTC,UNDOCKING,,,,,,,
01/28/2025,14:00,01/28/2025,16:50,CEBU STRAIT,SHARPORT FERRY SERVICES,MT SAMPOW PALM,DAVAO,DAVAO_KTC,UNDOCKING,,,,,,,
01/29/2025,04:10,01/29/2025,05:00,BOHOL SEA,SITE RESOURCES DEVELOPMENT CORPORATION,MT MARINGAL,DAVAO,DAVAO_SRDC SASA,UNDOCKING,,,301,,,,
01/29/2025,04:10,01/29/2025,05:05,CEBU STRAIT,SITE RESOURCES DEVELOPMENT CORPORATION,MT MARINGAL,DAVAO,DAVAO_SRDC SASA,UNDOCKING,,,301,,,,
01/29/2025,04:10,01/29/2025,05:05,DAVAO MOORING BOAT,SITE RESOURCES DEVELOPMENT CORPORATION,MT MARINGAL,DAVAO,DAVAO_SRDC SASA,UNMOORING,,,301,,,,
01/29/2025,05:55,01/29/2025,07:00,PANAY GULF,INSULAR OIL CORPORATION,MT AVA,DAVAO,DAVAO_INSULAR OIL,DOCKING,,CM Reyes at the helm,355,,,,
01/29/2025,06:00,01/29/2025,06:50,AMATA MARU,INSULAR OIL CORPORATION,MT AVA,DAVAO,DAVAO_INSULAR OIL,DOCKING,,,355,,,,
01/29/2025,06:55,01/29/2025,08:25,AMATA MARU,OMS SHIPPING SERVICES AND LOGISTICS INC.,MV TTC HAI PHONG,DAVAO,DAVAO_KUDOS,UNDOCKING,,,,,,,
01/29/2025,07:25,01/29/2025,08:25,PANAY GULF,OMS SHIPPING SERVICES AND LOGISTICS INC.,MV TTC HAI PHONG,DAVAO,DAVAO_KUDOS,UNDOCKING,,CM Reyes at the helm,,,,,
01/29/2025,08:20,01/29/2025,10:20,BOHOL SEA,OMS SHIPPING SERVICES AND LOGISTICS INC.,MV SUNRISE 69,DAVAO,DAVAO_KUDOS,DOCKING,,,,2.00,#DIV/0!,39600,
01/29/2025,08:25,01/29/2025,18:20,PANAY GULF,INSULAR OIL CORPORATION,MT AVA,DAVAO,DAVAO_INSULAR OIL,TENDING,,,355,9.92,#DIV/0!,,
01/29/2025,08:30,01/29/2025,10:25,CEBU STRAIT,OMS SHIPPING SERVICES AND LOGISTICS INC.,MV SUNRISE 69,DAVAO,DAVAO_KUDOS,DOCKING,,,,,,,
01/29/2025,12:50,01/29/2025,14:35,SUN JIN NO.505,PETROTRADE PHILIPPINES INC,MT MAUNLAD,BATANGAS,BATANGAS_SRDC BATANGAS,DOCKING,,,,1.75,#DIV/0!,,9
01/29/2025,13:20,01/29/2025,15:00,NHTC 5,INSULAR OIL CORPORATION,MT CALLY,CEBU,CEBU_ARCTURA,DOCKING,,,,1.67,#DIV/0!,,
01/29/2025,18:20,01/29/2025,19:05,AMATA MARU,INSULAR OIL CORPORATION,MT AVA,DAVAO,DAVAO_INSULAR OIL,UNDOCKING,,,355,,,,
01/29/2025,18:20,01/29/2025,19:15,PANAY GULF,INSULAR OIL CORPORATION,MT AVA,DAVAO,DAVAO_INSULAR OIL,UNDOCKING,,,355,,,,
01/29/2025,23:30,01/30/2025,00:45,NHTC 5,SITE RESOURCES DEVELOPMENT CORPORATION,MT PANGLAO ISLAND,CEBU,CEBU_SRDC LAPU LAPU,DOCKING,,,891,,,,
01/29/2025,23:30,01/30/2025,00:30,SIDE ARM,SITE RESOURCES DEVELOPMENT CORPORATION,MT PANGLAO ISLAND,CEBU,CEBU_SRDC LAPU LAPU,DOCKING,,,891,,,,
01/30/2025,00:00,01/30/2025,00:35,CEBU MOORING BOAT,SITE RESOURCES DEVELOPMENT CORPORATION,MT PANGLAO ISLAND,CEBU,CEBU_SRDC LAPU LAPU,MOORING,,,891,,,,
01/30/2025,04:05,01/30/2025,05:10,CHOKWANG,PETROTRADE PHILIPPINES INC,MT MAUNLAD,BATANGAS,BATANGAS_SRDC BATANGAS,UNDOCKING,,,,,,,
01/30/2025,06:55,01/30/2025,08:40,BOHOL SEA,INSULAR OIL CORPORATION,MT MARINGAL,DAVAO,DAVAO_INSULAR OIL,DOCKING,,,302,,,,
01/30/2025,07:00,01/30/2025,08:40,CEBU STRAIT,INSULAR OIL CORPORATION,MT MARINGAL,DAVAO,DAVAO_INSULAR OIL,DOCKING,,,302,,,,
01/30/2025,08:40,01/31/2025,22:15,BOHOL SEA,INSULAR OIL CORPORATION,MT MARINGAL,DAVAO,DAVAO_INSULAR OIL,TENDING,,,302,,,,
01/30/2025,12:15,01/30/2025,13:15,SIDE ARM,SITE RESOURCES DEVELOPMENT CORPORATION,MT PANGLAO ISLAND,CEBU,CEBU_SRDC LAPU LAPU,UNDOCKING,,,891,,,,
01/30/2025,12:25,01/30/2025,13:20,NHTC 5,SITE RESOURCES DEVELOPMENT CORPORATION,MT PANGLAO ISLAND,CEBU,CEBU_SRDC LAPU LAPU,UNDOCKING,,,891,,,,
01/30/2025,12:55,01/30/2025,13:00,CEBU MOORING BOAT,SITE RESOURCES DEVELOPMENT CORPORATION,MT PANGLAO ISLAND,CEBU,CEBU_SRDC LAPU LAPU,UNMOORING,,,891,,,,
01/30/2025,16:35,01/30/2025,18:30,NHTC 5,INSULAR OIL CORPORATION,MT CALLY,CEBU,CEBU_ARCTURA,UNDOCKING,,,,,,,
01/30/2025,17:10,01/30/2025,18:45,CEBU STRAIT,BEN LINE AGENCIES PHILS INC,MV CAMBERWELL,DAVAO,DAVAO_SASA PORT,UNDOCKING,,,,,,,
01/30/2025,17:10,01/30/2025,19:05,PANAY GULF,BEN LINE AGENCIES PHILS INC,MV CAMBERWELL,DAVAO,DAVAO_SASA PORT,UNDOCKING,,CM Reyes at the helm,,,,,
01/30/2025,22:05,01/30/2025,23:30,AMATA MARU,INSULAR OIL CORPORATION,MT MARINGAL,DAVAO,DAVAO_INSULAR OIL,UNDOCKING,,,302,,,,
01/30/2025,22:15,01/30/2025,23:15,CEBU STRAIT,INSULAR OIL CORPORATION,MT MARINGAL,DAVAO,DAVAO_INSULAR OIL,UNDOCKING,,,302,,,,
01/31/2025,11:50,01/31/2025,13:55,AMATA MARU,PHIL-CEB MARINE SERVICES INC.,MV RASALAS,DAVAO,DAVAO_SASA PORT,DOCKING,local,,,,,,
01/31/2025,11:50,01/31/2025,13:50,BOHOL SEA,PHIL-CEB MARINE SERVICES INC.,MV RASALAS,DAVAO,DAVAO_SASA PORT,DOCKING,local,,,,,,
01/31/2025,18:15,01/31/2025,20:35,MALASUGUI-1,BEN LINE AGENCIES PHILS INC,MT FOREVER GLORY,SUBIC,SUBIC_COASTAL,DOCKING,,,,,,,
01/31/2025,18:25,01/31/2025,20:35,MAGSINO,BEN LINE AGENCIES PHILS INC,MT FOREVER GLORY,SUBIC,SUBIC_COASTAL,DOCKING,,,,,,,
02/01/2025,06:30,02/01/2025,07:50,AMATA MARU,INSULAR OIL CORPORATION,MT AVA,DAVAO,DAVAO_SRDC SASA,DOCKING,,,355,,,,
02/01/2025,06:30,02/01/2025,07:30,BOHOL SEA,PHIL-CEB MARINE SERVICES INC.,MV RASALAS,DAVAO,DAVAO_SASA PORT,UNDOCKING,local,,,,,,
02/01/2025,06:35,02/01/2025,07:35,CEBU STRAIT,PHIL-CEB MARINE SERVICES INC.,MV RASALAS,DAVAO,DAVAO_SASA PORT,UNDOCKING,local,,,,,,
02/01/2025,06:40,02/01/2025,07:55,PANAY GULF,INSULAR OIL CORPORATION,MT AVA,DAVAO,DAVAO_SRDC SASA,DOCKING,,,355,,,,
02/01/2025,12:35,02/01/2025,15:20,MALASUGUI-1,WINDBAY SHIPPING AND LOGISTICS INC.,MT MISSION,SUBIC,SUBIC_PPC TERMINAL,DOCKING,,,,,,,
02/01/2025,13:20,02/01/2025,15:30,MAGSINO,WINDBAY SHIPPING AND LOGISTICS INC.,MT MISSION,SUBIC,SUBIC_PPC TERMINAL,DOCKING,,,,,,,
02/01/2025,17:00,02/01/2025,19:55,AMATA MARU,PHILHUA SHIPPING INC,MV ARIS LUCKY,DAVAO,DAVAO_SASA PORT,DOCKING,,,,,,,
02/01/2025,17:00,02/01/2025,20:05,PANAY GULF,PHILHUA SHIPPING INC,MV ARIS LUCKY,DAVAO,DAVAO_SASA PORT,DOCKING,,,,,,,
02/01/2025,20:00,02/01/2025,21:00,AMATA MARU,INSULAR OIL CORPORATION,MT GIRONA,DAVAO,DAVAO_INSULAR OIL,UNDOCKING,,,,,,,
02/02/2025,00:55,02/02/2025,01:55,BOHOL SEA,INSULAR OIL CORPORATION,MT AVA,DAVAO,DAVAO_SRDC SASA,UNDOCKING,,,355,,,,
02/02/2025,01:05,02/02/2025,01:50,CEBU STRAIT,INSULAR OIL CORPORATION,MT AVA,DAVAO,DAVAO_SRDC SASA,UNDOCKING,,,355,,,,
02/02/2025,10:00,02/02/2025,11:10,ISLANDER,BEN LINE AGENCIES PHILS INC,MT FOREVER GLORY,SUBIC,SUBIC_COASTAL,UNDOCKING,,,,,,,
02/02/2025,10:00,02/02/2025,11:10,MALASUGUI-1,BEN LINE AGENCIES PHILS INC,MT FOREVER GLORY,SUBIC,SUBIC_COASTAL,UNDOCKING,,,,,,,
02/02/2025,10:00,02/02/2025,11:10,MANGYAN,WINDBAY SHIPPING AND LOGISTICS INC.,MT MISSION,SUBIC,SUBIC_PPC TERMINAL,UNDOCKING,,,,,,,
02/02/2025,10:00,02/02/2025,11:10,STANFORD,WINDBAY SHIPPING AND LOGISTICS INC.,MT MISSION,SUBIC,SUBIC_PPC TERMINAL,UNDOCKING,,,,,,,
02/02/2025,11:10,02/02/2025,12:35,ISLANDER,BEN LINE AGENCIES PHILS INC,MT FOREVER GLORY,SUBIC,SUBIC_PPC TERMINAL,DOCKING,,,,,,,
02/02/2025,11:10,02/02/2025,12:30,MALASUGUI-1,BEN LINE AGENCIES PHILS INC,MT FOREVER GLORY,SUBIC,SUBIC_PPC TERMINAL,DOCKING,,,,,,,
02/02/2025,11:10,02/02/2025,12:25,MANGYAN,WINDBAY SHIPPING AND LOGISTICS INC.,MT MISSION,SUBIC,SUBIC_COASTAL,DOCKING,,,,,,,
02/02/2025,11:10,02/02/2025,12:25,STANFORD,WINDBAY SHIPPING AND LOGISTICS INC.,MT MISSION,SUBIC,SUBIC_COASTAL,DOCKING,,,,,,,
02/03/2025,02:45,02/03/2025,04:05,NHTC 5,SITE RESOURCES DEVELOPMENT CORPORATION,MT MARINGAL,CEBU,CEBU_SRDC LAPU LAPU,DOCKING,,,302,,,,
02/03/2025,03:00,02/03/2025,03:50,PACIFIC ROSE 1,SITE RESOURCES DEVELOPMENT CORPORATION,MT MARINGAL,CEBU,CEBU_SRDC LAPU LAPU,DOCKING,,,302,,,,
02/03/2025,03:25,02/03/2025,04:00,CEBU MOORING BOAT,SITE RESOURCES DEVELOPMENT CORPORATION,MT MARINGAL,CEBU,CEBU_SRDC LAPU LAPU,MOORING,,,302,,,,
02/03/2025,05:30,02/03/2025,07:30,MAGSINO,BEN LINE AGENCIES PHILS INC,MT FOREVER GLORY,SUBIC,SUBIC_PPC TERMINAL,UNDOCKING,,,,,,,
02/03/2025,05:30,02/03/2025,07:20,MALASUGUI-1,BEN LINE AGENCIES PHILS INC,MT FOREVER GLORY,SUBIC,SUBIC_PPC TERMINAL,UNDOCKING,,,,,,,
02/03/2025,09:10,02/03/2025,10:25,BOHOL SEA,INSULAR OIL CORPORATION,MT PANGLAO ISLAND,DAVAO,DAVAO_INSULAR OIL,DOCKING,,,892,,,,
02/03/2025,09:10,02/03/2025,10:25,PANAY GULF,INSULAR OIL CORPORATION,MT PANGLAO ISLAND,DAVAO,DAVAO_INSULAR OIL,DOCKING,,,892,,,,
02/03/2025,10:25,02/04/2025,08:15,BOHOL SEA,INSULAR OIL CORPORATION,MT PANGLAO ISLAND,DAVAO,DAVAO_INSULAR OIL,TENDING,,,892,21.83,#DIV/0!,,
02/03/2025,15:25,02/03/2025,18:30,CHOKWANG,HERMA SHIPPING AND TRANSPORT CORPORATION,MT MAALAB,BATANGAS,BATANGAS_PETRON MABINI,DOCKING,,,,,,,
02/03/2025,16:25,02/03/2025,17:40,AMATA MARU,INSULAR OIL CORPORATION,MT CHELSEA ENDURANCE,DAVAO,DAVAO_PHOENIX SASA,DOCKING,,,,,,,
02/03/2025,16:25,02/03/2025,17:40,PANAY GULF,INSULAR OIL CORPORATION,MT CHELSEA ENDURANCE,DAVAO,DAVAO_PHOENIX SASA,DOCKING,,,,1.25,#DIV/0!,,
02/03/2025,18:15,02/03/2025,19:05,NHTC 5,SITE RESOURCES DEVELOPMENT CORPORATION,MT MARINGAL,CEBU,CEBU_SRDC LAPU LAPU,UNDOCKING,,,302,,,,
02/03/2025,18:28,02/03/2025,18:50,PACIFIC ROSE 1,SITE RESOURCES DEVELOPMENT CORPORATION,MT MARINGAL,CEBU,CEBU_SRDC LAPU LAPU,UNDOCKING,,,302,,,,
02/03/2025,18:43,02/03/2025,19:00,CEBU MOORING BOAT,SITE RESOURCES DEVELOPMENT CORPORATION,MT MARINGAL,CEBU,CEBU_SRDC LAPU LAPU,UNMOORING,,,302,,,,
02/03/2025,22:05,02/03/2025,23:16,MAGSINO,WINDBAY SHIPPING AND LOGISTICS INC.,MT MISSION,SUBIC,SUBIC_COASTAL,UNDOCKING,,,,,,,
02/03/2025,22:05,02/03/2025,23:40,MALASUGUI-1,WINDBAY SHIPPING AND LOGISTICS INC.,MT MISSION,SUBIC,SUBIC_COASTAL,UNDOCKING,,,,,,,
02/04/2025,04:15,02/04/2025,06:50,CEBU STRAIT,CLIO SHIPPING AND LOGISTICS PHILS. INC,MV RU CHENG SHAN,DAVAO,DAVAO_SASA PORT,DOCKING,,,,,,,
02/04/2025,04:30,02/04/2025,06:40,PANAY GULF,CLIO SHIPPING AND LOGISTICS PHILS. INC,MV RU CHENG SHAN,DAVAO,DAVAO_SASA PORT,DOCKING,,,,2.17,#DIV/0!,,
02/04/2025,08:15,02/04/2025,09:25,BOHOL SEA,INSULAR OIL CORPORATION,MT PANGLAO ISLAND,DAVAO,DAVAO_INSULAR OIL,UNDOCKING,,,892,,,,
02/04/2025,08:25,02/04/2025,09:25,AMATA MARU,INSULAR OIL CORPORATION,MT PANGLAO ISLAND,DAVAO,DAVAO_INSULAR OIL,UNDOCKING,,,892,,,,
02/04/2025,09:15,02/04/2025,12:35,SUN JIN NO.505,HERMA SHIPPING AND TRANSPORT CORPORATION,MT MAALAB,BATANGAS,BATANGAS_PETRON MABINI,UNDOCKING,,,,,,,
02/04/2025,11:30,02/04/2025,12:50,ENERGY TRIUMPH,WINDBAY SHIPPING AND LOGISTICS INC.,MT MISSION,QUEZON,QUEZON_AZORA SARIAYA,BOARDING FORMALITIES,,,,,,,
02/04/2025,12:30,02/04/2025,13:40,BOHOL SEA,INSULAR OIL CORPORATION,MT CHELSEA ENDURANCE,DAVAO,DAVAO_PHOENIX SASA,UNDOCKING,,,,,,,
02/04/2025,12:35,02/04/2025,13:40,CEBU STRAIT,INSULAR OIL CORPORATION,MT CHELSEA ENDURANCE,DAVAO,DAVAO_PHOENIX SASA,UNDOCKING,,,,,,,
02/04/2025,12:35,02/04/2025,14:50,ENERGY PACIFIC,WINDBAY SHIPPING AND LOGISTICS INC.,MT MISSION,QUEZON,QUEZON_AZORA SARIAYA,DOCKING,,,,2.25,#DIV/0!,,
02/04/2025,12:50,02/04/2025,15:00,ENERGY TRIUMPH,WINDBAY SHIPPING AND LOGISTICS INC.,MT MISSION,QUEZON,QUEZON_AZORA SARIAYA,DOCKING,,,,,,,
02/04/2025,20:50,02/04/2025,23:00,CHOKWANG,PETROTRADE PHILIPPINES INC,MT MAUNLAD,BATANGAS,BATANGAS_SRDC BATANGAS,DOCKING,,,181,,,,
02/04/2025,21:05,02/04/2025,22:35,SUN JIN NO.505,PETROTRADE PHILIPPINES INC,MT MAUNLAD,BATANGAS,BATANGAS_SRDC BATANGAS,DOCKING,,,181,,,,
02/05/2025,06:05,02/05/2025,07:40,BOHOL SEA,PHILHUA SHIPPING INC,MV TAN AN HONESTY,DAVAO,DAVAO_SASA PORT,DOCKING,,,,,,,
02/05/2025,06:10,02/05/2025,07:40,CEBU STRAIT,PHILHUA SHIPPING INC,MV TAN AN HONESTY,DAVAO,DAVAO_SASA PORT,DOCKING,,,,,,,
02/05/2025,10:50,02/05/2025,12:35,AMATA MARU,OMS SHIPPING SERVICES AND LOGISTICS INC.,MV STAR 55,DAVAO,DAVAO_KUDOS,DOCKING,,,,,,,
02/05/2025,10:50,02/05/2025,12:50,PANAY GULF,OMS SHIPPING SERVICES AND LOGISTICS INC.,MV STAR 55,DAVAO,DAVAO_KUDOS,DOCKING,,,,,,,
02/05/2025,12:50,02/05/2025,13:35,AMATA MARU,PHILHUA SHIPPING INC,MV ARIS LUCKY,DAVAO,DAVAO_SASA PORT,UNDOCKING,,,,,,,
02/05/2025,12:50,02/05/2025,14:55,CHOKWANG,PETROTRADE PHILIPPINES INC,MT MAUNLAD,BATANGAS,BATANGAS_SRDC BATANGAS,UNDOCKING,,,181,,,,
02/05/2025,12:50,02/05/2025,13:20,PANAY GULF,PHILHUA SHIPPING INC,MV ARIS LUCKY,DAVAO,DAVAO_SASA PORT,UNDOCKING,,,,,,,
02/05/2025,12:55,02/05/2025,15:20,SUN JIN NO.505,PETROTRADE PHILIPPINES INC,MT MAUNLAD,BATANGAS,BATANGAS_SRDC BATANGAS,UNDOCKING,,,181,,,,
02/05/2025,16:50,02/05/2025,17:55,AMATA MARU,OMS SHIPPING SERVICES AND LOGISTICS INC.,MV SUNRISE 69,DAVAO,DAVAO_KUDOS,UNDOCKING,,,,,,,
02/05/2025,16:50,02/05/2025,17:55,PANAY GULF,OMS SHIPPING SERVICES AND LOGISTICS INC.,MV SUNRISE 69,DAVAO,DAVAO_KUDOS,UNDOCKING,,,,,,,
02/05/2025,20:05,02/05/2025,22:05,CHOKWANG,PETROTRADE PHILIPPINES INC,MT SASA,BATANGAS,BATANGAS_SRDC BATANGAS,DOCKING,,,,,,,
02/05/2025,20:35,02/05/2025,23:00,PANAY GULF,OMS SHIPPING SERVICES AND LOGISTICS INC.,MV TAN AN CONFIDENCE,DAVAO,DAVAO_KUDOS,DOCKING,,,,,,,
02/05/2025,20:40,02/05/2025,23:00,AMATA MARU,OMS SHIPPING SERVICES AND LOGISTICS INC.,MV TAN AN CONFIDENCE,DAVAO,DAVAO_KUDOS,DOCKING,,,,,,,
02/06/2025,05:40,02/06/2025,07:20,BOHOL SEA,PHIL-CEB MARINE SERVICES INC.,MV LORCON DUMAGUETE,DAVAO,DAVAO_SASA PORT,DOCKING,local,,,,,,
02/06/2025,05:45,02/06/2025,07:35,CEBU STRAIT,PHIL-CEB MARINE SERVICES INC.,MV LORCON DUMAGUETE,DAVAO,DAVAO_SASA PORT,DOCKING,local,,,,,,
02/06/2025,05:45,02/06/2025,06:40,PACIFIC ROSE 15,INSULAR OIL CORPORATION,MT CASANDRA,CDO,CDO_PDOC,DOCKING,,,,,,,
02/06/2025,05:48,02/06/2025,06:46,PACIFIC ROSE 8,INSULAR OIL CORPORATION,MT CASANDRA,CDO,CDO_PDOC,DOCKING,,,,,,,
02/06/2025,06:10,02/06/2025,07:25,PANAY GULF,INSULAR OIL CORPORATION,MT MARINGAL,DAVAO,DAVAO_INSULAR OIL,DOCKING,,,303,,,,
02/06/2025,06:15,02/06/2025,07:20,AMATA MARU,INSULAR OIL CORPORATION,MT MARINGAL,DAVAO,DAVAO_INSULAR OIL,DOCKING,,,303,,,,
02/06/2025,06:40,02/06/2025,08:00,ENERGY PACIFIC,WINDBAY SHIPPING AND LOGISTICS INC.,MT MISSION,QUEZON,QUEZON_AZORA SARIAYA,UNDOCKING,,,,,,,
02/06/2025,06:40,02/06/2025,08:00,ENERGY TRIUMPH,WINDBAY SHIPPING AND LOGISTICS INC.,MT MISSION,QUEZON,QUEZON_AZORA SARIAYA,UNDOCKING,,,,,,,
02/06/2025,07:15,02/07/2025,01:50,CEBU STRAIT,INSULAR OIL CORPORATION,MT MARINGAL,DAVAO,DAVAO_INSULAR OIL,TENDING,,,303,,,,
02/06/2025,07:30,02/06/2025,09:10,AMATA MARU,ANIMO MARINE HAUELERS SHIP MANAGEMENT CORP.,MTKR MARISEL,DAVAO,DAVAO_PHOENIX SASA,DOCKING,,,,,,,
02/06/2025,11:15,02/06/2025,16:40,CHOKWANG,BEN LINE AGENCIES PHILS INC,BW BATANGAS,BATANGAS,BATANGAS_FIRST GAS SAN LORENZO,CARGO DELIVERY,,,,,,,
02/06/2025,11:19,02/06/2025,11:56,TUG 20,SITE RESOURCES DEVELOPMENT CORPORATION,MT PANGLAO ISLAND,JIMENEZ,JIMENEZ_SRDC JIMENEZ,DOCKING,,,892,,,,
02/06/2025,14:20,02/06/2025,15:25,SUN JIN NO.505,PETROTRADE PHILIPPINES INC,MT SASA,BATANGAS,BATANGAS_SRDC BATANGAS,UNDOCKING,,,,,,,
02/06/2025,15:55,02/06/2025,18:25,AMATA MARU,"WILHELMSEN-SMITH BELL SHIPPING, INC.",MV AP QUEEN,DAVAO,DAVAO_TEFASCO,DOCKING,,,,,,,
02/06/2025,16:00,02/06/2025,18:15,PANAY GULF,"WILHELMSEN-SMITH BELL SHIPPING, INC.",MV AP QUEEN,DAVAO,DAVAO_TEFASCO,DOCKING,,,,,,,
02/06/2025,18:40,02/06/2025,20:00,AMATA MARU,SMC SHIPPING AND LIGHTERAGE CORP,SL TINDALO,DAVAO,DAVAO_PETRON SASA,DOCKING,,,,,,,
02/06/2025,18:40,02/06/2025,19:55,PANAY GULF,SMC SHIPPING AND LIGHTERAGE CORP,SL TINDALO,DAVAO,DAVAO_PETRON SASA,DOCKING,,,,,,,
02/06/2025,20:40,02/06/2025,21:40,AMATA MARU,ANIMO MARINE HAUELERS SHIP MANAGEMENT CORP.,MTKR MARISEL,DAVAO,DAVAO_PHOENIX SASA,UNDOCKING,,,,,,,
02/06/2025,21:10,02/06/2025,22:15,BOHOL SEA,PHIL-CEB MARINE SERVICES INC.,MV LORCON DUMAGUETE,DAVAO,DAVAO_SASA PORT,UNDOCKING,local,,,,,,
02/06/2025,21:15,02/06/2025,22:25,CEBU STRAIT,PHIL-CEB MARINE SERVICES INC.,MV LORCON DUMAGUETE,DAVAO,DAVAO_SASA PORT,UNDOCKING,local,,,,,,
02/07/2025,01:40,02/07/2025,02:40,AMATA MARU,INSULAR OIL CORPORATION,MT MARINGAL,DAVAO,DAVAO_INSULAR OIL,UNDOCKING,,,303,,,,
02/07/2025,01:45,02/07/2025,02:45,CEBU STRAIT,INSULAR OIL CORPORATION,MT MARINGAL,DAVAO,DAVAO_INSULAR OIL,UNDOCKING,,,303,,,,
02/07/2025,06:50,02/07/2025,07:50,BOHOL SEA,INSULAR OIL CORPORATION,MT AVA,DAVAO,DAVAO_INSULAR OIL,DOCKING,,,356,,,,
02/07/2025,06:55,02/07/2025,07:55,CEBU STRAIT,INSULAR OIL CORPORATION,MT AVA,DAVAO,DAVAO_INSULAR OIL,DOCKING,,,356,,,,
02/07/2025,08:30,02/07/2025,19:35,PANAY GULF,INSULAR OIL CORPORATION,MT AVA,DAVAO,DAVAO_INSULAR OIL,TENDING,,,356,,,,
02/07/2025,10:20,02/07/2025,11:10,AMATA MARU,SMC SHIPPING AND LIGHTERAGE CORP,SL TINDALO,DAVAO,DAVAO_PETRON SASA,UNDOCKING,,,,,,,
02/07/2025,10:20,02/07/2025,11:05,CEBU STRAIT,SMC SHIPPING AND LIGHTERAGE CORP,SL TINDALO,DAVAO,DAVAO_PETRON SASA,UNDOCKING,,,,,,,
02/07/2025,12:30,02/07/2025,13:55,BOHOL SEA,CLIO SHIPPING AND LOGISTICS PHILS. INC,MV RU CHENG SHAN,DAVAO,DAVAO_SASA PORT,UNDOCKING,,,,,,,
02/07/2025,12:30,02/07/2025,13:55,CEBU STRAIT,CLIO SHIPPING AND LOGISTICS PHILS. INC,MV RU CHENG SHAN,DAVAO,DAVAO_SASA PORT,UNDOCKING,,,,,,,
02/07/2025,13:27,02/07/2025,15:00,PACIFIC ROSE 8,INSULAR OIL CORPORATION,MT CASANDRA,CDO,CDO_PDOC,UNDOCKING,,,,,,,
02/07/2025,14:10,02/07/2025,14:55,PACIFIC ROSE 15,INSULAR OIL CORPORATION,MT CASANDRA,CDO,CDO_PDOC,UNDOCKING,,,,,,,
02/07/2025,19:30,02/07/2025,20:30,PANAY GULF,INSULAR OIL CORPORATION,MT AVA,DAVAO,DAVAO_INSULAR OIL,UNDOCKING,,,356,,,,
02/07/2025,19:35,02/07/2025,20:35,AMATA MARU,INSULAR OIL CORPORATION,MT AVA,DAVAO,DAVAO_INSULAR OIL,UNDOCKING,,,356,,,,
02/07/2025,23:30,02/08/2025,02:05,SUN JIN NO.505,PETROTRADE PHILIPPINES INC,MT MAUNLAD,BATANGAS,BATANGAS_SRDC BATANGAS,DOCKING,,,,,,,
02/08/2025,06:00,02/08/2025,07:10,AMATA MARU,INSULAR OIL CORPORATION,MT AVA,DAVAO,DAVAO_SRDC SASA,DOCKING,,,356,,,,
02/08/2025,06:00,02/08/2025,07:15,PANAY GULF,INSULAR OIL CORPORATION,MT AVA,DAVAO,DAVAO_SRDC SASA,DOCKING,,,356,,,,
02/08/2025,11:20,02/08/2025,12:15,CHOKWANG,PETROTRADE PHILIPPINES INC,MT MAUNLAD,BATANGAS,BATANGAS_SRDC BATANGAS,UNDOCKING,,,,,,,
02/08/2025,15:00,02/08/2025,16:45,MAGSINO,INSULAR OIL CORPORATION,MT ALICE DL,SUBIC,SUBIC_PPC TERMINAL,DOCKING,,,,,,,
02/08/2025,20:45,02/08/2025,21:45,MAGSINO,INSULAR OIL CORPORATION,MT ALICE DL,SUBIC,SUBIC_PPC TERMINAL,UNDOCKING,,,,,,,
02/08/2025,20:45,02/08/2025,21:45,STANFORD,INSULAR OIL CORPORATION,MT ALICE DL,SUBIC,SUBIC_PPC TERMINAL,UNDOCKING,,,,,,,
02/08/2025,21:45,02/08/2025,22:40,MAGSINO,INSULAR OIL CORPORATION,MT ALICE DL,SUBIC,SUBIC_COASTAL,DOCKING,,BAF,,,,,
02/08/2025,21:45,02/08/2025,22:40,STANFORD,INSULAR OIL CORPORATION,MT ALICE DL,SUBIC,SUBIC_COASTAL,DOCKING,,,,,,,
02/08/2025,23:00,02/09/2025,00:15,PANAY GULF,SOUTHWEST SHIPS AGENCIES INC,MT FENG YI 3,DAVAO,DAVAO_SHELL SASA,DOCKING,,,,,,,
02/09/2025,01:00,02/09/2025,02:00,BOHOL SEA,INSULAR OIL CORPORATION,MT AVA,DAVAO,DAVAO_SRDC SASA,UNDOCKING,,,356,,,,
02/09/2025,01:10,02/09/2025,02:05,CEBU STRAIT,INSULAR OIL CORPORATION,MT AVA,DAVAO,DAVAO_SRDC SASA,UNDOCKING,,,356,,,,
02/09/2025,09:40,02/09/2025,10:50,AMATA MARU,PHILHUA SHIPPING INC,MV TAN AN HONESTY,DAVAO,DAVAO_SASA PORT,UNDOCKING,,,,,,,
02/09/2025,14:45,02/09/2025,15:40,AMATA MARU,SOUTHWEST SHIPS AGENCIES INC,MT FENG YI 3,DAVAO,DAVAO_SHELL SASA,UNDOCKING,,,,,,,
02/09/2025,14:45,02/09/2025,15:40,PANAY GULF,SOUTHWEST SHIPS AGENCIES INC,MT FENG YI 3,DAVAO,DAVAO_SHELL SASA,UNDOCKING,,,,,,,
02/09/2025,17:15,02/09/2025,18:10,STANFORD,INSULAR OIL CORPORATION,MT ALICE DL,SUBIC,SUBIC_COASTAL,UNDOCKING,,BAF,,,,,
02/09/2025,22:50,02/10/2025,00:20,AMATA MARU,SOUTHWEST SHIPS AGENCIES INC,MT FENG YI 3,DAVAO,DAVAO_SHELL SASA,DOCKING,,,,1.50,#DIV/0!,,
02/10/2025,07:25,02/10/2025,08:35,BOHOL SEA,INSULAR OIL CORPORATION,MT AVA,DAVAO,DAVAO_INSULAR OIL,DOCKING,,,357,,,,
02/10/2025,07:25,02/10/2025,08:35,CEBU STRAIT,INSULAR OIL CORPORATION,MT AVA,DAVAO,DAVAO_INSULAR OIL,DOCKING,,,357,,,,
02/10/2025,18:40,02/10/2025,20:40,PANAY GULF,"WILHELMSEN-SMITH BELL SHIPPING, INC.",MV AP QUEEN,DAVAO,DAVAO_TEFASCO,UNDOCKING,,,,,,,
02/10/2025,18:50,02/10/2025,20:45,CEBU STRAIT,"WILHELMSEN-SMITH BELL SHIPPING, INC.",MV AP QUEEN,DAVAO,DAVAO_TEFASCO,UNDOCKING,,,,1.92,#DIV/0!,,
02/11/2025,01:10,02/11/2025,02:40,AMATA MARU,INSULAR OIL CORPORATION,MT AVA,DAVAO,DAVAO_INSULAR OIL,UNDOCKING,,,357,,,,
02/11/2025,01:10,02/11/2025,02:30,PANAY GULF,INSULAR OIL CORPORATION,MT AVA,DAVAO,DAVAO_INSULAR OIL,UNDOCKING,,,357,,,,
02/11/2025,04:50,02/11/2025,06:15,BOHOL SEA,SITE RESOURCES DEVELOPMENT CORPORATION,MT PANGLAO ISLAND,CEBU,CEBU_SRDC LAPU LAPU,DOCKING,,,893,,,,
02/11/2025,04:50,02/11/2025,06:20,CEBU STRAIT,INSULAR OIL CORPORATION,MT PANGLAO ISLAND,DAVAO,DAVAO_INSULAR OIL,DOCKING,,,893,,,,
02/11/2025,08:25,02/12/2025,01:10,AMATA MARU,INSULAR OIL CORPORATION,MT AVA,DAVAO,DAVAO_INSULAR OIL,TENDING,,,357,,,,
02/11/2025,21:35,02/11/2025,23:25,BATANGAS MOORING BOAT,HERMA SHIPPING AND TRANSPORT CORPORATION,MT MALINGAP,BATANGAS,BATANGAS_SRDC BATANGAS,MOORING,,,373,,,,
02/11/2025,21:35,02/11/2025,23:25,SUN JIN NO.505,HERMA SHIPPING AND TRANSPORT CORPORATION,MT MALINGAP,BATANGAS,BATANGAS_SRDC BATANGAS,DOCKING,,,373,,,,
02/11/2025,23:40,02/12/2025,00:30,PANAY GULF,INSULAR OIL CORPORATION,MT PANGLAO ISLAND,DAVAO,DAVAO_INSULAR OIL,UNDOCKING,,,893,,,,
02/12/2025,06:00,02/12/2025,08:10,ENERGY TRIUMPH,BEN LINE AGENCIES PHILS INC,MT DORIC COURAGE,QUEZON,QUEZON_AZORA SARIAYA,BOARDING FORMALITIES,,,,,,,
02/12/2025,06:10,02/12/2025,23:30,AMATA MARU,INSULAR OIL CORPORATION,MT PANGLAO ISLAND,DAVAO,DAVAO_INSULAR OIL,TENDING,,,893,,,,
02/12/2025,07:50,02/12/2025,10:45,ENERGY PACIFIC,BEN LINE AGENCIES PHILS INC,MT DORIC COURAGE,QUEZON,QUEZON_AZORA SARIAYA,DOCKING,,,,,,,
02/12/2025,08:10,02/12/2025,10:50,ENERGY TRIUMPH,BEN LINE AGENCIES PHILS INC,MT DORIC COURAGE,QUEZON,QUEZON_AZORA SARIAYA,DOCKING,,,,,,,
02/12/2025,12:50,02/12/2025,14:50,CHOKWANG,PETROTRADE PHILIPPINES INC,MT SASA,BATANGAS,BATANGAS_SRDC BATANGAS,DOCKING,,,,,,,
02/12/2025,22:40,02/12/2025,23:35,BATANGAS MOORING BOAT,HERMA SHIPPING AND TRANSPORT CORPORATION,MT MALINGAP,BATANGAS,BATANGAS_SRDC BATANGAS,UNMOORING,,,373,,,,
02/12/2025,22:40,02/12/2025,23:35,CHOKWANG,HERMA SHIPPING AND TRANSPORT CORPORATION,MT MALINGAP,BATANGAS,BATANGAS_SRDC BATANGAS,UNDOCKING,,,373,,,,
02/12/2025,23:30,02/13/2025,00:30,AMATA MARU,INSULAR OIL CORPORATION,MT PANGLAO ISLAND,DAVAO,DAVAO_INSULAR OIL,UNDOCKING,,,893,,,,
02/13/2025,00:00,02/13/2025,01:25,SUN JIN NO.505,PETROTRADE PHILIPPINES INC,MT SASA,BATANGAS,BATANGAS_SRDC BATANGAS,SHIFTING,,,,,,,
02/13/2025,04:35,02/13/2025,06:05,CEBU STRAIT,INSULAR OIL CORPORATION,MT CASANDRA,DAVAO,DAVAO_INSULAR OIL,DOCKING,,CM Reyes on duty,374,,,,
02/13/2025,04:40,02/13/2025,06:00,BOHOL SEA,INSULAR OIL CORPORATION,MT CASANDRA,DAVAO,DAVAO_INSULAR OIL,DOCKING,,,374,,,,
02/13/2025,05:50,02/13/2025,17:20,AMATA MARU,INSULAR OIL CORPORATION,MT CASANDRA,DAVAO,DAVAO_INSULAR OIL,TENDING,,,374,,,,
02/13/2025,06:00,02/13/2025,06:45,SUN JIN NO.505,PETROTRADE PHILIPPINES INC,MT SASA,BATANGAS,BATANGAS_SRDC BATANGAS,UNDOCKING,,,,,,,
02/13/2025,15:15,02/13/2025,16:35,NHTC 5,SITE RESOURCES DEVELOPMENT CORPORATION,MT PANGLAO ISLAND,CEBU,CEBU_SRDC LAPU LAPU,DOCKING,,,893,,,,
02/13/2025,15:30,02/13/2025,16:25,PACIFIC ROSE 14,SITE RESOURCES DEVELOPMENT CORPORATION,MT PANGLAO ISLAND,CEBU,CEBU_SRDC LAPU LAPU,DOCKING,,,893,,,,
02/13/2025,16:03,02/13/2025,16:30,CEBU MOORING BOAT,SITE RESOURCES DEVELOPMENT CORPORATION,MT PANGLAO ISLAND,CEBU,CEBU_SRDC LAPU LAPU,MOORING,,,893,,,,
02/13/2025,17:10,02/13/2025,18:00,PANAY GULF,INSULAR OIL CORPORATION,MT CASANDRA,DAVAO,DAVAO_INSULAR OIL,UNDOCKING,,,374,,,,
02/13/2025,17:20,02/13/2025,17:55,AMATA MARU,INSULAR OIL CORPORATION,MT CASANDRA,DAVAO,DAVAO_INSULAR OIL,UNDOCKING,,,374,,,,
02/13/2025,20:17,02/13/2025,22:47,PACIFIC ROSE 15,INSULAR OIL CORPORATION,MT AVA,CDO,CDO_PDOC,DOCKING,,,357,,,,
02/13/2025,21:00,02/13/2025,22:43,PACIFIC ROSE 8,INSULAR OIL CORPORATION,MT AVA,CDO,CDO_PDOC,DOCKING,,,357,,,,
02/14/2025,02:10,02/14/2025,03:25,NHTC 5,SITE RESOURCES DEVELOPMENT CORPORATION,MT PANGLAO ISLAND,CEBU,CEBU_SRDC LAPU LAPU,UNDOCKING,,,893,,,,
02/14/2025,02:20,02/14/2025,03:15,PACIFIC ROSE 14,SITE RESOURCES DEVELOPMENT CORPORATION,MT PANGLAO ISLAND,CEBU,CEBU_SRDC LAPU LAPU,UNDOCKING,,,893,,,,
02/14/2025,03:00,02/14/2025,03:30,CEBU MOORING BOAT,SITE RESOURCES DEVELOPMENT CORPORATION,MT PANGLAO ISLAND,CEBU,CEBU_SRDC LAPU LAPU,UNMOORING,,,893,,,,
02/14/2025,05:40,02/14/2025,07:10,BOHOL SEA,OMS SHIPPING SERVICES AND LOGISTICS INC.,MV STAR 55,DAVAO,DAVAO_KUDOS,UNDOCKING,,,,,,,
02/14/2025,05:40,02/14/2025,07:20,CEBU STRAIT,OMS SHIPPING SERVICES AND LOGISTICS INC.,MV STAR 55,DAVAO,DAVAO_KUDOS,UNDOCKING,,CM Reyes on duty,,,,,
02/14/2025,06:40,02/14/2025,08:10,PANAY GULF,INSULAR OIL CORPORATION,MT CASANDRA,DAVAO,DAVAO_SRDC SASA,DOCKING,,,374,,,,
02/14/2025,06:45,02/14/2025,08:05,ENERGY TRIUMPH,BEN LINE AGENCIES PHILS INC,MT DORIC COURAGE,QUEZON,QUEZON_AZORA SARIAYA,UNDOCKING,,,,,,,
02/14/2025,06:50,02/14/2025,07:50,ENERGY PACIFIC,BEN LINE AGENCIES PHILS INC,MT DORIC COURAGE,QUEZON,QUEZON_AZORA SARIAYA,UNDOCKING,,,,,,,
02/14/2025,06:55,02/14/2025,08:00,AMATA MARU,INSULAR OIL CORPORATION,MT CASANDRA,DAVAO,DAVAO_SRDC SASA,DOCKING,,,374,,,,
02/14/2025,07:20,02/14/2025,09:45,CHARGER,"WILHELMSEN-SMITH BELL SHIPPING, INC.",MT WECO MALOU,CDO,CDO_PDOC,BOARDING FORMALITIES,,,,,,,
02/14/2025,09:30,02/14/2025,10:10,PACIFIC ROSE 3,INSULAR OIL CORPORATION,MT AVA,CDO,CDO_PDOC,UNDOCKING,,,357,,,,
02/14/2025,09:33,02/14/2025,10:06,PACIFIC ROSE 8,INSULAR OIL CORPORATION,MT AVA,CDO,CDO_PDOC,UNDOCKING,,,357,,,,
02/14/2025,10:00,02/14/2025,13:50,CHARGER,"WILHELMSEN-SMITH BELL SHIPPING, INC.",MT WECO MALOU,CDO,CDO_PDOC,DOCKING,,,,,,,
02/14/2025,10:00,02/14/2025,13:50,LIMAY,"WILHELMSEN-SMITH BELL SHIPPING, INC.",MT WECO MALOU,CDO,CDO_PDOC,DOCKING,,,,,,,
02/14/2025,10:00,02/14/2025,13:50,TUBBATAHA,"WILHELMSEN-SMITH BELL SHIPPING, INC.",MT WECO MALOU,CDO,CDO_PDOC,DOCKING,,,,,,,
02/14/2025,12:38,02/14/2025,14:20,TUG 20,INSULAR OIL CORPORATION,MT CHELSEA ENDURANCE,SURIGAO,SURIGAO_CORALES DEPOT,DOCKING,,,,,,,
02/14/2025,13:10,02/15/2025,08:30,PACIFIC ROSE 3,"WILHELMSEN-SMITH BELL SHIPPING, INC.",MT WECO MALOU,CDO,CDO_PDOC,TENDING,,,,,,,
02/14/2025,13:10,02/15/2025,08:30,PACIFIC ROSE 8,"WILHELMSEN-SMITH BELL SHIPPING, INC.",MT WECO MALOU,CDO,CDO_PDOC,TENDING,,,,,,,
02/14/2025,20:35,02/14/2025,23:40,BOHOL SEA,PHIL-CEB MARINE SERVICES INC.,MV HG PERTH,DAVAO,DAVAO_SASA PORT,DOCKING,foreign,,,,,,
02/14/2025,20:40,02/14/2025,23:35,CEBU STRAIT,PHIL-CEB MARINE SERVICES INC.,MV HG PERTH,DAVAO,DAVAO_SASA PORT,DOCKING,foreign,CM Reyes on duty,,,,,
02/15/2025,04:15,02/15/2025,05:00,BOHOL SEA,INSULAR OIL CORPORATION,MT CASANDRA,DAVAO,DAVAO_SRDC SASA,UNDOCKING,,,374,,,,
02/15/2025,04:20,02/15/2025,07:30,PANAY GULF,BEN LINE AGENCIES PHILS INC,MT ATALANTA T,DAVAO,DAVAO_INSULAR OIL,DOCKING,,,,,,,
02/15/2025,04:25,02/15/2025,04:55,CEBU STRAIT,INSULAR OIL CORPORATION,MT CASANDRA,DAVAO,DAVAO_SRDC SASA,UNDOCKING,,,374,,,,
02/15/2025,05:00,02/15/2025,07:35,BOHOL SEA,BEN LINE AGENCIES PHILS INC,MT ATALANTA T,DAVAO,DAVAO_INSULAR OIL,DOCKING,,,,,,,
02/15/2025,05:35,02/15/2025,07:35,CEBU STRAIT,BEN LINE AGENCIES PHILS INC,MT ATALANTA T,DAVAO,DAVAO_INSULAR OIL,DOCKING,,,,,,,
02/15/2025,07:25,02/16/2025,09:35,CEBU STRAIT,BEN LINE AGENCIES PHILS INC,MT ATALANTA T,DAVAO,DAVAO_INSULAR OIL,TENDING,,,,,,,
02/15/2025,07:35,02/16/2025,09:25,BOHOL SEA,BEN LINE AGENCIES PHILS INC,MT ATALANTA T,DAVAO,DAVAO_INSULAR OIL,TENDING,,,,,,,
02/15/2025,08:10,02/15/2025,09:15,PACIFIC ROSE 15,"WILHELMSEN-SMITH BELL SHIPPING, INC.",MT WECO MALOU,CDO,CDO_PDOC,UNDOCKING,,,,,,,
02/15/2025,08:19,02/15/2025,09:22,PACIFIC ROSE 8,"WILHELMSEN-SMITH BELL SHIPPING, INC.",MT WECO MALOU,CDO,CDO_PDOC,UNDOCKING,,,,,,,
02/15/2025,08:20,02/15/2025,09:15,PACIFIC ROSE 3,"WILHELMSEN-SMITH BELL SHIPPING, INC.",MT WECO MALOU,CDO,CDO_PDOC,UNDOCKING,,,,,,,
02/15/2025,22:25,02/15/2025,23:25,BATANGAS MOORING BOAT,SITE RESOURCES DEVELOPMENT CORPORATION,MT MARINGAL,BATANGAS,BATANGAS_SRDC BATANGAS,MOORING,,,304,,,,
02/15/2025,22:25,02/16/2025,00:13,SUN JIN NO.505,SITE RESOURCES DEVELOPMENT CORPORATION,MT MARINGAL,BATANGAS,BATANGAS_SRDC BATANGAS,DOCKING,,,304,,,,
02/15/2025,24:00,02/16/2025,02:05,BATANGAS MOORING BOAT,SITE RESOURCES DEVELOPMENT CORPORATION,MT PANGLAO ISLAND,BATANGAS,BATANGAS_SRDC BATANGAS,MOORING,,,894,,,,
02/16/2025,00:00,02/16/2025,02:05,CHOKWANG,SITE RESOURCES DEVELOPMENT CORPORATION,MT PANGLAO ISLAND,BATANGAS,BATANGAS_SRDC BATANGAS,DOCKING,,,894,,,,
02/16/2025,00:13,02/16/2025,02:25,SUN JIN NO.505,SITE RESOURCES DEVELOPMENT CORPORATION,MT PANGLAO ISLAND,BATANGAS,BATANGAS_SRDC BATANGAS,DOCKING,,,894,,,,
02/16/2025,05:25,02/16/2025,08:00,NHTC 5,"WILHELMSEN-SMITH BELL SHIPPING, INC.",MT WECO MALOU,CEBU,CEBU_SPEC PITALO,DOCKING,,,,,,,
02/16/2025,05:25,02/16/2025,08:00,SIDE ARM,"WILHELMSEN-SMITH BELL SHIPPING, INC.",MT WECO MALOU,CEBU,CEBU_SPEC PITALO,DOCKING,,,,2.58,#DIV/0!,,
02/16/2025,05:25,02/16/2025,08:00,TABANGAO,"WILHELMSEN-SMITH BELL SHIPPING, INC.",MT WECO MALOU,CEBU,CEBU_SPEC PITALO,DOCKING,,,,,,,
02/16/2025,07:10,02/16/2025,08:45,HOKUTO,INSULAR OIL CORPORATION,MT CHELSEA ENDURANCE,SURIGAO,SURIGAO_CORALES DEPOT,UNDOCKING,,,,,,,
02/16/2025,07:16,02/16/2025,08:31,TUG 20,INSULAR OIL CORPORATION,MT CHELSEA ENDURANCE,SURIGAO,SURIGAO_CORALES DEPOT,UNDOCKING,,,,,,,
02/16/2025,07:55,02/16/2025,09:15,BATANGAS MOORING BOAT,SITE RESOURCES DEVELOPMENT CORPORATION,MT MARINGAL,BATANGAS,BATANGAS_SRDC BATANGAS,MOORING,,Shifting 5A to 5,304,,,,
02/16/2025,07:55,02/16/2025,09:15,BATANGAS MOORING BOAT,SITE RESOURCES DEVELOPMENT CORPORATION,MT MARINGAL,BATANGAS,BATANGAS_SRDC BATANGAS,UNMOORING,,,304,,,,
02/16/2025,07:55,02/16/2025,09:15,CHOKWANG,SITE RESOURCES DEVELOPMENT CORPORATION,MT MARINGAL,BATANGAS,BATANGAS_SRDC BATANGAS,SHIFTING,,,304,,,,
02/16/2025,08:00,02/17/2025,08:20,NHTC 5,"WILHELMSEN-SMITH BELL SHIPPING, INC.",MT WECO MALOU,CEBU,CEBU_SPEC PITALO,TENDING,,,,,,,
02/16/2025,08:00,02/17/2025,08:20,TABANGAO,"WILHELMSEN-SMITH BELL SHIPPING, INC.",MT WECO MALOU,CEBU,CEBU_SPEC PITALO,TENDING,,,,,,,
02/16/2025,09:25,02/16/2025,10:20,BOHOL SEA,BEN LINE AGENCIES PHILS INC,MT ATALANTA T,DAVAO,DAVAO_INSULAR OIL,UNDOCKING,,,,,,,
02/16/2025,09:30,02/16/2025,10:25,CEBU STRAIT,BEN LINE AGENCIES PHILS INC,MT ATALANTA T,DAVAO,DAVAO_INSULAR OIL,UNDOCKING,,,,,,,
02/16/2025,09:30,02/16/2025,10:20,PANAY GULF,BEN LINE AGENCIES PHILS INC,MT ATALANTA T,DAVAO,DAVAO_INSULAR OIL,UNDOCKING,,,,0.83,#DIV/0!,,
02/16/2025,11:10,02/16/2025,13:45,AMATA MARU,WINDBAY SHIPPING AND LOGISTICS INC.,MV ARIADNI,DAVAO,DAVAO_LEGASPI OIL,DOCKING,,,,,,,
02/16/2025,11:10,02/16/2025,14:10,PANAY GULF,WINDBAY SHIPPING AND LOGISTICS INC.,MV ARIADNI,DAVAO,DAVAO_LEGASPI OIL,DOCKING,,,,,,,
02/16/2025,11:20,02/16/2025,14:40,CEBU STRAIT,WINDBAY SHIPPING AND LOGISTICS INC.,MV ARIADNI,DAVAO,DAVAO_LEGASPI OIL,DOCKING,,,,,,,
02/16/2025,13:45,02/16/2025,15:05,AMATA MARU,OMS SHIPPING SERVICES AND LOGISTICS INC.,MV TAN AN CONFIDENCE,DAVAO,DAVAO_KUDOS,UNDOCKING,,,,,,,
02/16/2025,14:10,02/16/2025,14:50,PANAY GULF,OMS SHIPPING SERVICES AND LOGISTICS INC.,MV TAN AN CONFIDENCE,DAVAO,DAVAO_KUDOS,UNDOCKING,,,,,,,
02/16/2025,20:40,02/16/2025,23:10,PANAY GULF,OMS SHIPPING SERVICES AND LOGISTICS INC.,MV STAR 55,DAVAO,DAVAO_KUDOS,DOCKING,,,,,,,
02/16/2025,20:55,02/16/2025,22:50,CEBU STRAIT,OMS SHIPPING SERVICES AND LOGISTICS INC.,MV STAR 55,DAVAO,DAVAO_KUDOS,DOCKING,,,,,,,
02/16/2025,23:00,02/17/2025,00:15,BATANGAS MOORING BOAT,SITE RESOURCES DEVELOPMENT CORPORATION,MT MARINGAL,BATANGAS,BATANGAS_SRDC BATANGAS,UNMOORING,,,304,,,,
02/16/2025,23:00,02/17/2025,00:15,CHOKWANG,SITE RESOURCES DEVELOPMENT CORPORATION,MT MARINGAL,BATANGAS,BATANGAS_SRDC BATANGAS,UNDOCKING,,,304,,,,
02/17/2025,04:30,02/17/2025,06:10,CEBU STRAIT,INSULAR OIL CORPORATION,MT CASANDRA,DAVAO,DAVAO_INSULAR OIL,DOCKING,,,375,,,,
02/17/2025,04:40,02/17/2025,06:10,BOHOL SEA,INSULAR OIL CORPORATION,MT CASANDRA,DAVAO,DAVAO_INSULAR OIL,DOCKING,,,375,,,,
02/17/2025,06:20,02/17/2025,19:55,LAKANDULA,INSULAR OIL CORPORATION,MT CASANDRA,DAVAO,DAVAO_INSULAR OIL,TENDING,,,375,,,,
02/17/2025,08:20,02/17/2025,09:35,NHTC 5,"WILHELMSEN-SMITH BELL SHIPPING, INC.",MT WECO MALOU,CEBU,CEBU_SPEC PITALO,UNDOCKING,,,,,,,
02/17/2025,08:20,02/17/2025,09:35,SIDE ARM,"WILHELMSEN-SMITH BELL SHIPPING, INC.",MT WECO MALOU,CEBU,CEBU_SPEC PITALO,UNDOCKING,,,,,,,
02/17/2025,08:20,02/17/2025,09:35,TABANGAO,"WILHELMSEN-SMITH BELL SHIPPING, INC.",MT WECO MALOU,CEBU,CEBU_SPEC PITALO,UNDOCKING,,,,,,,
02/17/2025,09:30,02/17/2025,11:00,BATANGAS MOORING BOAT,SITE RESOURCES DEVELOPMENT CORPORATION,MT PANGLAO ISLAND,BATANGAS,BATANGAS_SRDC BATANGAS,UNMOORING,,,894,,,,
02/17/2025,09:30,02/17/2025,11:00,CHOKWANG,SITE RESOURCES DEVELOPMENT CORPORATION,MT PANGLAO ISLAND,BATANGAS,BATANGAS_SRDC BATANGAS,UNDOCKING,,,894,,,,
02/17/2025,09:30,02/17/2025,10:40,SUN JIN NO.505,SITE RESOURCES DEVELOPMENT CORPORATION,MT PANGLAO ISLAND,BATANGAS,BATANGAS_SRDC BATANGAS,UNDOCKING,,,894,,,,
02/17/2025,16:30,02/17/2025,22:30,BOHOL SEA,"WILHELMSEN-SMITH BELL SHIPPING, INC.",MT LEO SUNRISE,DAVAO,DAVAO_STA ANA ANCHORAGE,FERRY SERVICE,,,,,,,
02/17/2025,17:00,02/17/2025,18:35,AMATA MARU,NARRA TANKERS CORP,NTC FALCON,DAVAO,DAVAO_PETRON SASA,DOCKING,,,,,,,
02/17/2025,17:00,02/17/2025,18:30,PANAY GULF,NARRA TANKERS CORP,NTC FALCON,DAVAO,DAVAO_PETRON SASA,DOCKING,,,,,,,
02/17/2025,20:20,02/17/2025,21:20,AMATA MARU,INSULAR OIL CORPORATION,MT CASANDRA,DAVAO,DAVAO_INSULAR OIL,UNDOCKING,,,375,,,,
02/17/2025,20:20,02/17/2025,21:10,PANAY GULF,INSULAR OIL CORPORATION,MT CASANDRA,DAVAO,DAVAO_INSULAR OIL,UNDOCKING,,,375,,,,
02/18/2025,04:20,02/18/2025,05:30,AMATA MARU,NARRA TANKERS CORP,NTC FALCON,DAVAO,DAVAO_PETRON SASA,UNDOCKING,,,,,,,
02/18/2025,04:30,02/18/2025,05:35,PANAY GULF,NARRA TANKERS CORP,NTC FALCON,DAVAO,DAVAO_PETRON SASA,UNDOCKING,,,,,,,
02/18/2025,05:40,02/18/2025,06:40,PANAY GULF,INSULAR OIL CORPORATION,MT CASANDRA,DAVAO,DAVAO_SRDC SASA,DOCKING,,,375,,,,
02/18/2025,05:45,02/18/2025,06:40,AMATA MARU,INSULAR OIL CORPORATION,MT CASANDRA,DAVAO,DAVAO_SRDC SASA,DOCKING,,,375,,,,
02/18/2025,17:15,02/18/2025,18:30,NHTC 5,SITE RESOURCES DEVELOPMENT CORPORATION,MT MARINGAL,CEBU,CEBU_SRDC LAPU LAPU,DOCKING,,,304,,,,
02/18/2025,17:30,02/18/2025,18:30,SIDE ARM,SITE RESOURCES DEVELOPMENT CORPORATION,MT MARINGAL,CEBU,CEBU_SRDC LAPU LAPU,DOCKING,,,304,,,,
02/18/2025,18:00,02/18/2025,18:36,CEBU MOORING BOAT,SITE RESOURCES DEVELOPMENT CORPORATION,MT MARINGAL,CEBU,CEBU_SRDC LAPU LAPU,MOORING,,,304,,,,
02/18/2025,22:50,02/18/2025,23:50,AMATA MARU,PHIL-CEB MARINE SERVICES INC.,MV HG PERTH,DAVAO,DAVAO_SASA PORT,UNDOCKING,foreign,,,,,,
02/18/2025,23:00,02/18/2025,23:50,PANAY GULF,PHIL-CEB MARINE SERVICES INC.,MV HG PERTH,DAVAO,DAVAO_SASA PORT,UNDOCKING,foreign,,,,,,
02/19/2025,04:00,02/19/2025,05:15,BOHOL SEA,INSULAR OIL CORPORATION,MT CASANDRA,DAVAO,DAVAO_SRDC SASA,UNDOCKING,,,375,,,,
02/19/2025,04:05,02/19/2025,04:40,CEBU STRAIT,INSULAR OIL CORPORATION,MT CASANDRA,DAVAO,DAVAO_SRDC SASA,UNDOCKING,,,375,,,,
02/19/2025,05:00,02/19/2025,06:55,PANAY GULF,BEN LINE AGENCIES PHILS INC,MT JAG POOJA,DAVAO,DAVAO_INSULAR OIL,DOCKING,,,,,,,
02/19/2025,05:10,02/19/2025,06:40,AMATA MARU,BEN LINE AGENCIES PHILS INC,MT JAG POOJA,DAVAO,DAVAO_INSULAR OIL,DOCKING,,,,,,,
02/19/2025,05:25,02/19/2025,06:40,CEBU STRAIT,BEN LINE AGENCIES PHILS INC,MT JAG POOJA,DAVAO,DAVAO_INSULAR OIL,DOCKING,,,,,,,
02/19/2025,06:45,02/19/2025,08:10,AMATA MARU,ANIMO MARINE HAUELERS SHIP MANAGEMENT CORP.,MTKR MARISEL,DAVAO,DAVAO_PHOENIX SASA,DOCKING,,,,,,,
02/19/2025,06:45,02/21/2025,23:00,LAKANDULA,BEN LINE AGENCIES PHILS INC,MT JAG POOJA,DAVAO,DAVAO_INSULAR OIL,TENDING,,,,,,,
02/19/2025,06:55,02/19/2025,09:05,PANAY GULF,"MAR-SHIPS AGENCY, INC.",MT PARTRIDGE PACIFIC,DAVAO,DAVAO_DBCOM,DOCKING,,,,,,,
02/19/2025,07:10,02/19/2025,09:00,CEBU STRAIT,"MAR-SHIPS AGENCY, INC.",MT PARTRIDGE PACIFIC,DAVAO,DAVAO_DBCOM,DOCKING,,,,,,,
02/19/2025,07:30,02/19/2025,08:30,NHTC 5,SITE RESOURCES DEVELOPMENT CORPORATION,MT MARINGAL,CEBU,CEBU_SRDC LAPU LAPU,UNDOCKING,,,304,,,,
02/19/2025,07:30,02/19/2025,08:30,SIDE ARM,SITE RESOURCES DEVELOPMENT CORPORATION,MT MARINGAL,CEBU,CEBU_SRDC LAPU LAPU,UNDOCKING,,,304,,,,
02/19/2025,08:00,02/19/2025,08:42,CEBU MOORING BOAT,SITE RESOURCES DEVELOPMENT CORPORATION,MT MARINGAL,CEBU,CEBU_SRDC LAPU LAPU,UNMOORING,,,304,,,,
02/19/2025,14:45,02/19/2025,16:55,PACIFIC ROSE 10,"WILHELMSEN-SMITH BELL SHIPPING, INC.",MT WECO MALOU,LEYTE,LEYTE_VISPET,BOARDING FORMALITIES,,,,,,,
02/19/2025,14:55,02/19/2025,15:30,CEBU STRAIT,BEN LINE AGENCIES PHILS INC,MT JAG POOJA,DAVAO,DAVAO_INSULAR OIL,WATERING,,,,,,,
02/19/2025,16:30,02/19/2025,19:25,AMATA MARU,OMS SHIPPING SERVICES AND LOGISTICS INC.,MV OCEAN BRIGHT,DAVAO,DAVAO_KUDOS,DOCKING,,,,,,,
02/19/2025,16:55,02/19/2025,19:05,PANAY GULF,OMS SHIPPING SERVICES AND LOGISTICS INC.,MV OCEAN BRIGHT,DAVAO,DAVAO_KUDOS,DOCKING,,,,,,,
02/19/2025,19:15,02/19/2025,22:45,CEBU STRAIT,BEN LINE AGENCIES PHILS INC,MT JAG POOJA,DAVAO,DAVAO_INSULAR OIL,WATERING,,,,,,,
02/19/2025,22:40,02/19/2025,23:15,CEBU STRAIT,BEN LINE AGENCIES PHILS INC,MT JAG POOJA,DAVAO,DAVAO_INSULAR OIL,WATERING,,,,,,,
02/20/2025,00:30,02/20/2025,01:35,AMATA MARU,ANIMO MARINE HAUELERS SHIP MANAGEMENT CORP.,MTKR MARISEL,DAVAO,DAVAO_PHOENIX SASA,UNDOCKING,,,,,,,
02/20/2025,03:05,02/20/2025,05:07,SUN JIN NO.505,PETROTRADE PHILIPPINES INC,MT SASA,BATANGAS,BATANGAS_SRDC BATANGAS,DOCKING,,,216,,,,
02/20/2025,04:45,02/20/2025,06:00,BATANGAS MOORING BOAT,SITE RESOURCES DEVELOPMENT CORPORATION,MT PANGLAO ISLAND,BATANGAS,BATANGAS_SRDC BATANGAS,MOORING,,,895,,,,
02/20/2025,04:45,02/20/2025,06:00,CHOKWANG,SITE RESOURCES DEVELOPMENT CORPORATION,MT PANGLAO ISLAND,BATANGAS,BATANGAS_SRDC BATANGAS,DOCKING,,,895,,,,
02/20/2025,05:07,02/20/2025,06:25,SUN JIN NO.505,SITE RESOURCES DEVELOPMENT CORPORATION,MT PANGLAO ISLAND,BATANGAS,BATANGAS_SRDC BATANGAS,DOCKING,,,895,,,,
02/20/2025,06:00,02/20/2025,08:00,CEBU STRAIT,"MAR-SHIPS AGENCY, INC.",MT PARTRIDGE PACIFIC,DAVAO,DAVAO_DBCOM,UNDOCKING,,,,,,,
02/20/2025,06:00,02/20/2025,07:55,PANAY GULF,"MAR-SHIPS AGENCY, INC.",MT PARTRIDGE PACIFIC,DAVAO,DAVAO_DBCOM,UNDOCKING,,,,,,,
02/20/2025,09:05,02/20/2025,10:05,CEBU STRAIT,OMS SHIPPING SERVICES AND LOGISTICS INC.,MV STAR 55,DAVAO,DAVAO_KUDOS,UNDOCKING,,,,,,,
02/20/2025,09:10,02/20/2025,10:00,PANAY GULF,OMS SHIPPING SERVICES AND LOGISTICS INC.,MV STAR 55,DAVAO,DAVAO_KUDOS,UNDOCKING,,,,,,,
02/20/2025,16:05,02/20/2025,17:05,CHOKWANG,PETROTRADE PHILIPPINES INC,MT SASA,BATANGAS,BATANGAS_SRDC BATANGAS,UNDOCKING,,,216,,,,
02/20/2025,17:30,02/20/2025,19:15,ANRIA,"WILHELMSEN-SMITH BELL SHIPPING, INC.",MT WECO MALOU,LEYTE,LEYTE_VISPET,DOCKING,,,,,,,
02/20/2025,17:45,02/20/2025,19:30,PACIFIC ROSE 9,"MAR-SHIPS AGENCY, INC.",MT HAFNIA LEOPARD,LEYTE,LEYTE_VISPET,DOCKING,,,,,,,
02/20/2025,17:55,02/20/2025,19:20,PACIFIC ROSE 10,"WILHELMSEN-SMITH BELL SHIPPING, INC.",MT WECO MALOU,LEYTE,LEYTE_VISPET,DOCKING,,,,,,,
02/21/2025,03:20,02/21/2025,05:30,CHOKWANG,SITE RESOURCES DEVELOPMENT CORPORATION,MT PANGLAO ISLAND,BATANGAS,BATANGAS_SRDC BATANGAS,UNDOCKING,,,895,,,,
02/21/2025,03:30,02/21/2025,05:05,BATANGAS MOORING BOAT,SITE RESOURCES DEVELOPMENT CORPORATION,MT PANGLAO ISLAND,BATANGAS,BATANGAS_SRDC BATANGAS,UNMOORING,,,895,,,,
02/21/2025,03:30,02/21/2025,05:05,SUN JIN NO.505,SITE RESOURCES DEVELOPMENT CORPORATION,MT PANGLAO ISLAND,BATANGAS,BATANGAS_SRDC BATANGAS,UNDOCKING,,,895,,,,
02/21/2025,06:43,02/21/2025,08:08,PACIFIC ROSE 8,"MAR-SHIPS AGENCY, INC.",MT HAFNIA LEOPARD,CDO,CDO_PDOC,BOARDING FORMALITIES,,,,,,,
02/21/2025,07:55,02/21/2025,11:15,PACIFIC ROSE 15,"MAR-SHIPS AGENCY, INC.",MT HAFNIA LEOPARD,CDO,CDO_PDOC,DOCKING,,,,,,,
02/21/2025,08:00,02/21/2025,10:55,PACIFICROSE 11,"MAR-SHIPS AGENCY, INC.",MT HAFNIA LEOPARD,CDO,CDO_PDOC,DOCKING,,,,,,,
02/21/2025,08:08,02/21/2025,10:57,PACIFIC ROSE 8,"MAR-SHIPS AGENCY, INC.",MT HAFNIA LEOPARD,CDO,CDO_PDOC,DOCKING,,,,,,,
02/21/2025,10:40,02/22/2025,12:45,PACIFICROSE 11,"MAR-SHIPS AGENCY, INC.",MT HAFNIA LEOPARD,CDO,CDO_PDOC,TENDING,,,,,,,
02/21/2025,10:50,02/22/2025,12:47,PACIFIC ROSE 8,"MAR-SHIPS AGENCY, INC.",MT HAFNIA LEOPARD,CDO,CDO_PDOC,TENDING,,,,,,,
02/21/2025,14:05,02/21/2025,15:50,TABANGAO,INSULAR OIL CORPORATION,MT BULUSAN,CEBU,CEBU_SPEC PITALO,DOCKING,,,229,,,,
02/21/2025,14:05,02/21/2025,15:50,ZAMBOANGA STAR,INSULAR OIL CORPORATION,MT BULUSAN,CEBU,CEBU_SPEC PITALO,DOCKING,,,229,,,,
02/21/2025,15:00,02/21/2025,16:35,PANAY GULF,SMC SHIPPING AND LIGHTERAGE CORP,SL TINDALO,DAVAO,DAVAO_PETRON SASA,DOCKING,,,,,,,
02/21/2025,15:00,02/21/2025,16:00,PITALO MOORING BOAT,INSULAR OIL CORPORATION,MT BULUSAN,CEBU,CEBU_SPEC PITALO,MOORING,,,229,,,,
02/21/2025,15:20,02/21/2025,16:35,CEBU STRAIT,SMC SHIPPING AND LIGHTERAGE CORP,SL TINDALO,DAVAO,DAVAO_PETRON SASA,DOCKING,,,,,,,
02/21/2025,15:50,02/23/2025,04:50,TABANGAO,INSULAR OIL CORPORATION,MT BULUSAN,CEBU,CEBU_SPEC PITALO,TENDING,,,229,,,,
02/21/2025,16:40,02/21/2025,17:05,CEBU STRAIT,BEN LINE AGENCIES PHILS INC,MT JAG POOJA,DAVAO,DAVAO_INSULAR OIL,WATERING,,,,,,,
02/21/2025,23:00,02/22/2025,00:30,CEBU STRAIT,BEN LINE AGENCIES PHILS INC,MT JAG POOJA,DAVAO,DAVAO_INSULAR OIL,UNDOCKING,,,,,,,
02/21/2025,23:10,02/22/2025,00:30,AMATA MARU,BEN LINE AGENCIES PHILS INC,MT JAG POOJA,DAVAO,DAVAO_INSULAR OIL,UNDOCKING,,,,,,,
02/21/2025,23:10,02/22/2025,00:40,BOHOL SEA,BEN LINE AGENCIES PHILS INC,MT JAG POOJA,DAVAO,DAVAO_INSULAR OIL,UNDOCKING,,,,,,,
02/22/2025,04:00,02/22/2025,04:45,AMATA MARU,SMC SHIPPING AND LIGHTERAGE CORP,SL TINDALO,DAVAO,DAVAO_PETRON SASA,UNDOCKING,,,,,,,
02/22/2025,04:00,02/22/2025,05:00,CEBU STRAIT,SMC SHIPPING AND LIGHTERAGE CORP,SL TINDALO,DAVAO,DAVAO_PETRON SASA,UNDOCKING,,,,,,,
02/22/2025,05:10,02/22/2025,06:40,CEBU STRAIT,INSULAR OIL CORPORATION,MT MARINGAL,DAVAO,DAVAO_INSULAR OIL,DOCKING,,,305,,,,
02/22/2025,05:50,02/22/2025,06:35,AMATA MARU,INSULAR OIL CORPORATION,MT MARINGAL,DAVAO,DAVAO_INSULAR OIL,DOCKING,,,305,,,,
02/22/2025,06:00,02/22/2025,15:10,PANAY GULF,PHIL-CEB MARINE SERVICES INC.,MV WU ZHOU 8,DAVAO,DAVAO_THERMA SOUTH,DOCKING,,,,,,,
02/22/2025,06:35,02/23/2025,00:05,LAKANDULA,INSULAR OIL CORPORATION,MT MARINGAL,DAVAO,DAVAO_INSULAR OIL,TENDING,,,305,,,,
02/22/2025,06:45,02/22/2025,23:10,AMATA MARU,BEN LINE AGENCIES PHILS INC,MT JAG POOJA,DAVAO,DAVAO_INSULAR OIL,TENDING,,,,,,,
02/22/2025,07:00,02/22/2025,08:00,CEBU STRAIT,WINDBAY SHIPPING AND LOGISTICS INC.,MV ARIADNI,DAVAO,DAVAO_LEGASPI OIL,UNDOCKING,,,,,,,
02/22/2025,07:10,02/22/2025,08:05,AMATA MARU,WINDBAY SHIPPING AND LOGISTICS INC.,MV ARIADNI,DAVAO,DAVAO_LEGASPI OIL,UNDOCKING,,,,,,,
02/22/2025,07:10,02/22/2025,08:05,FORTIS VIII,WINDBAY SHIPPING AND LOGISTICS INC.,MV ARIADNI,DAVAO,DAVAO_LEGASPI OIL,UNDOCKING,,,,,,,
02/22/2025,08:30,02/22/2025,15:00,BOHOL SEA,PHIL-CEB MARINE SERVICES INC.,MV WU ZHOU 8,DAVAO,DAVAO_THERMA SOUTH,DOCKING,,,,,,,
02/22/2025,08:55,02/22/2025,10:30,AMATA MARU,OMS SHIPPING SERVICES AND LOGISTICS INC.,MV OCEAN BRIGHT,DAVAO,DAVAO_KUDOS,SHIFTING,,,,,,,
02/22/2025,08:55,02/22/2025,10:00,PACIFIC ROSE 10,"WILHELMSEN-SMITH BELL SHIPPING, INC.",MT WECO MALOU,LEYTE,LEYTE_VISPET,UNDOCKING,,,,,,,
02/22/2025,09:00,02/22/2025,10:20,ANRIA,"WILHELMSEN-SMITH BELL SHIPPING, INC.",MT WECO MALOU,LEYTE,LEYTE_VISPET,UNDOCKING,,,,,,,
02/22/2025,09:00,02/22/2025,09:25,CEBU STRAIT,OMS SHIPPING SERVICES AND LOGISTICS INC.,MV OCEAN BRIGHT,DAVAO,DAVAO_KUDOS,UNDOCKING,,Shifting: Undocking from berth 2 to docking to berth 1,,,,,
02/22/2025,09:25,02/22/2025,10:20,CEBU STRAIT,OMS SHIPPING SERVICES AND LOGISTICS INC.,MV OCEAN BRIGHT,DAVAO,DAVAO_KUDOS,DOCKING,,Shifting: Undocking from berth 2 to docking to berth 1,,,,,
02/22/2025,09:30,02/22/2025,10:30,AMATA MARU,OMS SHIPPING SERVICES AND LOGISTICS INC.,MV OCEAN BRIGHT,DAVAO,DAVAO_KUDOS,DOCKING,,,,,,,
02/22/2025,09:30,02/22/2025,10:10,PACIFIC ROSE 9,"WILHELMSEN-SMITH BELL SHIPPING, INC.",MT WECO MALOU,LEYTE,LEYTE_VISPET,UNDOCKING,,,,,,,
02/22/2025,10:35,02/22/2025,12:25,AMATA MARU,OMS SHIPPING SERVICES AND LOGISTICS INC.,MV TAN AN DYNAMIC,DAVAO,DAVAO_KUDOS,DOCKING,,,,,,,
02/22/2025,10:55,02/22/2025,12:35,CEBU STRAIT,OMS SHIPPING SERVICES AND LOGISTICS INC.,MV TAN AN DYNAMIC,DAVAO,DAVAO_KUDOS,DOCKING,,,,,,,
02/22/2025,12:40,02/22/2025,13:55,PACIFIC ROSE 15,"MAR-SHIPS AGENCY, INC.",MT HAFNIA LEOPARD,CDO,CDO_PDOC,UNDOCKING,,,,,,,
02/22/2025,12:45,02/22/2025,14:00,PACIFICROSE 11,"MAR-SHIPS AGENCY, INC.",MT HAFNIA LEOPARD,CDO,CDO_PDOC,UNDOCKING,,,,,,,
02/22/2025,12:47,02/22/2025,13:58,PACIFIC ROSE 8,"MAR-SHIPS AGENCY, INC.",MT HAFNIA LEOPARD,CDO,CDO_PDOC,UNDOCKING,,,,,,,
02/22/2025,17:20,02/22/2025,17:57,TUG 20,SITE RESOURCES DEVELOPMENT CORPORATION,MT PANGLAO ISLAND,JIMENEZ,JIMENEZ_SRDC JIMENEZ,DOCKING,,,895,,,,
02/23/2025,00:00,02/23/2025,00:50,AMATA MARU,INSULAR OIL CORPORATION,MT MARINGAL,DAVAO,DAVAO_INSULAR OIL,UNDOCKING,,,305,,,,
02/23/2025,00:00,02/23/2025,00:50,CEBU STRAIT,INSULAR OIL CORPORATION,MT MARINGAL,DAVAO,DAVAO_INSULAR OIL,UNDOCKING,,,305,,,,
02/23/2025,04:50,02/23/2025,05:40,TABANGAO,INSULAR OIL CORPORATION,MT BULUSAN,CEBU,CEBU_SPEC PITALO,UNDOCKING,,,229,,,,
02/23/2025,04:50,02/23/2025,05:40,ZAMBOANGA STAR,INSULAR OIL CORPORATION,MT BULUSAN,CEBU,CEBU_SPEC PITALO,UNDOCKING,,,229,,,,
02/23/2025,05:00,02/23/2025,06:00,PITALO MOORING BOAT,INSULAR OIL CORPORATION,MT BULUSAN,CEBU,CEBU_SPEC PITALO,UNMOORING,,,229,,,,
02/23/2025,05:40,02/23/2025,07:45,NHTC 5,"MAR-SHIPS AGENCY, INC.",MT HAFNIA LEOPARD,CEBU,CEBU_SPEC PITALO,DOCKING,,,,,,,
02/23/2025,05:40,02/23/2025,07:05,SIDE ARM,"MAR-SHIPS AGENCY, INC.",MT HAFNIA LEOPARD,CEBU,CEBU_SPEC PITALO,DOCKING,,,,,,,
02/23/2025,05:40,02/23/2025,07:45,TABANGAO,"MAR-SHIPS AGENCY, INC.",MT HAFNIA LEOPARD,CEBU,CEBU_SPEC PITALO,DOCKING,,,,,,,
02/23/2025,07:45,02/24/2025,05:20,NHTC 5,"MAR-SHIPS AGENCY, INC.",MT HAFNIA LEOPARD,CEBU,CEBU_SPEC PITALO,TENDING,,,,,,,
02/23/2025,07:45,02/24/2025,05:30,TABANGAO,"MAR-SHIPS AGENCY, INC.",MT HAFNIA LEOPARD,CEBU,CEBU_SPEC PITALO,TENDING,,,,,,,
02/24/2025,05:30,02/24/2025,07:10,NHTC 5,"MAR-SHIPS AGENCY, INC.",MT HAFNIA LEOPARD,CEBU,CEBU_SPEC PITALO,UNDOCKING,,,,,,,
02/24/2025,05:30,02/24/2025,07:10,SIDE ARM,"MAR-SHIPS AGENCY, INC.",MT HAFNIA LEOPARD,CEBU,CEBU_SPEC PITALO,UNDOCKING,,,,,,,
02/24/2025,05:30,02/24/2025,07:10,TABANGAO,"MAR-SHIPS AGENCY, INC.",MT HAFNIA LEOPARD,CEBU,CEBU_SPEC PITALO,UNDOCKING,,,,,,,
02/24/2025,06:40,02/24/2025,07:55,BOHOL SEA,INSULAR OIL CORPORATION,MT CASANDRA,DAVAO,DAVAO_INSULAR OIL,DOCKING,,,377,,,,
02/24/2025,06:50,02/24/2025,08:00,CEBU STRAIT,INSULAR OIL CORPORATION,MT CASANDRA,DAVAO,DAVAO_INSULAR OIL,DOCKING,,,376,,,,
02/24/2025,07:45,02/24/2025,19:40,LAKANDULA,INSULAR OIL CORPORATION,MT CASANDRA,DAVAO,DAVAO_INSULAR OIL,TENDING,,,376,,,,
02/24/2025,19:40,02/24/2025,20:30,AMATA MARU,INSULAR OIL CORPORATION,MT CASANDRA,DAVAO,DAVAO_INSULAR OIL,UNDOCKING,,,376,,,,
02/24/2025,19:45,02/24/2025,20:50,PANAY GULF,INSULAR OIL CORPORATION,MT CASANDRA,DAVAO,DAVAO_INSULAR OIL,UNDOCKING,,,376,,,,
02/24/2025,20:50,02/24/2025,22:20,AMATA MARU,NARRA TANKERS CORP,NTC HARIBON,DAVAO,DAVAO_PETRON SASA,DOCKING,,,,,,,
02/24/2025,21:00,02/24/2025,22:25,PANAY GULF,NARRA TANKERS CORP,NTC HARIBON,DAVAO,DAVAO_PETRON SASA,DOCKING,,,,,,,
02/25/2025,05:55,02/25/2025,07:15,AMATA MARU,INSULAR OIL CORPORATION,MT CASANDRA,DAVAO,DAVAO_SRDC SASA,DOCKING,,,376,,,,
02/25/2025,06:00,02/25/2025,07:15,PANAY GULF,INSULAR OIL CORPORATION,MT CASANDRA,DAVAO,DAVAO_SRDC SASA,DOCKING,,,376,,,,
02/25/2025,08:50,02/25/2025,11:05,PACIFIC ROSE 10,"MAR-SHIPS AGENCY, INC.",MT HAFNIA LEOPARD,LEYTE,LEYTE_VISPET,BOARDING FORMALITIES,,,,,,,
02/25/2025,10:15,02/25/2025,12:35,ANRIA,"MAR-SHIPS AGENCY, INC.",MT HAFNIA LEOPARD,LEYTE,LEYTE_VISPET,DOCKING,,,,,,,
02/25/2025,10:55,02/25/2025,13:10,PACIFIC ROSE 9,"MAR-SHIPS AGENCY, INC.",MT HAFNIA LEOPARD,LEYTE,LEYTE_VISPET,DOCKING,,,,,,,
02/25/2025,11:35,02/25/2025,13:00,PACIFIC ROSE 10,"MAR-SHIPS AGENCY, INC.",MT HAFNIA LEOPARD,LEYTE,LEYTE_VISPET,DOCKING,,,,,,,
02/25/2025,11:45,02/25/2025,12:45,AMATA MARU,NARRA TANKERS CORP,NTC HARIBON,DAVAO,DAVAO_PETRON SASA,UNDOCKING,,,,,,,
02/25/2025,12:00,02/25/2025,12:50,PANAY GULF,NARRA TANKERS CORP,NTC HARIBON,DAVAO,DAVAO_PETRON SASA,UNDOCKING,,,,0.83,#DIV/0!,,
02/26/2025,01:30,02/26/2025,02:30,BOHOL SEA,INSULAR OIL CORPORATION,MT CASANDRA,DAVAO,DAVAO_SRDC SASA,UNDOCKING,,,376,,,,
02/26/2025,01:45,02/26/2025,02:40,CEBU STRAIT,INSULAR OIL CORPORATION,MT CASANDRA,DAVAO,DAVAO_SRDC SASA,UNDOCKING,,,376,,,,
02/26/2025,07:45,02/26/2025,09:15,CEBU STRAIT,OMS SHIPPING SERVICES AND LOGISTICS INC.,MV TAN AN DYNAMIC,DAVAO,DAVAO_KUDOS,UNDOCKING,,,,,,,
02/26/2025,07:50,02/26/2025,09:20,AMATA MARU,OMS SHIPPING SERVICES AND LOGISTICS INC.,MV TAN AN DYNAMIC,DAVAO,DAVAO_KUDOS,UNDOCKING,,,,,,,
02/26/2025,11:00,02/26/2025,12:00,SIDE ARM,SITE RESOURCES DEVELOPMENT CORPORATION,MT MARINGAL,CEBU,CEBU_SRDC LAPU LAPU,DOCKING,,,305,,,,
02/26/2025,11:10,02/26/2025,12:15,NHTC 5,SITE RESOURCES DEVELOPMENT CORPORATION,MT MARINGAL,CEBU,CEBU_SRDC LAPU LAPU,DOCKING,,,305,,,,
02/26/2025,11:43,02/26/2025,12:14,CEBU MOORING BOAT,SITE RESOURCES DEVELOPMENT CORPORATION,MT MARINGAL,CEBU,CEBU_SRDC LAPU LAPU,MOORING,,,305,,,,
02/26/2025,21:45,02/26/2025,23:50,SUN JIN NO.505,PETROTRADE PHILIPPINES INC,MT QUINGUA,BATANGAS,BATANGAS_SRDC BATANGAS,DOCKING,,,378,,,,
02/27/2025,00:20,02/27/2025,01:50,AMATA MARU,SOUTHWEST SHIPS AGENCIES INC,MT FENG YI 6,DAVAO,DAVAO_SHELL SASA,DOCKING,,,,1.50,#DIV/0!,,
02/27/2025,00:20,02/27/2025,02:00,CEBU STRAIT,SOUTHWEST SHIPS AGENCIES INC,MT FENG YI 6,DAVAO,DAVAO_SHELL SASA,DOCKING,,,,1.67,#DIV/0!,,
02/27/2025,00:30,02/27/2025,01:30,SIDE ARM,SITE RESOURCES DEVELOPMENT CORPORATION,MT MARINGAL,CEBU,CEBU_SRDC LAPU LAPU,UNDOCKING,,,305,1.00,#DIV/0!,,
02/27/2025,00:35,02/27/2025,01:35,NHTC 5,SITE RESOURCES DEVELOPMENT CORPORATION,MT MARINGAL,CEBU,CEBU_SRDC LAPU LAPU,UNDOCKING,,,305,,,,
02/27/2025,01:12,02/27/2025,02:12,CEBU MOORING BOAT,SITE RESOURCES DEVELOPMENT CORPORATION,MT MARINGAL,CEBU,CEBU_SRDC LAPU LAPU,UNMOORING,,,305,,,,
02/27/2025,05:40,02/27/2025,10:40,BOHOL SEA,PHIL-CEB MARINE SERVICES INC.,MV WU ZHOU 8,DAVAO,DAVAO_THERMA SOUTH,UNDOCKING,,,,,,,
02/27/2025,05:40,02/27/2025,10:35,PANAY GULF,PHIL-CEB MARINE SERVICES INC.,MV WU ZHOU 8,DAVAO,DAVAO_THERMA SOUTH,UNDOCKING,,,,,,,
02/27/2025,07:50,02/27/2025,09:05,PACIFIC ROSE 10,"MAR-SHIPS AGENCY, INC.",MT HAFNIA LEOPARD,LEYTE,LEYTE_VISPET,UNDOCKING,,,,,,,
02/27/2025,07:50,02/27/2025,09:05,PACIFIC ROSE 9,"MAR-SHIPS AGENCY, INC.",MT HAFNIA LEOPARD,LEYTE,LEYTE_VISPET,UNDOCKING,,,,,,,
02/27/2025,08:10,02/27/2025,09:10,ANRIA,"MAR-SHIPS AGENCY, INC.",MT HAFNIA LEOPARD,LEYTE,LEYTE_VISPET,UNDOCKING,,,,,,,
02/27/2025,09:15,02/27/2025,10:40,CEBU STRAIT,INSULAR OIL CORPORATION,MT CASANDRA,DAVAO,DAVAO_INSULAR OIL,DOCKING,,,377,,,,
02/27/2025,09:30,02/27/2025,10:40,AMATA MARU,INSULAR OIL CORPORATION,MT CASANDRA,DAVAO,DAVAO_INSULAR OIL,DOCKING,,,377,,,,
02/27/2025,10:30,02/27/2025,22:05,LAKANDULA,INSULAR OIL CORPORATION,MT CASANDRA,DAVAO,DAVAO_INSULAR OIL,TENDING,,,377,,,,
02/27/2025,15:05,02/27/2025,16:50,SUN JIN NO.505,PETROTRADE PHILIPPINES INC,MT QUINGUA,BATANGAS,BATANGAS_SRDC BATANGAS,UNDOCKING,,,378,,,,
02/27/2025,15:40,02/27/2025,17:00,AMATA MARU,SOUTHWEST SHIPS AGENCIES INC,MT FENG YI 6,DAVAO,DAVAO_SHELL SASA,UNDOCKING,,,,,,,
02/27/2025,15:40,02/27/2025,16:50,CEBU STRAIT,SOUTHWEST SHIPS AGENCIES INC,MT FENG YI 6,DAVAO,DAVAO_SHELL SASA,UNDOCKING,,,,,,,
02/27/2025,22:00,02/27/2025,23:00,AMATA MARU,INSULAR OIL CORPORATION,MT CASANDRA,DAVAO,DAVAO_INSULAR OIL,UNDOCKING,,,377,,,,
02/27/2025,22:10,02/27/2025,23:15,PANAY GULF,INSULAR OIL CORPORATION,MT CASANDRA,DAVAO,DAVAO_INSULAR OIL,UNDOCKING,,,377,,,,
02/28/2025,06:05,02/28/2025,07:42,TUG 20,SITE RESOURCES DEVELOPMENT CORPORATION,MT MARINGAL,JIMENEZ,JIMENEZ_SRDC JIMENEZ,DOCKING,,,305,,,,
02/28/2025,12:20,02/28/2025,14:25,BATANGAS MOORING BOAT,HERMA SHIPPING AND TRANSPORT CORPORATION,MT MALINGAP,BATANGAS,BATANGAS_SRDC BATANGAS,MOORING,,,375,,,,
02/28/2025,12:20,02/28/2025,14:35,CHOKWANG,SITE RESOURCES DEVELOPMENT CORPORATION,MT MALINGAP,BATANGAS,BATANGAS_SRDC BATANGAS,DOCKING,,,375,,,,
02/28/2025,12:20,02/28/2025,14:25,SUN JIN NO.505,SITE RESOURCES DEVELOPMENT CORPORATION,MT MALINGAP,BATANGAS,BATANGAS_SRDC BATANGAS,DOCKING,,,375,,,,
02/28/2025,14:45,02/28/2025,16:15,AMATA MARU,PHIL-CEB MARINE SERVICES INC.,MV RASALAS,DAVAO,DAVAO_SASA PORT,DOCKING,local,Smoth Assit,202504,,,,
02/28/2025,14:50,02/28/2025,16:20,PANAY GULF,PHIL-CEB MARINE SERVICES INC.,MV RASALAS,DAVAO,DAVAO_SASA PORT,DOCKING,local,,202504,,,,
03/01/2025,06:35,03/01/2025,07:35,BOHOL SEA,PHIL-CEB MARINE SERVICES INC.,MV RASALAS,DAVAO,DAVAO_SASA PORT,UNDOCKING,local,,202504,,,,
03/01/2025,06:40,03/01/2025,07:40,CEBU STRAIT,PHIL-CEB MARINE SERVICES INC.,MV RASALAS,DAVAO,DAVAO_SASA PORT,UNDOCKING,local,,202504,,,,
03/01/2025,10:15,03/01/2025,11:50,BATANGAS MOORING BOAT,SITE RESOURCES DEVELOPMENT CORPORATION,MT PANGLAO ISLAND,BATANGAS,BATANGAS_SRDC BATANGAS,MOORING,,,896,,,,
03/01/2025,10:15,03/01/2025,11:50,CHOKWANG,SITE RESOURCES DEVELOPMENT CORPORATION,MT PANGLAO ISLAND,BATANGAS,BATANGAS_SRDC BATANGAS,DOCKING,,,896,,,,
03/01/2025,11:30,03/01/2025,12:30,SUN JIN NO.505,HERMA SHIPPING AND TRANSPORT CORPORATION,MT MALINGAP,BATANGAS,BATANGAS_SRDC BATANGAS,UNDOCKING,,,375,,,,
03/01/2025,11:50,03/01/2025,13:05,BATANGAS MOORING BOAT,HERMA SHIPPING AND TRANSPORT CORPORATION,MT MALINGAP,BATANGAS,BATANGAS_SRDC BATANGAS,UNMOORING,,,375,,,,
03/01/2025,11:50,03/01/2025,13:05,CHOKWANG,HERMA SHIPPING AND TRANSPORT CORPORATION,MT MALINGAP,BATANGAS,BATANGAS_SRDC BATANGAS,UNDOCKING,,,375,,,,
03/02/2025,05:30,03/02/2025,06:30,BATANGAS MOORING BOAT,SITE RESOURCES DEVELOPMENT CORPORATION,MT PANGLAO ISLAND,BATANGAS,BATANGAS_SRDC BATANGAS,UNMOORING,,,896,,,,
03/02/2025,05:30,03/02/2025,06:30,CHOKWANG,SITE RESOURCES DEVELOPMENT CORPORATION,MT PANGLAO ISLAND,BATANGAS,BATANGAS_SRDC BATANGAS,UNDOCKING,,,896,,,,
03/02/2025,05:40,03/02/2025,06:30,SUN JIN NO.505,PETROTRADE PHILIPPINES INC,MT SASA,BATANGAS,BATANGAS_SRDC BATANGAS,UNDOCKING,,,217,,,,
03/02/2025,16:00,03/02/2025,17:10,BOHOL SEA,OMS SHIPPING SERVICES AND LOGISTICS INC.,MV OCEAN BRIGHT,DAVAO,DAVAO_KUDOS,UNDOCKING,,,,,,,
03/02/2025,16:00,03/02/2025,17:00,CEBU STRAIT,OMS SHIPPING SERVICES AND LOGISTICS INC.,MV OCEAN BRIGHT,DAVAO,DAVAO_KUDOS,UNDOCKING,,,,,,,
03/02/2025,17:10,03/02/2025,19:00,BOHOL SEA,OMS SHIPPING SERVICES AND LOGISTICS INC.,MV TAN AN DYNAMIC,DAVAO,DAVAO_KUDOS,DOCKING,,,,,,,
03/02/2025,17:30,03/02/2025,19:00,CEBU STRAIT,OMS SHIPPING SERVICES AND LOGISTICS INC.,MV TAN AN DYNAMIC,DAVAO,DAVAO_KUDOS,DOCKING,,,,,,,
03/03/2025,05:35,03/03/2025,07:05,PANAY GULF,INSULAR OIL CORPORATION,MT CASANDRA,DAVAO,DAVAO_SRDC SASA,DOCKING,,,377,,,,
03/03/2025,05:40,03/03/2025,07:00,AMATA MARU,INSULAR OIL CORPORATION,MT CASANDRA,DAVAO,DAVAO_SRDC SASA,DOCKING,,,377,,,,
03/03/2025,10:25,03/03/2025,14:15,SUN JIN NO.505,ESGUERRA SHIPPING CORPORATION,MT MAGINOO,BATANGAS,BATANGAS_PETRON MABINI,DOCKING,,,,,,,
03/04/2025,03:25,03/04/2025,05:45,PANAY GULF,GAC PHILIPPINES INC,MV AFRICAN FLAMINGO,DAVAO,DAVAO_SASA PORT,DOCKING,,,,,,,
03/04/2025,03:30,03/04/2025,15:10,AMATA MARU,GAC PHILIPPINES INC,MV AFRICAN FLAMINGO,DAVAO,DAVAO_SASA PORT,DOCKING,,,,,,,
03/04/2025,03:45,03/04/2025,06:15,CEBU STRAIT,GAC PHILIPPINES INC,MV AFRICAN FLAMINGO,DAVAO,DAVAO_SASA PORT,DOCKING,,,,,,,
03/04/2025,03:45,03/04/2025,06:00,CHOKWANG,ESGUERRA SHIPPING CORPORATION,MT MAGINOO,BATANGAS,BATANGAS_PETRON MABINI,UNDOCKING,,,,,,,
03/04/2025,05:45,03/04/2025,08:40,PANAY GULF,"MAR-SHIPS AGENCY, INC.",MT AQUILA,DAVAO,DAVAO_NEW DAVAO OIL MILL,DOCKING,,,01/25,,,,
03/04/2025,05:47,03/04/2025,07:25,PACIFIC ROSE 8,INSULAR OIL CORPORATION,MT CHELSEA ENDURANCE,CDO,CDO_PDOC,DOCKING,,,253,,,,
03/04/2025,05:50,03/04/2025,08:30,AMATA MARU,"MAR-SHIPS AGENCY, INC.",MT AQUILA,DAVAO,DAVAO_NEW DAVAO OIL MILL,DOCKING,,,01/25,,,,
03/04/2025,05:50,03/04/2025,07:25,PACIFIC ROSE 15,INSULAR OIL CORPORATION,MT CHELSEA ENDURANCE,CDO,CDO_PDOC,DOCKING,,,253,,,,
03/04/2025,11:00,03/04/2025,12:55,CEBU STRAIT,CLIO SHIPPING AND LOGISTICS PHILS. INC,MV SPRING SHINE,DAVAO,DAVAO_SASA PORT,DOCKING,,,,,,,
03/04/2025,11:10,03/04/2025,12:45,BOHOL SEA,CLIO SHIPPING AND LOGISTICS PHILS. INC,MV SPRING SHINE,DAVAO,DAVAO_SASA PORT,DOCKING,,,,,,,
03/05/2025,01:10,03/05/2025,03:40,MAGSINO,BEN LINE AGENCIES PHILS INC,MT JAG POOJA,SUBIC,SUBIC_COASTAL,DOCKING,,BAF,,,,,
03/05/2025,01:20,03/05/2025,03:40,MALASUGUI-1,BEN LINE AGENCIES PHILS INC,MT JAG POOJA,SUBIC,SUBIC_COASTAL,DOCKING,,BAF,,,,,
03/05/2025,05:00,03/05/2025,09:00,AMATA MARU,FULLSTEAM SHIPPING CORPORATION,MV BARROSA,DAVAO,DAVAO_HOLCIM,DOCKING,,,,,,,
03/05/2025,05:00,03/05/2025,09:05,PANAY GULF,FULLSTEAM SHIPPING CORPORATION,MV BARROSA,DAVAO,DAVAO_HOLCIM,DOCKING,,,,,,,
03/05/2025,12:15,03/05/2025,14:15,BATANGAS MOORING BOAT,SITE RESOURCES DEVELOPMENT CORPORATION,MT MARINGAL,BATANGAS,BATANGAS_SRDC BATANGAS,MOORING,,,306,,,,
03/05/2025,12:15,03/05/2025,14:15,CHOKWANG,SITE RESOURCES DEVELOPMENT CORPORATION,MT MARINGAL,BATANGAS,BATANGAS_SRDC BATANGAS,DOCKING,,,306,,,,
03/05/2025,15:00,03/05/2025,17:10,AMATA MARU,"MAR-SHIPS AGENCY, INC.",MT AQUILA,DAVAO,DAVAO_NEW DAVAO OIL MILL,UNDOCKING,,,01/25,,,,
03/05/2025,15:00,03/05/2025,17:10,PANAY GULF,"MAR-SHIPS AGENCY, INC.",MT AQUILA,DAVAO,DAVAO_NEW DAVAO OIL MILL,UNDOCKING,,,01/25,,,,
03/05/2025,18:30,03/05/2025,19:35,CEBU STRAIT,INSULAR OIL CORPORATION,MT CASANDRA,DAVAO,DAVAO_SRDC SASA,UNDOCKING,,CM Reyes on duty,377,,,,
03/05/2025,18:40,03/05/2025,19:20,BOHOL SEA,INSULAR OIL CORPORATION,MT CASANDRA,DAVAO,DAVAO_SRDC SASA,UNDOCKING,,,377,,,,
03/05/2025,20:00,03/05/2025,21:00,BOHOL SEA,SITE RESOURCES DEVELOPMENT CORPORATION,MT PANGLAO ISLAND,DAVAO,DAVAO_SRDC SASA,DOCKING,,,896,1.00,#DIV/0!,,
03/05/2025,20:00,03/05/2025,21:00,PANAY GULF,SITE RESOURCES DEVELOPMENT CORPORATION,MT PANGLAO ISLAND,DAVAO,DAVAO_SRDC SASA,DOCKING,,,896,1.00,#DIV/0!,,
03/05/2025,22:00,03/05/2025,23:30,DAVAO MOORING BOAT,SITE RESOURCES DEVELOPMENT CORPORATION,MT PANGLAO ISLAND,DAVAO,DAVAO_SRDC SASA,MOORING,,,896,,,,
03/06/2025,06:35,03/06/2025,07:55,MALASUGUI-1,BEN LINE AGENCIES PHILS INC,MT JAG POOJA,SUBIC,SUBIC_COASTAL,UNDOCKING,,BAF,,,,,
03/06/2025,06:35,03/06/2025,07:55,MANGYAN,BEN LINE AGENCIES PHILS INC,MT JAG POOJA,SUBIC,SUBIC_COASTAL,UNDOCKING,,BAF,,,,,
03/06/2025,07:55,03/06/2025,09:50,MALASUGUI-1,BEN LINE AGENCIES PHILS INC,MT JAG POOJA,SUBIC,SUBIC_PPC TERMINAL,DOCKING,,,,,,,
03/06/2025,07:55,03/06/2025,09:45,MANGYAN,BEN LINE AGENCIES PHILS INC,MT JAG POOJA,SUBIC,SUBIC_PPC TERMINAL,DOCKING,,,,,,,
03/06/2025,09:00,03/06/2025,10:25,PANAY GULF,SMC SHIPPING AND LIGHTERAGE CORP,SL TINDALO,DAVAO,DAVAO_PETRON SASA,DOCKING,,,,,,,
03/06/2025,09:10,03/06/2025,10:05,BOHOL SEA,SMC SHIPPING AND LIGHTERAGE CORP,SL TINDALO,DAVAO,DAVAO_PETRON SASA,DOCKING,,,,,,,
03/06/2025,09:40,03/06/2025,10:30,BATANGAS MOORING BOAT,SITE RESOURCES DEVELOPMENT CORPORATION,MT MARINGAL,BATANGAS,BATANGAS_SRDC BATANGAS,UNMOORING,,,306,,,,
03/06/2025,09:40,03/06/2025,10:30,SUN JIN NO.505,SITE RESOURCES DEVELOPMENT CORPORATION,MT MARINGAL,BATANGAS,BATANGAS_SRDC BATANGAS,UNDOCKING,,,306,,,,
03/06/2025,10:05,03/06/2025,11:20,BOHOL SEA,SITE RESOURCES DEVELOPMENT CORPORATION,MT PANGLAO ISLAND,DAVAO,DAVAO_SRDC SASA,UNDOCKING,,,896,,,,
03/06/2025,10:25,03/06/2025,11:15,PANAY GULF,SITE RESOURCES DEVELOPMENT CORPORATION,MT PANGLAO ISLAND,DAVAO,DAVAO_SRDC SASA,UNDOCKING,,,896,,,,
03/06/2025,17:00,03/06/2025,18:20,BOHOL SEA,CLIO SHIPPING AND LOGISTICS PHILS. INC,MV SPRING SHINE,DAVAO,DAVAO_SASA PORT,UNDOCKING,,,,,,,
03/06/2025,17:00,03/06/2025,18:15,CEBU STRAIT,CLIO SHIPPING AND LOGISTICS PHILS. INC,MV SPRING SHINE,DAVAO,DAVAO_SASA PORT,UNDOCKING,,CM Reyes on duty,,,,,
03/06/2025,19:00,03/06/2025,21:00,DAVAO MOORING BOAT,SITE RESOURCES DEVELOPMENT CORPORATION,MT PANGLAO ISLAND,DAVAO,DAVAO_SRDC SASA,UNMOORING,,,896,,,,
03/07/2025,01:00,03/07/2025,02:30,CEBU STRAIT,PHIL-CEB MARINE SERVICES INC.,MV QUANG MINH 29,DAVAO,DAVAO_SASA PORT,DOCKING,foreign,CM Reyes on duty,45741,,,,
03/07/2025,01:00,03/07/2025,02:45,PANAY GULF,PHIL-CEB MARINE SERVICES INC.,MV QUANG MINH 29,DAVAO,DAVAO_SASA PORT,DOCKING,foreign,,45741,,,,
03/07/2025,02:25,03/07/2025,03:30,BOHOL SEA,SMC SHIPPING AND LIGHTERAGE CORP,SL TINDALO,DAVAO,DAVAO_PETRON SASA,UNDOCKING,,,,,,,
03/07/2025,02:50,03/07/2025,03:45,CEBU STRAIT,SMC SHIPPING AND LIGHTERAGE CORP,SL TINDALO,DAVAO,DAVAO_PETRON SASA,UNDOCKING,,CM Reyes on duty,,,,,
03/07/2025,05:55,03/07/2025,07:30,TUG 20,PACIFICROSE SHIPPING SERVICES INC.,MT SK LINE 1,JIMENEZ,JIMENEZ_TMOMI,DOCKING,,,,,,,
03/07/2025,06:20,03/07/2025,08:30,MALASUGUI-1,BEN LINE AGENCIES PHILS INC,MT JAG POOJA,SUBIC,SUBIC_PPC TERMINAL,UNDOCKING,,,,,,,
03/07/2025,06:30,03/07/2025,07:50,BOHOL SEA,INSULAR OIL CORPORATION,MT CASANDRA,DAVAO,DAVAO_INSULAR OIL,DOCKING,,,378,,,,
03/07/2025,06:35,03/07/2025,08:00,CEBU STRAIT,INSULAR OIL CORPORATION,MT CASANDRA,DAVAO,DAVAO_INSULAR OIL,DOCKING,,CM Reyes on duty,378,,,,
03/07/2025,07:20,03/07/2025,08:50,STANFORD,BEN LINE AGENCIES PHILS INC,MT JAG POOJA,SUBIC,SUBIC_PPC TERMINAL,UNDOCKING,,,,,,,
03/07/2025,07:45,03/07/2025,21:00,LAKANDULA,INSULAR OIL CORPORATION,MT CASANDRA,DAVAO,DAVAO_INSULAR OIL,TENDING,,,378,,,,
03/07/2025,17:30,03/07/2025,18:10,TUG 20,PACIFICROSE SHIPPING SERVICES INC.,MT SK LINE 1,JIMENEZ,JIMENEZ_TMOMI,UNDOCKING,,,,,,,
03/07/2025,18:40,03/07/2025,19:10,PACIFIC ROSE 3,INSULAR OIL CORPORATION,MT CHELSEA ENDURANCE,CDO,CDO_PDOC,UNDOCKING,,,253,,,,
03/07/2025,18:55,03/07/2025,19:15,PACIFICROSE 11,INSULAR OIL CORPORATION,MT CHELSEA ENDURANCE,CDO,CDO_PDOC,UNDOCKING,,,253,,,,
03/07/2025,20:00,03/07/2025,22:20,BATANGAS MOORING BOAT,SITE RESOURCES DEVELOPMENT CORPORATION,MT MARINGAL,BATANGAS,BATANGAS_SRDC BATANGAS,MOORING,,,307,,,,
03/07/2025,20:00,03/07/2025,22:20,CHOKWANG,SITE RESOURCES DEVELOPMENT CORPORATION,MT MARINGAL,BATANGAS,BATANGAS_SRDC BATANGAS,DOCKING,,,307,,,,
03/07/2025,21:00,03/07/2025,22:05,BOHOL SEA,INSULAR OIL CORPORATION,MT CASANDRA,DAVAO,DAVAO_INSULAR OIL,UNDOCKING,,,378,,,,
03/07/2025,21:00,03/07/2025,21:55,PANAY GULF,INSULAR OIL CORPORATION,MT CASANDRA,DAVAO,DAVAO_INSULAR OIL,UNDOCKING,,,378,,,,
03/08/2025,07:00,03/08/2025,08:25,BOHOL SEA,INSULAR OIL CORPORATION,MT CASANDRA,DAVAO,DAVAO_PHOENIX SASA,DOCKING,,,378,,,,
03/08/2025,07:00,03/08/2025,08:25,PANAY GULF,INSULAR OIL CORPORATION,MT CASANDRA,DAVAO,DAVAO_PHOENIX SASA,DOCKING,,,378,,,,
03/08/2025,07:30,03/08/2025,09:55,SUGBU 5,INSULAR OIL CORPORATION,MT ECO II,CEBU,CEBU_SPEC PITALO,DOCKING,,,,,,,
03/08/2025,07:30,03/08/2025,09:55,TABANGAO,INSULAR OIL CORPORATION,MT ECO II,CEBU,CEBU_SPEC PITALO,DOCKING,,,,,,,
03/08/2025,08:30,03/08/2025,09:50,CEBU STRAIT,INSULAR OIL CORPORATION,MT PANGLAO ISLAND,DAVAO,DAVAO_INSULAR OIL,DOCKING,,,897,,,,
03/08/2025,08:35,03/08/2025,09:45,BOHOL SEA,INSULAR OIL CORPORATION,MT PANGLAO ISLAND,DAVAO,DAVAO_INSULAR OIL,DOCKING,,,897,,,,
03/08/2025,08:45,03/09/2025,13:00,PITALO MOORING BOAT,INSULAR OIL CORPORATION,MT ECO II,CEBU,CEBU_SPEC PITALO,UNMOORING,,,,,,,
03/08/2025,08:45,03/09/2025,13:00,PITALO MOORING BOAT,INSULAR OIL CORPORATION,MT ECO II,CEBU,CEBU_SPEC PITALO,MOORING,,,,,,,
03/08/2025,08:50,03/08/2025,10:00,BATANGAS MOORING BOAT,SITE RESOURCES DEVELOPMENT CORPORATION,MT MARINGAL,BATANGAS,BATANGAS_SRDC BATANGAS,UNMOORING,,,307,,,,
03/08/2025,08:50,03/08/2025,10:00,BATANGAS MOORING BOAT,SITE RESOURCES DEVELOPMENT CORPORATION,MT MARINGAL,BATANGAS,BATANGAS_SRDC BATANGAS,UNMOORING,,,307,,,,
03/08/2025,08:50,03/08/2025,10:00,BATANGAS MOORING BOAT,SITE RESOURCES DEVELOPMENT CORPORATION,MT MARINGAL,BATANGAS,BATANGAS_SRDC BATANGAS,MOORING,,,307,,,,
03/08/2025,08:50,03/08/2025,10:00,CHOKWANG,SITE RESOURCES DEVELOPMENT CORPORATION,MT MARINGAL,BATANGAS,BATANGAS_SRDC BATANGAS,SHIFTING,,,307,,,,
03/08/2025,08:55,03/09/2025,12:55,TABANGAO,INSULAR OIL CORPORATION,MT ECO II,CEBU,CEBU_SPEC PITALO,TENDING,,,,,,,
03/08/2025,09:35,03/09/2025,04:35,LAKANDULA,INSULAR OIL CORPORATION,MT PANGLAO ISLAND,DAVAO,DAVAO_INSULAR OIL,TENDING,,,897,,,,
03/08/2025,12:50,03/08/2025,14:00,BOHOL SEA,GAC PHILIPPINES INC,MV AFRICAN FLAMINGO,DAVAO,DAVAO_SASA PORT,UNDOCKING,,,,,,,
03/08/2025,13:00,03/08/2025,14:00,PANAY GULF,GAC PHILIPPINES INC,MV AFRICAN FLAMINGO,DAVAO,DAVAO_SASA PORT,UNDOCKING,,,,,,,
03/08/2025,13:05,03/08/2025,14:05,CEBU STRAIT,GAC PHILIPPINES INC,MV AFRICAN FLAMINGO,DAVAO,DAVAO_SASA PORT,UNDOCKING,,,,,,,
03/08/2025,14:40,03/08/2025,16:50,AMATA MARU,WINDBAY SHIPPING AND LOGISTICS INC.,MV DIMIJOHN A,DAVAO,DAVAO_LEGASPI OIL,DOCKING,,,65,,,,
03/08/2025,14:40,03/08/2025,17:20,CEBU STRAIT,WINDBAY SHIPPING AND LOGISTICS INC.,MV DIMIJOHN A,DAVAO,DAVAO_LEGASPI OIL,DOCKING,,,65,,,,
03/08/2025,14:40,03/08/2025,17:20,PANAY GULF,WINDBAY SHIPPING AND LOGISTICS INC.,MV DIMIJOHN A,DAVAO,DAVAO_LEGASPI OIL,DOCKING,,,65,,,,
03/08/2025,16:50,03/08/2025,18:45,AMATA MARU,FULLSTEAM SHIPPING CORPORATION,MV BARROSA,DAVAO,DAVAO_HOLCIM,UNDOCKING,,,,,,,
03/08/2025,17:20,03/08/2025,18:50,PANAY GULF,FULLSTEAM SHIPPING CORPORATION,MV BARROSA,DAVAO,DAVAO_HOLCIM,UNDOCKING,,,,,,,
03/08/2025,18:00,03/08/2025,20:05,BOHOL SEA,SOUTHWEST SHIPS AGENCIES INC,MT FENG YI 3,DAVAO,DAVAO_SHELL SASA,DOCKING,,,,,,,
03/08/2025,18:00,03/08/2025,20:15,CEBU STRAIT,SOUTHWEST SHIPS AGENCIES INC,MT FENG YI 3,DAVAO,DAVAO_SHELL SASA,DOCKING,,,,,,,
03/08/2025,23:10,03/09/2025,00:00,PANAY GULF,INSULAR OIL CORPORATION,MT CASANDRA,DAVAO,DAVAO_PHOENIX SASA,UNDOCKING,,,378,,,,
03/09/2025,00:40,03/09/2025,01:30,CHOKWANG,SITE RESOURCES DEVELOPMENT CORPORATION,MT MARINGAL,BATANGAS,BATANGAS_SRDC BATANGAS,UNDOCKING,,,307,,,,
03/09/2025,04:25,03/09/2025,05:20,AMATA MARU,INSULAR OIL CORPORATION,MT PANGLAO ISLAND,DAVAO,DAVAO_INSULAR OIL,UNDOCKING,,,897,,,,
03/09/2025,04:30,03/09/2025,06:00,CEBU STRAIT,INSULAR OIL CORPORATION,MT PANGLAO ISLAND,DAVAO,DAVAO_INSULAR OIL,UNDOCKING,,CM Reyes on duty,897,,,,
03/09/2025,04:55,03/09/2025,06:10,CEBU STRAIT,SITE RESOURCES DEVELOPMENT CORPORATION,MT PANGLAO ISLAND,DAVAO,DAVAO_SRDC SASA,DOCKING,,CM Reyes on duty,897,,,,
03/09/2025,05:20,03/09/2025,06:10,AMATA MARU,SITE RESOURCES DEVELOPMENT CORPORATION,MT PANGLAO ISLAND,DAVAO,DAVAO_SRDC SASA,DOCKING,,,897,,,,
03/09/2025,05:25,03/09/2025,06:55,BOHOL SEA,OMS SHIPPING SERVICES AND LOGISTICS INC.,MV TAN AN DYNAMIC,DAVAO,DAVAO_KUDOS,UNDOCKING,,,,,,,
03/09/2025,05:30,03/09/2025,06:00,DAVAO MOORING BOAT,SITE RESOURCES DEVELOPMENT CORPORATION,MT PANGLAO ISLAND,DAVAO,DAVAO_SRDC SASA,MOORING,,,897,,,,
03/09/2025,06:30,03/09/2025,08:15,PACIFIC ROSE 3,WINDBAY SHIPPING AND LOGISTICS INC.,MT KOURION,CDO,CDO_PDOC,BOARDING FORMALITIES,,,99,,,,
03/09/2025,06:35,03/09/2025,07:15,CEBU STRAIT,OMS SHIPPING SERVICES AND LOGISTICS INC.,MV TAN AN DYNAMIC,DAVAO,DAVAO_KUDOS,UNDOCKING,,CM Reyes on duty,,,,,
03/09/2025,06:45,03/09/2025,07:40,AMATA MARU,SOUTHWEST SHIPS AGENCIES INC,MT FENG YI 3,DAVAO,DAVAO_SHELL SASA,UNDOCKING,,,,,,,
03/09/2025,06:55,03/09/2025,07:40,BOHOL SEA,SOUTHWEST SHIPS AGENCIES INC,MT FENG YI 3,DAVAO,DAVAO_SHELL SASA,UNDOCKING,,,,,,,
03/09/2025,09:00,03/09/2025,11:30,PACIFIC ROSE 15,WINDBAY SHIPPING AND LOGISTICS INC.,MT KOURION,CDO,CDO_PDOC,DOCKING,,,99,,,,
03/09/2025,09:00,03/09/2025,11:10,PACIFICROSE 11,WINDBAY SHIPPING AND LOGISTICS INC.,MT KOURION,CDO,CDO_PDOC,DOCKING,,,99,,,,
03/09/2025,09:15,03/09/2025,11:25,PACIFIC ROSE 8,WINDBAY SHIPPING AND LOGISTICS INC.,MT KOURION,CDO,CDO_PDOC,DOCKING,,,99,,,,
03/09/2025,11:00,03/11/2025,07:40,PACIFICROSE 11,WINDBAY SHIPPING AND LOGISTICS INC.,MT KOURION,CDO,CDO_PDOC,TENDING,,,99,,,,
03/09/2025,11:15,03/11/2025,08:25,PACIFIC ROSE 8,WINDBAY SHIPPING AND LOGISTICS INC.,MT KOURION,CDO,CDO_PDOC,TENDING,,,99,,,,
03/09/2025,12:55,03/09/2025,14:10,SUGBU 5,INSULAR OIL CORPORATION,MT ECO II,CEBU,CEBU_SPEC PITALO,UNDOCKING,,,,,,,
03/09/2025,12:55,03/09/2025,14:10,TABANGAO,INSULAR OIL CORPORATION,MT ECO II,CEBU,CEBU_SPEC PITALO,UNDOCKING,,,,,,,
03/09/2025,20:00,03/09/2025,21:00,BOHOL SEA,SITE RESOURCES DEVELOPMENT CORPORATION,MT PANGLAO ISLAND,DAVAO,DAVAO_SRDC SASA,UNDOCKING,,,897,1.00,#DIV/0!,,
03/09/2025,20:00,03/09/2025,21:05,CEBU STRAIT,SITE RESOURCES DEVELOPMENT CORPORATION,MT PANGLAO ISLAND,DAVAO,DAVAO_SRDC SASA,UNDOCKING,,CM Reyes on duty,897,1.08,#DIV/0!,,
03/09/2025,20:30,03/09/2025,23:30,DAVAO MOORING BOAT,SITE RESOURCES DEVELOPMENT CORPORATION,MT PANGLAO ISLAND,DAVAO,DAVAO_SRDC SASA,UNMOORING,,,897,,,,
03/09/2025,23:05,03/10/2025,00:05,AMATA MARU,INSULAR OIL CORPORATION,MT CASANDRA,DAVAO,DAVAO_PHOENIX SASA,UNDOCKING,,,378,,,,
03/10/2025,06:40,03/10/2025,08:05,CEBU STRAIT,INSULAR OIL CORPORATION,MT BULUSAN,DAVAO,DAVAO_INSULAR OIL,DOCKING,,CM Reyes on duty,231,,,,
03/10/2025,06:45,03/10/2025,08:15,AMATA MARU,INSULAR OIL CORPORATION,MT BULUSAN,DAVAO,DAVAO_INSULAR OIL,DOCKING,,,231,,,,
03/10/2025,08:15,03/10/2025,10:20,AMATA MARU,BEN LINE AGENCIES PHILS INC,MV HELI,DAVAO,DAVAO_TEFASCO,DOCKING,,,0225,,,,
03/10/2025,08:15,03/11/2025,07:00,LAKANDULA,INSULAR OIL CORPORATION,MT BULUSAN,DAVAO,DAVAO_INSULAR OIL,TENDING,,,231,,,,
03/10/2025,08:55,03/10/2025,10:40,CEBU STRAIT,BEN LINE AGENCIES PHILS INC,MV HELI,DAVAO,DAVAO_TEFASCO,DOCKING,,CM Reyes on duty,0225,,,,
03/10/2025,16:30,03/10/2025,18:15,NHTC 5,SITE RESOURCES DEVELOPMENT CORPORATION,MT MARINGAL,CEBU,CEBU_SRDC LAPU LAPU,DOCKING,,,307,,,,
03/10/2025,16:50,03/10/2025,18:05,PACIFIC ROSE 14,SITE RESOURCES DEVELOPMENT CORPORATION,MT MARINGAL,CEBU,CEBU_SRDC LAPU LAPU,DOCKING,,,307,,,,
03/10/2025,17:40,03/10/2025,18:20,CEBU MOORING BOAT,SITE RESOURCES DEVELOPMENT CORPORATION,MT MARINGAL,CEBU,CEBU_SRDC LAPU LAPU,MOORING,,,307,,,,
03/11/2025,06:00,03/11/2025,07:10,AMATA MARU,INSULAR OIL CORPORATION,MT BULUSAN,DAVAO,DAVAO_INSULAR OIL,UNDOCKING,,,231,,,,
03/11/2025,06:00,03/11/2025,07:15,BOHOL SEA,INSULAR OIL CORPORATION,MT BULUSAN,DAVAO,DAVAO_INSULAR OIL,UNDOCKING,,,231,,,,
03/11/2025,07:10,03/11/2025,08:30,AMATA MARU,INSULAR OIL CORPORATION,MT PANGLAO ISLAND,DAVAO,DAVAO_INSULAR OIL,DOCKING,,,898,,,,
03/11/2025,07:15,03/11/2025,08:20,BOHOL SEA,INSULAR OIL CORPORATION,MT PANGLAO ISLAND,DAVAO,DAVAO_INSULAR OIL,DOCKING,,,898,,,,
03/11/2025,07:40,03/11/2025,08:25,PACIFICROSE 11,WINDBAY SHIPPING AND LOGISTICS INC.,MT KOURION,CDO,CDO_PDOC,UNDOCKING,,,99,,,,
03/11/2025,07:45,03/11/2025,09:55,PACIFIC ROSE 15,WINDBAY SHIPPING AND LOGISTICS INC.,MT KOURION,CDO,CDO_PDOC,UNDOCKING,,,99,,,,
03/11/2025,07:45,03/11/2025,08:57,PACIFIC ROSE 8,WINDBAY SHIPPING AND LOGISTICS INC.,MT KOURION,CDO,CDO_PDOC,UNDOCKING,,,99,1.20,#DIV/0!,,
03/11/2025,08:15,03/11/2025,23:10,LAKANDULA,INSULAR OIL CORPORATION,MT PANGLAO ISLAND,DAVAO,DAVAO_INSULAR OIL,TENDING,,,898,,,,
03/11/2025,10:00,03/11/2025,11:40,AMATA MARU,OMS SHIPPING SERVICES AND LOGISTICS INC.,MV SUNRISE 69,DAVAO,DAVAO_KUDOS,DOCKING,,,,,,,
03/11/2025,10:00,03/11/2025,11:35,CEBU STRAIT,OMS SHIPPING SERVICES AND LOGISTICS INC.,MV SUNRISE 69,DAVAO,DAVAO_KUDOS,DOCKING,,CM Reyes on duty,,,,,
03/11/2025,13:00,03/11/2025,15:00,CEBU STRAIT,OMS SHIPPING SERVICES AND LOGISTICS INC.,MV TTC HAI PHONG,DAVAO,DAVAO_KUDOS,DOCKING,,CM Reyes on duty,,,,,
03/11/2025,13:30,03/11/2025,14:55,BOHOL SEA,OMS SHIPPING SERVICES AND LOGISTICS INC.,MV TTC HAI PHONG,DAVAO,DAVAO_KUDOS,DOCKING,,,,,,,
03/11/2025,20:25,03/11/2025,21:25,NHTC 5,SITE RESOURCES DEVELOPMENT CORPORATION,MT MARINGAL,CEBU,CEBU_SRDC LAPU LAPU,UNDOCKING,,,307,,,,
03/11/2025,20:40,03/11/2025,21:05,PACIFIC ROSE 14,SITE RESOURCES DEVELOPMENT CORPORATION,MT MARINGAL,CEBU,CEBU_SRDC LAPU LAPU,UNDOCKING,,,307,,,,
03/11/2025,21:00,03/11/2025,21:30,CEBU MOORING BOAT,SITE RESOURCES DEVELOPMENT CORPORATION,MT MARINGAL,CEBU,CEBU_SRDC LAPU LAPU,UNMOORING,,,307,,,,
03/11/2025,22:00,03/11/2025,23:30,BOHOL SEA,NARRA TANKERS CORP,NTC FALCON,DAVAO,DAVAO_PETRON SASA,DOCKING,,,,,,,
03/11/2025,22:10,03/11/2025,23:35,AMATA MARU,NARRA TANKERS CORP,NTC FALCON,DAVAO,DAVAO_PETRON SASA,DOCKING,,,,,,,
03/11/2025,23:30,03/12/2025,00:30,CEBU STRAIT,INSULAR OIL CORPORATION,MT PANGLAO ISLAND,DAVAO,DAVAO_INSULAR OIL,UNDOCKING,,CM Reyes on duty,898,1.00,#DIV/0!,,
03/11/2025,23:35,03/12/2025,00:30,AMATA MARU,INSULAR OIL CORPORATION,MT PANGLAO ISLAND,DAVAO,DAVAO_INSULAR OIL,UNDOCKING,,,898,0.92,#DIV/0!,,
03/12/2025,05:45,03/12/2025,07:15,AMATA MARU,SITE RESOURCES DEVELOPMENT CORPORATION,MT PANGLAO ISLAND,DAVAO,DAVAO_SRDC SASA,DOCKING,,SMOOTH ASSIST ,898,,,,
03/12/2025,05:50,03/12/2025,07:15,CEBU STRAIT,SITE RESOURCES DEVELOPMENT CORPORATION,MT PANGLAO ISLAND,DAVAO,DAVAO_SRDC SASA,DOCKING,,CM Reyes on duty,898,,,,
03/12/2025,05:50,03/12/2025,07:15,DAVAO MOORING BOAT,SITE RESOURCES DEVELOPMENT CORPORATION,MT PANGLAO ISLAND,DAVAO,DAVAO_SRDC SASA,MOORING,,,898,,,,
03/12/2025,09:50,03/12/2025,13:40,PANAY GULF,WINDBAY SHIPPING AND LOGISTICS INC.,MT KOURION,SURIGAO,SURIGAO_CORALES DEPOT,DOCKING,,,99,,,,
03/12/2025,09:53,03/12/2025,13:20,TUG 20,WINDBAY SHIPPING AND LOGISTICS INC.,MT KOURION,SURIGAO,SURIGAO_CORALES DEPOT,DOCKING,,,99,,,,
03/12/2025,10:00,03/12/2025,13:55,HOKUTO,WINDBAY SHIPPING AND LOGISTICS INC.,MT KOURION,SURIGAO,SURIGAO_CORALES DEPOT,DOCKING,,,99,,,,
03/12/2025,13:15,03/12/2025,14:30,AMATA MARU,NARRA TANKERS CORP,NTC FALCON,DAVAO,DAVAO_PETRON SASA,UNDOCKING,,SMOOTH ASSIST ,,,,,
03/12/2025,13:25,03/12/2025,14:35,CEBU STRAIT,NARRA TANKERS CORP,NTC FALCON,DAVAO,DAVAO_PETRON SASA,UNDOCKING,,CM Reyes on duty,,,,,
03/12/2025,13:45,03/14/2025,08:35,PANAY GULF,WINDBAY SHIPPING AND LOGISTICS INC.,MT KOURION,SURIGAO,SURIGAO_CORALES DEPOT,TENDING,,,99,,,,
03/12/2025,14:00,03/14/2025,08:20,HOKUTO,WINDBAY SHIPPING AND LOGISTICS INC.,MT KOURION,SURIGAO,SURIGAO_CORALES DEPOT,TENDING,,,99,,,,
03/12/2025,15:30,03/12/2025,18:20,AMATA MARU,PHIL-CEB MARINE SERVICES INC.,MV SPAN 55,DAVAO,DAVAO_SASA PORT,DOCKING,local,,,,,,
03/12/2025,15:30,03/12/2025,18:25,BOHOL SEA,PHIL-CEB MARINE SERVICES INC.,MV SPAN 55,DAVAO,DAVAO_SASA PORT,DOCKING,local,,,,,,
03/12/2025,16:40,03/12/2025,18:20,CEBU STRAIT,PHIL-CEB MARINE SERVICES INC.,MV SPAN 55,DAVAO,DAVAO_SASA PORT,DOCKING,local,CM Reyes on duty,,,,,
03/12/2025,21:15,03/12/2025,22:20,AMATA MARU,SITE RESOURCES DEVELOPMENT CORPORATION,MT PANGLAO ISLAND,DAVAO,DAVAO_SRDC SASA,UNDOCKING,,,898,,,,
03/12/2025,21:15,03/12/2025,22:20,DAVAO MOORING BOAT,SITE RESOURCES DEVELOPMENT CORPORATION,MT PANGLAO ISLAND,DAVAO,DAVAO_SRDC SASA,UNMOORING,,,898,,,,
03/12/2025,21:20,03/12/2025,22:25,CEBU STRAIT,SITE RESOURCES DEVELOPMENT CORPORATION,MT PANGLAO ISLAND,DAVAO,DAVAO_SRDC SASA,UNDOCKING,,CM Reyes on duty,898,,,,
03/13/2025,05:25,03/13/2025,08:20,CEBU STRAIT,CLIO SHIPPING AND LOGISTICS PHILS. INC,MV AE VENUS,DAVAO,DAVAO_SASA PORT,DOCKING,,CM Reyes on duty,,,,,
03/13/2025,05:40,03/13/2025,08:20,AMATA MARU,CLIO SHIPPING AND LOGISTICS PHILS. INC,MV AE VENUS,DAVAO,DAVAO_SASA PORT,DOCKING,,SMOOTH ,,,,,
03/13/2025,14:05,03/13/2025,15:05,PACIFICROSE 11,INSULAR OIL CORPORATION,MT BULUSAN II,CDO,CDO_PDOC,DOCKING,,, ,,,,
03/13/2025,19:00,03/13/2025,20:30,AMATA MARU,PHIL-CEB MARINE SERVICES INC.,MV SPAN 55,DAVAO,DAVAO_SASA PORT,UNDOCKING,local,SMOOTH  ASSIST ,,,,,
03/13/2025,19:00,03/13/2025,20:30,BOHOL SEA,PHIL-CEB MARINE SERVICES INC.,MV SPAN 55,DAVAO,DAVAO_SASA PORT,UNDOCKING,local,,,,,,
03/14/2025,05:40,03/14/2025,08:00,AMATA MARU,SITE RESOURCES DEVELOPMENT CORPORATION,MT MARINGAL,DAVAO,DAVAO_SRDC SASA,DOCKING,,,307,,,,
03/14/2025,06:00,03/14/2025,07:55,CEBU STRAIT,INSULAR OIL CORPORATION,MT PANGLAO ISLAND,DAVAO,DAVAO_INSULAR OIL,DOCKING,,CM Reyes on duty,899,,,,
03/14/2025,07:00,03/14/2025,09:00,DAVAO MOORING BOAT,SITE RESOURCES DEVELOPMENT CORPORATION,MT MARINGAL,DAVAO,DAVAO_SRDC SASA,MOORING,,,307,,,,
03/14/2025,08:00,03/14/2025,08:55,AMATA MARU,INSULAR OIL CORPORATION,MT PANGLAO ISLAND,DAVAO,DAVAO_INSULAR OIL,DOCKING,,,899,,,,
03/14/2025,08:10,03/14/2025,09:20,CEBU STRAIT,SITE RESOURCES DEVELOPMENT CORPORATION,MT MARINGAL,DAVAO,DAVAO_SRDC SASA,DOCKING,,CM Reyes on duty,307,1.17,#DIV/0!,,
03/14/2025,08:15,03/15/2025,00:55,LAKANDULA,INSULAR OIL CORPORATION,MT PANGLAO ISLAND,DAVAO,DAVAO_INSULAR OIL,TENDING,,,899,,,,
03/14/2025,08:15,03/14/2025,09:40,PANAY GULF,WINDBAY SHIPPING AND LOGISTICS INC.,MT KOURION,SURIGAO,SURIGAO_CORALES DEPOT,UNDOCKING,,,99,,,,
03/14/2025,08:25,03/14/2025,09:40,HOKUTO,WINDBAY SHIPPING AND LOGISTICS INC.,MT KOURION,SURIGAO,SURIGAO_CORALES DEPOT,UNDOCKING,,,99,,,,
03/14/2025,08:25,03/14/2025,09:24,TUG 20,WINDBAY SHIPPING AND LOGISTICS INC.,MT KOURION,SURIGAO,SURIGAO_CORALES DEPOT,UNDOCKING,,,99,,,,
03/14/2025,14:05,03/14/2025,15:55,BOHOL SEA,"MAR-SHIPS AGENCY, INC.",MT YANEE,DAVAO,DAVAO_SEAOIL STA CRUZ,DOCKING,,,,,,,
03/14/2025,14:15,03/14/2025,14:40,AMATA MARU,"MAR-SHIPS AGENCY, INC.",MT YANEE,DAVAO,DAVAO_SEAOIL STA CRUZ,DOCKING,,,,,,,
03/14/2025,17:25,03/14/2025,18:50,CEBU STRAIT,SITE RESOURCES DEVELOPMENT CORPORATION,MT MARINGAL,DAVAO,DAVAO_SRDC SASA,UNDOCKING,,CM Reyes on duty,307,,,,
03/14/2025,18:00,03/14/2025,18:55,AMATA MARU,SITE RESOURCES DEVELOPMENT CORPORATION,MT MARINGAL,DAVAO,DAVAO_SRDC SASA,UNDOCKING,,,307,,,,
03/14/2025,20:50,03/14/2025,22:15,CEBU STRAIT,CLIO SHIPPING AND LOGISTICS PHILS. INC,MV AE VENUS,DAVAO,DAVAO_SASA PORT,UNDOCKING,,CM Reyes on duty,,1.42,#DIV/0!,,
03/14/2025,21:00,03/14/2025,23:30,DAVAO MOORING BOAT,SITE RESOURCES DEVELOPMENT CORPORATION,MT MARINGAL,DAVAO,DAVAO_SRDC SASA,UNMOORING,,,307,2.50,#DIV/0!,,
03/15/2025,01:00,03/15/2025,02:05,AMATA MARU,INSULAR OIL CORPORATION,MT PANGLAO ISLAND,DAVAO,DAVAO_INSULAR OIL,UNDOCKING,,,899,,,,
03/15/2025,01:00,03/15/2025,02:15,CEBU STRAIT,INSULAR OIL CORPORATION,MT PANGLAO ISLAND,DAVAO,DAVAO_INSULAR OIL,UNDOCKING,,CM Reyes on duty,899,1.25,#DIV/0!,,
03/15/2025,10:15,03/15/2025,12:00,CEBU STRAIT,PHILHUA SHIPPING INC,MV NEW XA LA,DAVAO,DAVAO_SASA PORT,DOCKING,,CM Reyes on duty,,1.75,#DIV/0!,,
03/15/2025,10:15,03/15/2025,12:00,FORTIS VIII,PHILHUA SHIPPING INC,MV NEW XA LA,DAVAO,DAVAO_SASA PORT,DOCKING,,,,,,,
03/15/2025,11:00,03/15/2025,14:15,CHOKWANG,HERMA SHIPPING AND TRANSPORT CORPORATION,MT MAALAB,BATANGAS,BATANGAS_PETRON MABINI,DOCKING,,,192,,,,
03/15/2025,11:40,03/15/2025,14:00,BOHOL SEA,"MAR-SHIPS AGENCY, INC.",MT YANEE,DAVAO,DAVAO_SEAOIL STA CRUZ,UNDOCKING,,,,,,,
03/15/2025,11:45,03/15/2025,12:20,AMATA MARU,"MAR-SHIPS AGENCY, INC.",MT YANEE,DAVAO,DAVAO_SEAOIL STA CRUZ,UNDOCKING,,SMOOTH ASSIST ,,,,,
03/15/2025,12:15,03/15/2025,13:15,CEBU STRAIT,PHIL-CEB MARINE SERVICES INC.,MV SPAN 72,DAVAO,DAVAO_SASA PORT,DOCKING,local,CM Reyes,,,,,
03/15/2025,12:15,03/15/2025,13:15,FORTIS VIII,PHIL-CEB MARINE SERVICES INC.,MV SPAN 72,DAVAO,DAVAO_SASA PORT,DOCKING,local,,,1.00,1.33,,
03/15/2025,21:00,03/15/2025,22:05,AMATA MARU,CLIO SHIPPING AND LOGISTICS PHILS. INC,MV AE VENUS,DAVAO,DAVAO_SASA PORT,UNDOCKING,,SMOOTH ASSIST ,,,,,
03/15/2025,21:50,03/16/2025,00:40,SUN JIN NO.505,HERMA SHIPPING AND TRANSPORT CORPORATION,MT MAALAB,BATANGAS,BATANGAS_PETRON MABINI,UNDOCKING,,,192,,,,
03/16/2025,01:10,03/16/2025,02:20,CEBU STRAIT,PHIL-CEB MARINE SERVICES INC.,MV QUANG MINH 29,DAVAO,DAVAO_SASA PORT,UNDOCKING,foreign,,45741,,,,
03/16/2025,01:10,03/16/2025,02:20,SAMAL,PHIL-CEB MARINE SERVICES INC.,MV QUANG MINH 29,DAVAO,DAVAO_SASA PORT,UNDOCKING,foreign,,45741,,,,
03/16/2025,05:00,03/16/2025,06:50,CEBU STRAIT,INSULAR OIL CORPORATION,MT MARINGAL,DAVAO,DAVAO_INSULAR OIL,DOCKING,,CM Reyes on duty,308,,,,
03/16/2025,05:00,03/16/2025,06:50,SAMAL,INSULAR OIL CORPORATION,MT MARINGAL,DAVAO,DAVAO_INSULAR OIL,DOCKING,,,308,,,,
03/16/2025,05:30,03/16/2025,10:55,BOHOL SEA,PHIL-CEB MARINE SERVICES INC.,MV MAGIC ECLIPSE,DAVAO,DAVAO_THERMA SOUTH,DOCKING,,,,,,,
03/16/2025,05:40,03/16/2025,07:30,AMATA MARU,PHIL-CEB MARINE SERVICES INC.,MV MAGIC ECLIPSE,DAVAO,DAVAO_THERMA SOUTH,DOCKING,,SMOOTH ASSIST ,,,,,
03/16/2025,06:40,03/16/2025,23:30,LAKANDULA,INSULAR OIL CORPORATION,MT MARINGAL,DAVAO,DAVAO_INSULAR OIL,TENDING,,,308,,,,
03/16/2025,07:15,03/16/2025,08:20,CEBU STRAIT,CLIO SHIPPING AND LOGISTICS PHILS. INC,MV TONG MAO 101,DAVAO,DAVAO_SASA PORT,DOCKING,,CM Reyes on duty,,,,,
03/16/2025,07:15,03/16/2025,08:20,SAMAL,CLIO SHIPPING AND LOGISTICS PHILS. INC,MV TONG MAO 101,DAVAO,DAVAO_SASA PORT,DOCKING,,,,,,,
03/16/2025,17:30,03/16/2025,18:35,BOHOL SEA,PHIL-CEB MARINE SERVICES INC.,MV SPAN 72,DAVAO,DAVAO_SASA PORT,UNDOCKING,local,,,,,,
03/16/2025,17:35,03/16/2025,18:40,CEBU STRAIT,PHIL-CEB MARINE SERVICES INC.,MV SPAN 72,DAVAO,DAVAO_SASA PORT,UNDOCKING,local,CM Reyes on duty,,1.08,1.08,,
03/16/2025,18:45,03/16/2025,19:45,PACIFIC ROSE 14,SITE RESOURCES DEVELOPMENT CORPORATION,MT PANGLAO ISLAND,CEBU,CEBU_SRDC LAPU LAPU,DOCKING,,,899,,,,
03/16/2025,18:50,03/16/2025,20:10,NHTC 5,SITE RESOURCES DEVELOPMENT CORPORATION,MT PANGLAO ISLAND,CEBU,CEBU_SRDC LAPU LAPU,DOCKING,,,899,,,,
03/16/2025,19:38,03/16/2025,19:53,CEBU MOORING BOAT,SITE RESOURCES DEVELOPMENT CORPORATION,MT PANGLAO ISLAND,CEBU,CEBU_SRDC LAPU LAPU,MOORING,,,899,,,,
03/17/2025,05:30,03/17/2025,06:20,NHTC 5,SITE RESOURCES DEVELOPMENT CORPORATION,MT PANGLAO ISLAND,CEBU,CEBU_SRDC LAPU LAPU,UNDOCKING,,,899,0.83,#DIV/0!,,
03/17/2025,05:35,03/17/2025,07:00,AMATA MARU,INSULAR OIL CORPORATION,MT MARINGAL,DAVAO,DAVAO_INSULAR OIL,DOCKING,,SMOOTH ASSIST ,308,,,,
03/17/2025,05:45,03/17/2025,07:15,CEBU STRAIT,SITE RESOURCES DEVELOPMENT CORPORATION,MT MARINGAL,DAVAO,DAVAO_SRDC SASA,DOCKING,,CM Reyes on duty,308,1.50,#DIV/0!,,
03/17/2025,05:45,03/17/2025,07:15,DAVAO MOORING BOAT,SITE RESOURCES DEVELOPMENT CORPORATION,MT MARINGAL,DAVAO,DAVAO_SRDC SASA,UNMOORING,,,308,1.50,#DIV/0!,,
03/17/2025,05:50,03/17/2025,06:10,PACIFIC ROSE 14,SITE RESOURCES DEVELOPMENT CORPORATION,MT PANGLAO ISLAND,CEBU,CEBU_SRDC LAPU LAPU,UNDOCKING,,,899,,,,
03/17/2025,06:02,03/17/2025,06:30,CEBU MOORING BOAT,SITE RESOURCES DEVELOPMENT CORPORATION,MT PANGLAO ISLAND,CEBU,CEBU_SRDC LAPU LAPU,UNMOORING,,,899,,,,
03/17/2025,07:50,03/17/2025,09:35,AMATA MARU,OMS SHIPPING SERVICES AND LOGISTICS INC.,MV SUNRISE 69,DAVAO,DAVAO_KUDOS,UNDOCKING,,SMOOTH ASSIST ,,,,,
03/17/2025,07:55,03/17/2025,09:15,CEBU STRAIT,OMS SHIPPING SERVICES AND LOGISTICS INC.,MV SUNRISE 69,DAVAO,DAVAO_KUDOS,UNDOCKING,,CM Reyes on duty,,,,,
03/17/2025,09:40,03/17/2025,12:10,STANFORD,SEADOVE MARITIME SERVICES INC,MT HAFNIA LEOPARD,SUBIC,SUBIC_PPC TERMINAL,DOCKING,,,,,,,
03/17/2025,10:15,03/17/2025,12:20,MALASUGUI-1,SEADOVE MARITIME SERVICES INC,MT HAFNIA LEOPARD,SUBIC,SUBIC_PPC TERMINAL,DOCKING,,,,,,,
03/17/2025,10:45,03/17/2025,12:05,PACIFIC ROSE 3,INSULAR OIL CORPORATION,MT CHELSEA ENDURANCE,CDO,CDO_PDOC,DOCKING,,,253,,,,
03/17/2025,10:55,03/17/2025,12:15,PACIFICROSE 11,INSULAR OIL CORPORATION,MT CHELSEA ENDURANCE,CDO,CDO_PDOC,DOCKING,,,253,,,,
03/17/2025,16:10,03/17/2025,17:25,AMATA MARU,CLIO SHIPPING AND LOGISTICS PHILS. INC,MV TONG MAO 101,DAVAO,DAVAO_SASA PORT,UNDOCKING,,SMOOTH ASSIST ,,,,,
03/17/2025,16:35,03/17/2025,17:20,CEBU STRAIT,CLIO SHIPPING AND LOGISTICS PHILS. INC,MV TONG MAO 101,DAVAO,DAVAO_SASA PORT,UNDOCKING,,CM Reyes on duty,,,,,
03/17/2025,23:25,03/17/2025,00:30,AMATA MARU,INSULAR OIL CORPORATION,MT MARINGAL,DAVAO,DAVAO_INSULAR OIL,UNDOCKING,,SMOOTH ASSIST ,308,,,,
03/17/2025,23:25,03/17/2025,00:20,BOHOL SEA,INSULAR OIL CORPORATION,MT MARINGAL,DAVAO,DAVAO_INSULAR OIL,UNDOCKING,,,308,,,,
03/18/2025,00:10,03/18/2025,02:05,AMATA MARU,PHIL-CEB MARINE SERVICES INC.,MV RASALAS,DAVAO,DAVAO_SASA PORT,DOCKING,local,SMOOTH ASSIST ,202505,,,,
03/18/2025,00:15,03/18/2025,01:30,BOHOL SEA,SITE RESOURCES DEVELOPMENT CORPORATION,MT MARINGAL,DAVAO,DAVAO_SRDC SASA,UNDOCKING,,,308,,,,
03/18/2025,00:15,03/18/2025,02:15,CEBU STRAIT,PHIL-CEB MARINE SERVICES INC.,MV RASALAS,DAVAO,DAVAO_SASA PORT,DOCKING,local,CM Reyes on duty,202505,,,,
03/18/2025,00:20,03/18/2025,01:25,DAVAO MOORING BOAT,SITE RESOURCES DEVELOPMENT CORPORATION,MT MARINGAL,DAVAO,DAVAO_SRDC SASA,MOORING,,,308,,,,
03/18/2025,00:20,03/18/2025,01:25,PANAY GULF,SITE RESOURCES DEVELOPMENT CORPORATION,MT MARINGAL,DAVAO,DAVAO_SRDC SASA,UNDOCKING,,,308,1.08,#DIV/0!,,
03/18/2025,05:58,03/18/2025,07:10,TUG 20,SITE RESOURCES DEVELOPMENT CORPORATION,MT PANGLAO ISLAND,JIMENEZ,JIMENEZ_SRDC JIMENEZ,DOCKING,,,899,,,,
03/18/2025,07:20,03/18/2025,09:05,AMATA MARU,ANIMO MARINE HAUELERS SHIP MANAGEMENT CORP.,MTKR MARISEL,DAVAO,DAVAO_PHOENIX SASA,DOCKING,,SMOOTH ASSIST ,,,,,
03/18/2025,11:37,03/18/2025,00:06,PACIFIC ROSE 8,INSULAR OIL CORPORATION,MT CHELSEA ENDURANCE,CDO,CDO_PDOC,UNDOCKING,,,253,,,,
03/18/2025,13:10,03/18/2025,14:00,AMATA MARU,PHIL-CEB MARINE SERVICES INC.,MV RASALAS,DAVAO,DAVAO_SASA PORT,UNDOCKING,local,SMOOTH ASSIST ,202505,,,,
03/18/2025,13:20,03/18/2025,14:00,CEBU STRAIT,PHIL-CEB MARINE SERVICES INC.,MV RASALAS,DAVAO,DAVAO_SASA PORT,UNDOCKING,local,CM Reyes on duty,202505,,,,
03/18/2025,15:55,03/18/2025,18:00,BOHOL SEA,PHILHUA SHIPPING INC,MV GN RUBY,DAVAO,DAVAO_SASA PORT,DOCKING,,,,,,,
03/18/2025,15:55,03/18/2025,18:30,CEBU STRAIT,PHILHUA SHIPPING INC,MV GN RUBY,DAVAO,DAVAO_SASA PORT,DOCKING,,CM Reyes on duty,,,,,
03/18/2025,16:10,03/18/2025,18:10,AMATA MARU,PHILHUA SHIPPING INC,MV GN RUBY,DAVAO,DAVAO_SASA PORT,DOCKING,,SMOOTH ASSIST ,,2.00,#DIV/0!,,
03/18/2025,18:00,03/18/2025,19:25,BOHOL SEA,SMC SHIPPING AND LIGHTERAGE CORP,SL TINDALO,DAVAO,DAVAO_PETRON SASA,DOCKING,,,,,,,
03/18/2025,18:10,03/18/2025,19:30,AMATA MARU,SMC SHIPPING AND LIGHTERAGE CORP,SL TINDALO,DAVAO,DAVAO_PETRON SASA,DOCKING,,SMOOTH ASSIST ,,,,,
03/18/2025,22:00,03/19/2025,00:00,MALASUGUI-1,SEADOVE MARITIME SERVICES INC,MT HAFNIA LEOPARD,SUBIC,SUBIC_PPC TERMINAL,UNDOCKING,,,,,,,
03/18/2025,22:00,03/19/2025,00:00,MANGYAN,SEADOVE MARITIME SERVICES INC,MT HAFNIA LEOPARD,SUBIC,SUBIC_PPC TERMINAL,UNDOCKING,,,,,,,
03/19/2025,02:20,03/19/2025,03:30,AMATA MARU,ANIMO MARINE HAUELERS SHIP MANAGEMENT CORP.,MTKR MARISEL,DAVAO,DAVAO_PHOENIX SASA,UNDOCKING,,SMOOTH ASSIST ,,,,,
03/19/2025,10:55,03/19/2025,12:10,BOHOL SEA,SMC SHIPPING AND LIGHTERAGE CORP,SL TINDALO,DAVAO,DAVAO_PETRON SASA,UNDOCKING,,,,,,,
03/19/2025,11:05,03/19/2025,12:20,AMATA MARU,SMC SHIPPING AND LIGHTERAGE CORP,SL TINDALO,DAVAO,DAVAO_PETRON SASA,UNDOCKING,,,,,,,
03/19/2025,12:00,03/19/2025,13:35,CEBU STRAIT,WINDBAY SHIPPING AND LOGISTICS INC.,MV DIMIJOHN A,DAVAO,DAVAO_LEGASPI OIL,UNDOCKING,,CM Reyes on duty,65,,,,
03/19/2025,12:10,03/19/2025,13:40,BOHOL SEA,WINDBAY SHIPPING AND LOGISTICS INC.,MV DIMIJOHN A,DAVAO,DAVAO_LEGASPI OIL,UNDOCKING,,,65,,,,
03/19/2025,12:20,03/19/2025,13:40,AMATA MARU,WINDBAY SHIPPING AND LOGISTICS INC.,MV DIMIJOHN A,DAVAO,DAVAO_LEGASPI OIL,UNDOCKING,,,65,,,,
03/19/2025,13:40,03/19/2025,16:25,AMATA MARU,GAC PHILIPPINES INC,MT ATLANTIC SUNSHINE,DAVAO,DAVAO_INSULAR OIL,DOCKING,,,04,,,,
03/19/2025,13:40,03/19/2025,16:10,BOHOL SEA,GAC PHILIPPINES INC,MT ATLANTIC SUNSHINE,DAVAO,DAVAO_INSULAR OIL,DOCKING,,,04,,,,
03/19/2025,14:25,03/19/2025,16:20,CEBU STRAIT,GAC PHILIPPINES INC,MT ATLANTIC SUNSHINE,DAVAO,DAVAO_INSULAR OIL,DOCKING,,CM Reyes on duty,04,,,,
03/19/2025,14:55,03/19/2025,17:55,CHOKWANG,HERMA SHIPPING AND TRANSPORT CORPORATION,MT MAYABONG,BATANGAS,BATANGAS_PETRON MABINI,DOCKING,,,,,,,
03/19/2025,16:00,03/19/2025,19:00,PANAY GULF,PHILHUA SHIPPING INC,MV YONG DING HE,DAVAO,DAVAO_TEFASCO,DOCKING,,,,,,,
03/19/2025,16:10,03/19/2025,19:00,BOHOL SEA,PHILHUA SHIPPING INC,MV YONG DING HE,DAVAO,DAVAO_TEFASCO,DOCKING,,,,,,,
03/19/2025,16:10,03/20/2025,16:50,CEBU STRAIT,GAC PHILIPPINES INC,MT ATLANTIC SUNSHINE,DAVAO,DAVAO_INSULAR OIL,TENDING,,CM Reyes on duty,04,,,,
03/19/2025,16:25,03/19/2025,17:45,AMATA MARU,OMS SHIPPING SERVICES AND LOGISTICS INC.,MV TTC HAI PHONG,DAVAO,DAVAO_KUDOS,UNDOCKING,,,,,,,
03/19/2025,16:30,03/19/2025,17:45,CEBU STRAIT,OMS SHIPPING SERVICES AND LOGISTICS INC.,MV TTC HAI PHONG,DAVAO,DAVAO_KUDOS,UNDOCKING,,CM Reyes on duty,,,,,
03/19/2025,16:35,03/20/2025,16:50,LAKANDULA,GAC PHILIPPINES INC,MT ATLANTIC SUNSHINE,DAVAO,DAVAO_INSULAR OIL,TENDING,,,04,,,,
03/19/2025,17:45,03/19/2025,19:15,AMATA MARU,OMS SHIPPING SERVICES AND LOGISTICS INC.,MV SUNRISE 69,DAVAO,DAVAO_KUDOS,DOCKING,,,,,,,
03/19/2025,18:00,03/19/2025,19:45,CEBU STRAIT,OMS SHIPPING SERVICES AND LOGISTICS INC.,MV SUNRISE 69,DAVAO,DAVAO_KUDOS,DOCKING,,CM reyes on duty,,,,,
03/20/2025,00:25,03/20/2025,01:50,AMATA MARU,PHIL-CEB MARINE SERVICES INC.,MV SPAN 50,DAVAO,DAVAO_SASA PORT,DOCKING,local,,46,,,,
03/20/2025,00:30,03/20/2025,01:45,PANAY GULF,PHIL-CEB MARINE SERVICES INC.,MV SPAN 50,DAVAO,DAVAO_SASA PORT,DOCKING,local,,46,,,,
03/20/2025,03:30,03/20/2025,06:00,SUN JIN NO.505,HERMA SHIPPING AND TRANSPORT CORPORATION,MT MAYABONG,BATANGAS,BATANGAS_PETRON MABINI,UNDOCKING,,,,,,,
03/20/2025,05:30,03/20/2025,08:10,PANAY GULF,BEN LINE AGENCIES PHILS INC,MV HELI,DAVAO,DAVAO_TEFASCO,UNDOCKING,,,0225,,,,
03/20/2025,05:40,03/20/2025,08:15,BOHOL SEA,BEN LINE AGENCIES PHILS INC,MV HELI,DAVAO,DAVAO_TEFASCO,UNDOCKING,,,0225,2.58,#DIV/0!,,
03/20/2025,09:15,03/20/2025,11:05,CHOKWANG,"MAR-SHIPS AGENCY, INC.",MT YANEE,BATANGAS,BATANGAS_SEAOIL MABINI,BOARDING FORMALITIES,,,01,,,,
03/20/2025,10:30,03/20/2025,12:50,SUN JIN NO.505,SITE RESOURCES DEVELOPMENT CORPORATION,MT MALINGAP,BATANGAS,BATANGAS_SRDC BATANGAS,ABORTED,,Docking aborted by Pilot,376,,,,
03/20/2025,11:30,03/20/2025,14:05,CHOKWANG,"MAR-SHIPS AGENCY, INC.",MT YANEE,BATANGAS,BATANGAS_SEAOIL MABINI,DOCKING,,,01,,,,
03/20/2025,12:25,03/20/2025,14:50,SUN JIN NO.505,"MAR-SHIPS AGENCY, INC.",MT YANEE,BATANGAS,BATANGAS_SEAOIL MABINI,DOCKING,,,01,2.42,#DIV/0!,,
03/20/2025,13:50,03/20/2025,14:35,BOHOL SEA,PHILHUA SHIPPING INC,MV NEW XA LA,DAVAO,DAVAO_SASA PORT,UNDOCKING,,,,,,,
03/20/2025,13:50,03/20/2025,14:40,PANAY GULF,PHILHUA SHIPPING INC,MV NEW XA LA,DAVAO,DAVAO_SASA PORT,UNDOCKING,,,,,,,
03/20/2025,15:30,03/20/2025,22:45,BOHOL SEA,PHIL-CEB MARINE SERVICES INC.,MV MAGIC ECLIPSE,DAVAO,DAVAO_THERMA SOUTH,UNDOCKING,,,,,,,
03/20/2025,15:30,03/20/2025,22:20,PANAY GULF,PHIL-CEB MARINE SERVICES INC.,MV MAGIC ECLIPSE,DAVAO,DAVAO_THERMA SOUTH,UNDOCKING,,,,,,,
03/20/2025,16:00,03/20/2025,16:55,CEBU STRAIT,PHILHUA SHIPPING INC,MV GN RUBY,DAVAO,DAVAO_SASA PORT,UNDOCKING,,CM Reyes on duty,,,,,
03/20/2025,16:10,03/20/2025,17:00,AMATA MARU,PHILHUA SHIPPING INC,MV GN RUBY,DAVAO,DAVAO_SASA PORT,UNDOCKING,,SMOOTH ASSIST ,,0.83,#DIV/0!,,
03/20/2025,16:30,03/20/2025,16:55,PINDASAN,PHILHUA SHIPPING INC,MV GN RUBY,DAVAO,DAVAO_SASA PORT,UNDOCKING,,,,,,,
03/20/2025,17:00,03/20/2025,18:00,AMATA MARU,GAC PHILIPPINES INC,MT ATLANTIC SUNSHINE,DAVAO,DAVAO_INSULAR OIL,UNDOCKING,,SMOOTH ASSIST ,04,,,,
03/20/2025,17:10,03/20/2025,18:00,CEBU STRAIT,GAC PHILIPPINES INC,MT ATLANTIC SUNSHINE,DAVAO,DAVAO_INSULAR OIL,UNDOCKING,,CM Reyes on duty,04,,,,
03/20/2025,17:10,03/20/2025,18:00,PINDASAN,GAC PHILIPPINES INC,MT ATLANTIC SUNSHINE,DAVAO,DAVAO_INSULAR OIL,UNDOCKING,,,04,0.83,#DIV/0!,,
03/20/2025,21:35,03/20/2025,23:55,CHOKWANG,SITE RESOURCES DEVELOPMENT CORPORATION,MT MALINGAP,BATANGAS,BATANGAS_SRDC BATANGAS,DOCKING,,,376,,,,
03/21/2025,03:20,03/21/2025,04:00,AMATA MARU,PHIL-CEB MARINE SERVICES INC.,MV SPAN 50,DAVAO,DAVAO_SASA PORT,UNDOCKING,local,,46,,,,
03/21/2025,03:25,03/21/2025,04:19,CEBU STRAIT,PHIL-CEB MARINE SERVICES INC.,MV SPAN 50,DAVAO,DAVAO_SASA PORT,UNDOCKING,local,CM Reyes on duty,46,,,,
03/21/2025,04:40,03/21/2025,07:00,CEBU STRAIT,OMS SHIPPING SERVICES AND LOGISTICS INC.,MV STAR 55,DAVAO,DAVAO_KUDOS,DOCKING,,CM Reyes on duty,,,,,
03/21/2025,05:10,03/21/2025,06:30,AMATA MARU,OMS SHIPPING SERVICES AND LOGISTICS INC.,MV STAR 55,DAVAO,DAVAO_KUDOS,DOCKING,,SMOOTH ASSIST ,,,,,
03/21/2025,06:30,03/21/2025,08:20,AMATA MARU,INSULAR OIL CORPORATION,MT MARINGAL,DAVAO,DAVAO_INSULAR OIL,DOCKING,,SMOOTH ASSIST ,309,1.83,#DIV/0!,,
03/21/2025,06:30,03/21/2025,08:15,PANAY GULF,INSULAR OIL CORPORATION,MT MARINGAL,DAVAO,DAVAO_INSULAR OIL,DOCKING,,,309,1.75,#DIV/0!,,
03/21/2025,08:05,03/22/2025,00:55,LAKANDULA,INSULAR OIL CORPORATION,MT MARINGAL,DAVAO,DAVAO_INSULAR OIL,TENDING,,CM Marzonia on duty,309,,,,
03/21/2025,14:20,03/21/2025,15:55,PANAY GULF,PHIL-CEB MARINE SERVICES INC.,MV LORCON BACOLOD,DAVAO,DAVAO_SASA PORT,DOCKING,local,,202502,,,,
03/21/2025,14:30,03/21/2025,15:50,CEBU STRAIT,PHIL-CEB MARINE SERVICES INC.,MV LORCON BACOLOD,DAVAO,DAVAO_SASA PORT,DOCKING,local,CM Reyes,202502,,,,
03/21/2025,15:50,03/21/2025,18:20,SUN JIN NO.505,"MAR-SHIPS AGENCY, INC.",MT YANEE,BATANGAS,BATANGAS_SEAOIL MABINI,UNDOCKING,,,01,,,,
03/21/2025,15:55,03/21/2025,18:10,CHOKWANG,"MAR-SHIPS AGENCY, INC.",MT YANEE,BATANGAS,BATANGAS_SEAOIL MABINI,UNDOCKING,,,01,,,,
03/21/2025,17:00,03/21/2025,18:28,ISLANDER,INSULAR OIL CORPORATION,MT ALICE DL,SUBIC,SUBIC_COASTAL,DOCKING,,BAF,,,,,
03/21/2025,19:30,03/21/2025,20:25,SUN JIN NO.505,SITE RESOURCES DEVELOPMENT CORPORATION,MT MALINGAP,BATANGAS,BATANGAS_SRDC BATANGAS,UNDOCKING,,,376,,,,
03/22/2025,00:40,03/22/2025,01:40,CEBU STRAIT,INSULAR OIL CORPORATION,MT MARINGAL,DAVAO,DAVAO_INSULAR OIL,UNDOCKING,,CM Reyes on duty,309,,,,
03/22/2025,00:50,03/22/2025,02:00,PANAY GULF,INSULAR OIL CORPORATION,MT MARINGAL,DAVAO,DAVAO_INSULAR OIL,UNDOCKING,,,309,,,,
03/22/2025,05:00,03/22/2025,06:30,CEBU STRAIT,INSULAR OIL CORPORATION,MT PANGLAO ISLAND,DAVAO,DAVAO_INSULAR OIL,DOCKING,,CM Reyes on duty,900,,,,
03/22/2025,05:00,03/22/2025,06:30,PANAY GULF,INSULAR OIL CORPORATION,MT PANGLAO ISLAND,DAVAO,DAVAO_INSULAR OIL,DOCKING,,,900,,,,
03/22/2025,06:35,03/23/2025,05:40,LAKANDULA,INSULAR OIL CORPORATION,MT PANGLAO ISLAND,DAVAO,DAVAO_INSULAR OIL,TENDING,,CM Marzonia on duty,900,,,,
03/22/2025,09:50,03/22/2025,11:05,CEBU STRAIT,PHIL-CEB MARINE SERVICES INC.,MV LORCON BACOLOD,DAVAO,DAVAO_SASA PORT,UNDOCKING,local,CM Reyes on duty,202502,,,,
03/22/2025,09:50,03/22/2025,11:15,PANAY GULF,PHIL-CEB MARINE SERVICES INC.,MV LORCON BACOLOD,DAVAO,DAVAO_SASA PORT,UNDOCKING,local,,202502,,,,
03/22/2025,12:30,03/22/2025,13:15,ISLANDER,INSULAR OIL CORPORATION,MT ALICE DL,SUBIC,SUBIC_COASTAL,UNDOCKING,,BAF,,,,,
03/22/2025,13:50,03/22/2025,15:30,BOHOL SEA,OMS SHIPPING SERVICES AND LOGISTICS INC.,MV SUNRISE 69,DAVAO,DAVAO_KUDOS,UNDOCKING,,,,,,,
03/22/2025,13:50,03/22/2025,15:30,CEBU STRAIT,OMS SHIPPING SERVICES AND LOGISTICS INC.,MV SUNRISE 69,DAVAO,DAVAO_KUDOS,UNDOCKING,,CM Reyes on duty,,,,,
03/22/2025,16:15,03/22/2025,17:55,BOHOL SEA,NARRA TANKERS CORP,NTC FALCON,DAVAO,DAVAO_PETRON SASA,DOCKING,,,,,,,
03/22/2025,16:20,03/22/2025,17:50,PANAY GULF,NARRA TANKERS CORP,NTC FALCON,DAVAO,DAVAO_PETRON SASA,DOCKING,,,,,,,
03/22/2025,19:00,03/22/2025,22:05,CEBU STRAIT,OMS SHIPPING SERVICES AND LOGISTICS INC.,MV TAN AN CONFIDENCE,DAVAO,DAVAO_KUDOS,DOCKING,,CM Reyes on duty,,,,,
03/22/2025,19:10,03/22/2025,22:10,PANAY GULF,OMS SHIPPING SERVICES AND LOGISTICS INC.,MV TAN AN CONFIDENCE,DAVAO,DAVAO_KUDOS,DOCKING,,,,,,,
03/23/2025,05:30,03/23/2025,06:00,PANAY GULF,INSULAR OIL CORPORATION,MT PANGLAO ISLAND,DAVAO,DAVAO_INSULAR OIL,UNDOCKING,,,900,,,,
03/23/2025,05:40,03/23/2025,05:55,BOHOL SEA,INSULAR OIL CORPORATION,MT PANGLAO ISLAND,DAVAO,DAVAO_INSULAR OIL,UNDOCKING,,,900,,,,
03/23/2025,06:00,03/23/2025,06:50,PANAY GULF,SITE RESOURCES DEVELOPMENT CORPORATION,MT PANGLAO ISLAND,DAVAO,DAVAO_SRDC SASA,DOCKING,,,900,,,,
03/23/2025,06:30,03/23/2025,08:30,CEBU STRAIT,SOUTHWEST SHIPS AGENCIES INC,MT FENG YI 6,DAVAO,DAVAO_SHELL SASA,DOCKING,,CM Reyes on duty,,,,,
03/23/2025,06:45,03/23/2025,07:00,BOHOL SEA,SITE RESOURCES DEVELOPMENT CORPORATION,MT PANGLAO ISLAND,DAVAO,DAVAO_SRDC SASA,DOCKING,,,900,,,,
03/23/2025,06:55,03/23/2025,08:10,PANAY GULF,SOUTHWEST SHIPS AGENCIES INC,MT FENG YI 6,DAVAO,DAVAO_SHELL SASA,DOCKING,,,,,,,
03/23/2025,07:50,03/23/2025,08:40,BOHOL SEA,NARRA TANKERS CORP,NTC FALCON,DAVAO,DAVAO_PETRON SASA,UNDOCKING,,,,,,,
03/23/2025,08:10,03/23/2025,08:40,PANAY GULF,NARRA TANKERS CORP,NTC FALCON,DAVAO,DAVAO_PETRON SASA,UNDOCKING,,,,,,,
03/23/2025,13:05,03/23/2025,14:35,NHTC 5,SITE RESOURCES DEVELOPMENT CORPORATION,MT MALINGAP,CEBU,CEBU_SRDC LAPU LAPU,DOCKING,,,376,,,,
03/23/2025,13:20,03/23/2025,14:20,PACIFIC ROSE 10,SITE RESOURCES DEVELOPMENT CORPORATION,MT MALINGAP,CEBU,CEBU_SRDC LAPU LAPU,DOCKING,,,376,,,,
03/23/2025,13:50,03/23/2025,14:52,CEBU MOORING BOAT,SITE RESOURCES DEVELOPMENT CORPORATION,MT MALINGAP,CEBU,CEBU_SRDC LAPU LAPU,MOORING,,,376,,,,
03/23/2025,14:30,03/23/2025,15:25,BOHOL SEA,SITE RESOURCES DEVELOPMENT CORPORATION,MT PANGLAO ISLAND,DAVAO,DAVAO_SRDC SASA,UNDOCKING,,,900,0.92,#DIV/0!,,
03/23/2025,14:35,03/23/2025,15:25,CEBU STRAIT,SITE RESOURCES DEVELOPMENT CORPORATION,MT PANGLAO ISLAND,DAVAO,DAVAO_SRDC SASA,UNDOCKING,,CM Reyes on duty,900,,,,
03/23/2025,19:30,03/23/2025,20:20,BOHOL SEA,SOUTHWEST SHIPS AGENCIES INC,MT FENG YI 6,DAVAO,DAVAO_SHELL SASA,UNDOCKING,,,,,,,
03/23/2025,19:40,03/23/2025,20:30,CEBU STRAIT,SOUTHWEST SHIPS AGENCIES INC,MT FENG YI 6,DAVAO,DAVAO_SHELL SASA,UNDOCKING,,CM Reyes on duty,,0.83,#DIV/0!,,
03/24/2025,05:50,03/24/2025,07:05,NHTC 5,SITE RESOURCES DEVELOPMENT CORPORATION,MT MALINGAP,CEBU,CEBU_SRDC LAPU LAPU,UNDOCKING,,,376,,,,
03/24/2025,05:55,03/24/2025,06:35,PACIFIC ROSE 10,SITE RESOURCES DEVELOPMENT CORPORATION,MT MALINGAP,CEBU,CEBU_SRDC LAPU LAPU,UNDOCKING,,,376,,,,
03/24/2025,06:32,03/24/2025,07:00,CEBU MOORING BOAT,SITE RESOURCES DEVELOPMENT CORPORATION,MT MALINGAP,CEBU,CEBU_SRDC LAPU LAPU,UNMOORING,,,376,0.47,#DIV/0!,,
03/24/2025,11:35,03/24/2025,13:30,BOHOL SEA,INSULAR OIL CORPORATION,MT BULUSAN,DAVAO,DAVAO_INSULAR OIL,DOCKING,,,,,,,
03/24/2025,11:45,03/24/2025,13:40,PANAY GULF,INSULAR OIL CORPORATION,MT BULUSAN,DAVAO,DAVAO_INSULAR OIL,DOCKING,,,,,,,
03/24/2025,13:00,03/25/2025,03:00,LAKANDULA,INSULAR OIL CORPORATION,MT BULUSAN,DAVAO,DAVAO_INSULAR OIL,TENDING,,,,,,,
03/25/2025,03:00,03/25/2025,04:00,BOHOL SEA,INSULAR OIL CORPORATION,MT BULUSAN,DAVAO,DAVAO_INSULAR OIL,UNDOCKING,,,,,,,
03/25/2025,03:00,03/25/2025,04:15,PANAY GULF,INSULAR OIL CORPORATION,MT BULUSAN,DAVAO,DAVAO_INSULAR OIL,UNDOCKING,,,,,,,
03/25/2025,05:20,03/25/2025,07:00,BOHOL SEA,PHIL-CEB MARINE SERVICES INC.,MV SPAN ASIA 25,DAVAO,DAVAO_SASA PORT,DOCKING,local,Note: SPAN ASIA 25 ,231,1.67,1.33,,
03/25/2025,06:10,03/25/2025,09:00,PANAY GULF,PHIL-CEB MARINE SERVICES INC.,MV SPAN ASIA 25,DAVAO,DAVAO_SASA PORT,DOCKING,local,,231,,,,
03/26/2025,00:40,03/26/2025,01:55,BOHOL SEA,PHIL-CEB MARINE SERVICES INC.,MV SPAN ASIA 25,DAVAO,DAVAO_SASA PORT,UNDOCKING,local,C/M JOVIC MARZONIA,231,,,,
03/26/2025,00:50,03/26/2025,01:45,PANAY GULF,PHIL-CEB MARINE SERVICES INC.,MV SPAN ASIA 25,DAVAO,DAVAO_SASA PORT,UNDOCKING,local,,231,,,,
03/26/2025,09:30,03/26/2025,12:30,CHOKWANG,HERMA SHIPPING AND TRANSPORT CORPORATION,MT MAALAB,BATANGAS,BATANGAS_PETRON MABINI,DOCKING,,,193,,,,
03/26/2025,13:40,03/26/2025,16:25,BOHOL SEA,PHILHUA SHIPPING INC,MV YONG DING HE,DAVAO,DAVAO_TEFASCO,UNDOCKING,,C/M JOVIC MARZONIA,,,,,
03/26/2025,14:00,03/26/2025,16:30,PANAY GULF,PHILHUA SHIPPING INC,MV YONG DING HE,DAVAO,DAVAO_TEFASCO,UNDOCKING,,,,,,,
03/26/2025,22:15,03/27/2025,01:15,SUN JIN NO.505,HERMA SHIPPING AND TRANSPORT CORPORATION,MT MAALAB,BATANGAS,BATANGAS_PETRON MABINI,UNDOCKING,,,193,,,,
03/27/2025,05:10,03/27/2025,06:40,BOHOL SEA,INSULAR OIL CORPORATION,MT MALINGAP,DAVAO,DAVAO_INSULAR OIL,DOCKING,,C/M JOVIC MARZONIA,377,,,,
,,,,,,,,,,,,,,,,
,,,,,,,,,,,,,,,,
,,,,,,,,,,,,,,,,
,,,,,,,,,,,,,,,,
,,,,,,,,,,,,,,,,
,,,,,,,,,,,,,,,,
,,,,,,,,,,,,,,,,
,,,,,,,,,,,,,,,,
,,,,,,,,,,,,,,,,
,,,,,,,,,,,,,,,,
,,,,,,,,,,,,,,,,
,,,,,,,,,,,,,,,,
,,,,,,,,,,,,,,,,
,,,,,,,,,,,,,,,,
,,,,,,,,,,,,,,,,
,,,,,,,,,,,,,,,,
,,,,,,,,,,,,,,,,
,,,,,,,,,,,,,,,,
,,,,,,,,,,,,,,,,
,,,,,,,,,,,,,,,,
,,,,,,,,,,,,,,,,
,,,,,,,,,,,,,,,,
,,,,,,,,,,,,,,,,
,,,,,,,,,,,,,,,,
,,,,,,,,,,,,,,,,
,,,,,,,,,,,,,,,,
,,,,,,,,,,,,,,,,
,,,,,,,,,,,,,,,,
,,,,,,,,,,,,,,,,
,,,,,,,,,,,,,,,,
,,,,,,,,,,,,,,,,
,,,,,,,,,,,,,,,,
,,,,,,,,,,,,,,,,
,,,,,,,,,,,,,,,,
,,,,,,,,,,,,,,,,
,,,,,,,,,,,,,,,,
,,,,,,,,,,,,,,,,
,,,,,,,,,,,,,,,,
,,,,,,,,,,,,,,,,
,,,,,,,,,,,,,,,,
,,,,,,,,,,,,,,,,
,,,,,,,,,,,,,,,,
,,,,,,,,,,,,,,,,
,,,,,,,,,,,,,,,,
,,,,,,,,,,,,,,,,
,,,,,,,,,,,,,,,,
,,,,,,,,,,,,,,,,
,,,,,,,,,,,,,,,,
,,,,,,,,,,,,,,,,
,,,,,,,,,,,,,,,,
,,,,,,,,,,,,,,,,
,,,,,,,,,,,,,,,,
,,,,,,,,,,,,,,,,
,,,,,,,,,,,,,,,,
,,,,,,,,,,,,,,,,
,,,,,,,,,,,,,,,,
,,,,,,,,,,,,,,,,
,,,,,,,,,,,,,,,,
,,,,,,,,,,,,,,,,
,,,,,,,,,,,,,,,,
,,,,,,,,,,,,,,,,
,,,,,,,,,,,,,,,,
,,,,,,,,,,,,,,,,
,,,,,,,,,,,,,,,,
,,,,,,,,,,,,,,,,
,,,,,,,,,,,,,,,,
,,,,,,,,,,,,,,,,
,,,,,,,,,,,,,,,,
,,,,,,,,,,,,,,,,
,,,,,,,,,,,,,,,,
,,,,,,,,,,,,,,,,
,,,,,,,,,,,,,,,,
,,,,,,,,,,,,,,,,
,,,,,,,,,,,,,,,,
,,,,,,,,,,,,,,,,
,,,,,,,,,,,,,,,,
,,,,,,,,,,,,,,,,
,,,,,,,,,,,,,,,,
,,,,,,,,,,,,,,,,
,,,,,,,,,,,,,,,,
,,,,,,,,,,,,,,,,
,,,,,,,,,,,,,,,,
,,,,,,,,,,,,,,,,
,,,,,,,,,,,,,,,,
,,,,,,,,,,,,,,,,
,,,,,,,,,,,,,,,,
,,,,,,,,,,,,,,,,
,,,,,,,,,,,,,,,,
,,,,,,,,,,,,,,,,
,,,,,,,,,,,,,,,,
,,,,,,,,,,,,,,,,
,,,,,,,,,,,,,,,,
,,,,,,,,,,,,,,,,
,,,,,,,,,,,,,,,,
,,,,,,,,,,,,,,,,
,,,,,,,,,,,,,,,,
,,,,,,,,,,,,,,,,
,,,,,,,,,,,,,,,,
,,,,,,,,,,,,,,,,
,,,,,,,,,,,,,,,,
,,,,,,,,,,,,,,,,
,,,,,,,,,,,,,,,,
,,,,,,,,,,,,,,,,
,,,,,,,,,,,,,,,,
,,,,,,,,,,,,,,,,
,,,,,,,,,,,,,,,,
,,,,,,,,,,,,,,,,
,,,,,,,,,,,,,,,,
,,,,,,,,,,,,,,,,
,,,,,,,,,,,,,,,,
,,,,,,,,,,,,,,,,
,,,,,,,,,,,,,,,,
,,,,,,,,,,,,,,,,
,,,,,,,,,,,,,,,,
,,,,,,,,,,,,,,,,
,,,,,,,,,,,,,,,,
,,,,,,,,,,,,,,,,
,,,,,,,,,,,,,,,,
,,,,,,,,,,,,,,,,
,,,,,,,,,,,,,,,,
,,,,,,,,,,,,,,,,
,,,,,,,,,,,,,,,,
,,,,,,,,,,,,,,,,
,,,,,,,,,,,,,,,,
,,,,,,,,,,,,,,,,
,,,,,,,,,,,,,,,,
,,,,,,,,,,,,,,,,
,,,,,,,,,,,,,,,,
,,,,,,,,,,,,,,,,
,,,,,,,,,,,,,,,,
,,,,,,,,,,,,,,,,
,,,,,,,,,,,,,,,,
,,,,,,,,,,,,,,,,
,,,,,,,,,,,,,,,,
,,,,,,,,,,,,,,,,
,,,,,,,,,,,,,,,,
,,,,,,,,,,,,,,,,
,,,,,,,,,,,,,,,,
,,,,,,,,,,,,,,,,
,,,,,,,,,,,,,,,,
,,,,,,,,,,,,,,,,
,,,,,,,,,,,,,,,,
,,,,,,,,,,,,,,,,
,,,,,,,,,,,,,,,,
,,,,,,,,,,,,,,,,
,,,,,,,,,,,,,,,,
,,,,,,,,,,,,,,,,
,,,,,,,,,,,,,,,,
,,,,,,,,,,,,,,,,
,,,,,,,,,,,,,,,,
,,,,,,,,,,,,,,,,
,,,,,,,,,,,,,,,,
,,,,,,,,,,,,,,,,
,,,,,,,,,,,,,,,,
,,,,,,,,,,,,,,,,
,,,,,,,,,,,,,,,,
,,,,,,,,,,,,,,,,
,,,,,,,,,,,,,,,,
,,,,,,,,,,,,,,,,
,,,,,,,,,,,,,,,,
,,,,,,,,,,,,,,,,
,,,,,,,,,,,,,,,,
,,,,,,,,,,,,,,,,
,,,,,,,,,,,,,,,,
,,,,,,,,,,,,,,,,
,,,,,,,,,,,,,,,,
,,,,,,,,,,,,,,,,
,,,,,,,,,,,,,,,,
,,,,,,,,,,,,,,,,
,,,,,,,,,,,,,,,,
,,,,,,,,,,,,,,,,
,,,,,,,,,,,,,,,,
,,,,,,,,,,,,,,,,
,,,,,,,,,,,,,,,,
,,,,,,,,,,,,,,,,
,,,,,,,,,,,,,,,,
,,,,,,,,,,,,,,,,
,,,,,,,,,,,,,,,,
,,,,,,,,,,,,,,,,
,,,,,,,,,,,,,,,,
,,,,,,,,,,,,,,,,
,,,,,,,,,,,,,,,,
,,,,,,,,,,,,,,,,
,,,,,,,,,,,,,,,,
,,,,,,,,,,,,,,,,
,,,,,,,,,,,,,,,,
,,,,,,,,,,,,,,,,
,,,,,,,,,,,,,,,,
,,,,,,,,,,,,,,,,
,,,,,,,,,,,,,,,,
,,,,,,,,,,,,,,,,
,,,,,,,,,,,,,,,,
,,,,,,,,,,,,,,,,
,,,,,,,,,,,,,,,,
,,,,,,,,,,,,,,,,
,,,,,,,,,,,,,,,,
,,,,,,,,,,,,,,,,
,,,,,,,,,,,,,,,,
,,,,,,,,,,,,,,,,
,,,,,,,,,,,,,,,,
,,,,,,,,,,,,,,,,
,,,,,,,,,,,,,,,,
,,,,,,,,,,,,,,,,
,,,,,,,,,,,,,,,,
,,,,,,,,,,,,,,,,
,,,,,,,,,,,,,,,,
,,,,,,,,,,,,,,,,
,,,,,,,,,,,,,,,,
,,,,,,,,,,,,,,,,
,,,,,,,,,,,,,,,,
,,,,,,,,,,,,,,,,
,,,,,,,,,,,,,,,,
,,,,,,,,,,,,,,,,
,,,,,,,,,,,,,,,,
,,,,,,,,,,,,,,,,
,,,,,,,,,,,,,,,,
,,,,,,,,,,,,,,,,
,,,,,,,,,,,,,,,,
,,,,,,,,,,,,,,,,
,,,,,,,,,,,,,,,,
,,,,,,,,,,,,,,,,
,,,,,,,,,,,,,,,,
,,,,,,,,,,,,,,,,
,,,,,,,,,,,,,,,,
,,,,,,,,,,,,,,,,
,,,,,,,,,,,,,,,,
,,,,,,,,,,,,,,,,
,,,,,,,,,,,,,,,,
,,,,,,,,,,,,,,,,
,,,,,,,,,,,,,,,,
,,,,,,,,,,,,,,,,
,,,,,,,,,,,,,,,,
,,,,,,,,,,,,,,,,
,,,,,,,,,,,,,,,,
,,,,,,,,,,,,,,,,
,,,,,,,,,,,,,,,,
,,,,,,,,,,,,,,,,
,,,,,,,,,,,,,,,,
,,,,,,,,,,,,,,,,
,,,,,,,,,,,,,,,,
,,,,,,,,,,,,,,,,
,,,,,,,,,,,,,,,,
,,,,,,,,,,,,,,,,
,,,,,,,,,,,,,,,,
,,,,,,,,,,,,,,,,
,,,,,,,,,,,,,,,,
,,,,,,,,,,,,,,,,
,,,,,,,,,,,,,,,,
,,,,,,,,,,,,,,,,
,,,,,,,,,,,,,,,,
,,,,,,,,,,,,,,,,
,,,,,,,,,,,,,,,,
,,,,,,,,,,,,,,,,
,,,,,,,,,,,,,,,,
,,,,,,,,,,,,,,,,
,,,,,,,,,,,,,,,,
,,,,,,,,,,,,,,,,
,,,,,,,,,,,,,,,,
,,,,,,,,,,,,,,,,
,,,,,,,,,,,,,,,,
,,,,,,,,,,,,,,,,
,,,,,,,,,,,,,,,,
,,,,,,,,,,,,,,,,
,,,,,,,,,,,,,,,,
,,,,,,,,,,,,,,,,
,,,,,,,,,,,,,,,,
,,,,,,,,,,,,,,,,
,,,,,,,,,,,,,,,,
,,,,,,,,,,,,,,,,
,,,,,,,,,,,,,,,,
,,,,,,,,,,,,,,,,
,,,,,,,,,,,,,,,,
,,,,,,,,,,,,,,,,
,,,,,,,,,,,,,,,,
,,,,,,,,,,,,,,,,
,,,,,,,,,,,,,,,,
,,,,,,,,,,,,,,,,
,,,,,,,,,,,,,,,,
,,,,,,,,,,,,,,,,
,,,,,,,,,,,,,,,,
,,,,,,,,,,,,,,,,
,,,,,,,,,,,,,,,,
,,,,,,,,,,,,,,,,
,,,,,,,,,,,,,,,,
,,,,,,,,,,,,,,,,
,,,,,,,,,,,,,,,,
,,,,,,,,,,,,,,,,
,,,,,,,,,,,,,,,,
,,,,,,,,,,,,,,,,
,,,,,,,,,,,,,,,,
,,,,,,,,,,,,,,,,
,,,,,,,,,,,,,,,,
,,,,,,,,,,,,,,,,
,,,,,,,,,,,,,,,,
,,,,,,,,,,,,,,,,
,,,,,,,,,,,,,,,,
,,,,,,,,,,,,,,,,
,,,,,,,,,,,,,,,,
,,,,,,,,,,,,,,,,
,,,,,,,,,,,,,,,,
,,,,,,,,,,,,,,,,
,,,,,,,,,,,,,,,,
,,,,,,,,,,,,,,,,
,,,,,,,,,,,,,,,,
,,,,,,,,,,,,,,,,
,,,,,,,,,,,,,,,,
,,,,,,,,,,,,,,,,
,,,,,,,,,,,,,,,,
,,,,,,,,,,,,,,,,
,,,,,,,,,,,,,,,,
,,,,,,,,,,,,,,,,
,,,,,,,,,,,,,,,,
,,,,,,,,,,,,,,,,
,,,,,,,,,,,,,,,,
,,,,,,,,,,,,,,,,
,,,,,,,,,,,,,,,,
,,,,,,,,,,,,,,,,
,,,,,,,,,,,,,,,,
,,,,,,,,,,,,,,,,
,,,,,,,,,,,,,,,,
,,,,,,,,,,,,,,,,
,,,,,,,,,,,,,,,,
,,,,,,,,,,,,,,,,
,,,,,,,,,,,,,,,,
,,,,,,,,,,,,,,,,
,,,,,,,,,,,,,,,,
,,,,,,,,,,,,,,,,
,,,,,,,,,,,,,,,,
,,,,,,,,,,,,,,,,
,,,,,,,,,,,,,,,,
,,,,,,,,,,,,,,,,
,,,,,,,,,,,,,,,,
,,,,,,,,,,,,,,,,
,,,,,,,,,,,,,,,,
,,,,,,,,,,,,,,,,
,,,,,,,,,,,,,,,,
,,,,,,,,,,,,,,,,
,,,,,,,,,,,,,,,,
,,,,,,,,,,,,,,,,
,,,,,,,,,,,,,,,,
,,,,,,,,,,,,,,,,
,,,,,,,,,,,,,,,,
,,,,,,,,,,,,,,,,
,,,,,,,,,,,,,,,,
,,,,,,,,,,,,,,,,
,,,,,,,,,,,,,,,,
,,,,,,,,,,,,,,,,
,,,,,,,,,,,,,,,,
,,,,,,,,,,,,,,,,
,,,,,,,,,,,,,,,,
,,,,,,,,,,,,,,,,
,,,,,,,,,,,,,,,,
,,,,,,,,,,,,,,,,
,,,,,,,,,,,,,,,,
,,,,,,,,,,,,,,,,
,,,,,,,,,,,,,,,,
,,,,,,,,,,,,,,,,
,,,,,,,,,,,,,,,,
,,,,,,,,,,,,,,,,
,,,,,,,,,,,,,,,,
,,,,,,,,,,,,,,,,
,,,,,,,,,,,,,,,,
,,,,,,,,,,,,,,,,
,,,,,,,,,,,,,,,,
,,,,,,,,,,,,,,,,
,,,,,,,,,,,,,,,,
,,,,,,,,,,,,,,,,
,,,,,,,,,,,,,,,,
,,,,,,,,,,,,,,,,
,,,,,,,,,,,,,,,,
,,,,,,,,,,,,,,,,
,,,,,,,,,,,,,,,,
,,,,,,,,,,,,,,,,
,,,,,,,,,,,,,,,,
,,,,,,,,,,,,,,,,
,,,,,,,,,,,,,,,,
,,,,,,,,,,,,,,,,
,,,,,,,,,,,,,,,,
,,,,,,,,,,,,,,,,
,,,,,,,,,,,,,,,,
,,,,,,,,,,,,,,,,
,,,,,,,,,,,,,,,,
,,,,,,,,,,,,,,,,
,,,,,,,,,,,,,,,,
,,,,,,,,,,,,,,,,
,,,,,,,,,,,,,,,,
,,,,,,,,,,,,,,,,
,,,,,,,,,,,,,,,,
,,,,,,,,,,,,,,,,
,,,,,,,,,,,,,,,,
,,,,,,,,,,,,,,,,
,,,,,,,,,,,,,,,,
,,,,,,,,,,,,,,,,
,,,,,,,,,,,,,,,,
,,,,,,,,,,,,,,,,
,,,,,,,,,,,,,,,,
,,,,,,,,,,,,,,,,
,,,,,,,,,,,,,,,,
,,,,,,,,,,,,,,,,
,,,,,,,,,,,,,,,,
,,,,,,,,,,,,,,,,
,,,,,,,,,,,,,,,,
,,,,,,,,,,,,,,,,
,,,,,,,,,,,,,,,,
,,,,,,,,,,,,,,,,
,,,,,,,,,,,,,,,,
,,,,,,,,,,,,,,,,
,,,,,,,,,,,,,,,,
,,,,,,,,,,,,,,,,
,,,,,,,,,,,,,,,,
,,,,,,,,,,,,,,,,
,,,,,,,,,,,,,,,,
,,,,,,,,,,,,,,,,
,,,,,,,,,,,,,,,,
,,,,,,,,,,,,,,,,
,,,,,,,,,,,,,,,,
,,,,,,,,,,,,,,,,
,,,,,,,,,,,,,,,,
,,,,,,,,,,,,,,,,
,,,,,,,,,,,,,,,,
,,,,,,,,,,,,,,,,
,,,,,,,,,,,,,,,,
,,,,,,,,,,,,,,,,
,,,,,,,,,,,,,,,,
,,,,,,,,,,,,,,,,
,,,,,,,,,,,,,,,,
,,,,,,,,,,,,,,,,
,,,,,,,,,,,,,,,,
,,,,,,,,,,,,,,,,
,,,,,,,,,,,,,,,,
,,,,,,,,,,,,,,,,
,,,,,,,,,,,,,,,,
,,,,,,,,,,,,,,,,
,,,,,,,,,,,,,,,,
,,,,,,,,,,,,,,,,
,,,,,,,,,,,,,,,,
,,,,,,,,,,,,,,,,
,,,,,,,,,,,,,,,,
,,,,,,,,,,,,,,,,
,,,,,,,,,,,,,,,,
,,,,,,,,,,,,,,,,
,,,,,,,,,,,,,,,,
,,,,,,,,,,,,,,,,
,,,,,,,,,,,,,,,,
,,,,,,,,,,,,,,,,
,,,,,,,,,,,,,,,,
,,,,,,,,,,,,,,,,
,,,,,,,,,,,,,,,,
,,,,,,,,,,,,,,,,
,,,,,,,,,,,,,,,,
,,,,,,,,,,,,,,,,
,,,,,,,,,,,,,,,,
,,,,,,,,,,,,,,,,
,,,,,,,,,,,,,,,,
,,,,,,,,,,,,,,,,
,,,,,,,,,,,,,,,,
,,,,,,,,,,,,,,,,
,,,,,,,,,,,,,,,,
,,,,,,,,,,,,,,,,
,,,,,,,,,,,,,,,,
,,,,,,,,,,,,,,,,
,,,,,,,,,,,,,,,,
,,,,,,,,,,,,,,,,
,,,,,,,,,,,,,,,,
,,,,,,,,,,,,,,,,
,,,,,,,,,,,,,,,,
,,,,,,,,,,,,,,,,
,,,,,,,,,,,,,,,,
,,,,,,,,,,,,,,,,
,,,,,,,,,,,,,,,,
,,,,,,,,,,,,,,,,
,,,,,,,,,,,,,,,,
,,,,,,,,,,,,,,,,
,,,,,,,,,,,,,,,,
,,,,,,,,,,,,,,,,
,,,,,,,,,,,,,,,,
,,,,,,,,,,,,,,,,
,,,,,,,,,,,,,,,,
,,,,,,,,,,,,,,,,
,,,,,,,,,,,,,,,,
,,,,,,,,,,,,,,,,
,,,,,,,,,,,,,,,,
,,,,,,,,,,,,,,,,
,,,,,,,,,,,,,,,,
,,,,,,,,,,,,,,,,
,,,,,,,,,,,,,,,,
,,,,,,,,,,,,,,,,
,,,,,,,,,,,,,,,,
,,,,,,,,,,,,,,,,
,,,,,,,,,,,,,,,,
,,,,,,,,,,,,,,,,
,,,,,,,,,,,,,,,,
,,,,,,,,,,,,,,,,
,,,,,,,,,,,,,,,,
,,,,,,,,,,,,,,,,
,,,,,,,,,,,,,,,,
,,,,,,,,,,,,,,,,
,,,,,,,,,,,,,,,,
,,,,,,,,,,,,,,,,
,,,,,,,,,,,,,,,,
,,,,,,,,,,,,,,,,
,,,,,,,,,,,,,,,,
,,,,,,,,,,,,,,,,
,,,,,,,,,,,,,,,,
,,,,,,,,,,,,,,,,
,,,,,,,,,,,,,,,,
,,,,,,,,,,,,,,,,
,,,,,,,,,,,,,,,,
,,,,,,,,,,,,,,,,
,,,,,,,,,,,,,,,,
,,,,,,,,,,,,,,,,
,,,,,,,,,,,,,,,,
,,,,,,,,,,,,,,,,
,,,,,,,,,,,,,,,,
,,,,,,,,,,,,,,,,
,,,,,,,,,,,,,,,,
,,,,,,,,,,,,,,,,
,,,,,,,,,,,,,,,,
,,,,,,,,,,,,,,,,
,,,,,,,,,,,,,,,,
,,,,,,,,,,,,,,,,
,,,,,,,,,,,,,,,,
,,,,,,,,,,,,,,,,
,,,,,,,,,,,,,,,,
,,,,,,,,,,,,,,,,
,,,,,,,,,,,,,,,,
,,,,,,,,,,,,,,,,
,,,,,,,,,,,,,,,,
,,,,,,,,,,,,,,,,
,,,,,,,,,,,,,,,,
,,,,,,,,,,,,,,,,
,,,,,,,,,,,,,,,,
,,,,,,,,,,,,,,,,
,,,,,,,,,,,,,,,,
,,,,,,,,,,,,,,,,
,,,,,,,,,,,,,,,,
,,,,,,,,,,,,,,,,
,,,,,,,,,,,,,,,,
,,,,,,,,,,,,,,,,
,,,,,,,,,,,,,,,,
,,,,,,,,,,,,,,,,
,,,,,,,,,,,,,,,,
,,,,,,,,,,,,,,,,
,,,,,,,,,,,,,,,,
,,,,,,,,,,,,,,,,
,,,,,,,,,,,,,,,,
,,,,,,,,,,,,,,,,
,,,,,,,,,,,,,,,,
,,,,,,,,,,,,,,,,
,,,,,,,,,,,,,,,,
,,,,,,,,,,,,,,,,
,,,,,,,,,,,,,,,,
,,,,,,,,,,,,,,,,
,,,,,,,,,,,,,,,,
,,,,,,,,,,,,,,,,
,,,,,,,,,,,,,,,,
,,,,,,,,,,,,,,,,
,,,,,,,,,,,,,,,,
,,,,,,,,,,,,,,,,
,,,,,,,,,,,,,,,,
,,,,,,,,,,,,,,,,
,,,,,,,,,,,,,,,,
,,,,,,,,,,,,,,,,
,,,,,,,,,,,,,,,,
,,,,,,,,,,,,,,,,
,,,,,,,,,,,,,,,,
,,,,,,,,,,,,,,,,
,,,,,,,,,,,,,,,,
,,,,,,,,,,,,,,,,
,,,,,,,,,,,,,,,,
,,,,,,,,,,,,,,,,
,,,,,,,,,,,,,,,,
,,,,,,,,,,,,,,,,
,,,,,,,,,,,,,,,,
,,,,,,,,,,,,,,,,
,,,,,,,,,,,,,,,,
,,,,,,,,,,,,,,,,
,,,,,,,,,,,,,,,,
,,,,,,,,,,,,,,,,
,,,,,,,,,,,,,,,,
,,,,,,,,,,,,,,,,
,,,,,,,,,,,,,,,,
,,,,,,,,,,,,,,,,
,,,,,,,,,,,,,,,,
,,,,,,,,,,,,,,,,
,,,,,,,,,,,,,,,,
,,,,,,,,,,,,,,,,
,,,,,,,,,,,,,,,,
,,,,,,,,,,,,,,,,
,,,,,,,,,,,,,,,,
,,,,,,,,,,,,,,,,
,,,,,,,,,,,,,,,,
,,,,,,,,,,,,,,,,
,,,,,,,,,,,,,,,,
,,,,,,,,,,,,,,,,
,,,,,,,,,,,,,,,,
,,,,,,,,,,,,,,,,
,,,,,,,,,,,,,,,,
,,,,,,,,,,,,,,,,
,,,,,,,,,,,,,,,,
,,,,,,,,,,,,,,,,
,,,,,,,,,,,,,,,,
,,,,,,,,,,,,,,,,
,,,,,,,,,,,,,,,,
,,,,,,,,,,,,,,,,
,,,,,,,,,,,,,,,,
,,,,,,,,,,,,,,,,
,,,,,,,,,,,,,,,,
,,,,,,,,,,,,,,,,
,,,,,,,,,,,,,,,,
,,,,,,,,,,,,,,,,
,,,,,,,,,,,,,,,,
,,,,,,,,,,,,,,,,
,,,,,,,,,,,,,,,,
,,,,,,,,,,,,,,,,
,,,,,,,,,,,,,,,,
,,,,,,,,,,,,,,,,
,,,,,,,,,,,,,,,,
,,,,,,,,,,,,,,,,
,,,,,,,,,,,,,,,,
,,,,,,,,,,,,,,,,
,,,,,,,,,,,,,,,,
,,,,,,,,,,,,,,,,
,,,,,,,,,,,,,,,,
,,,,,,,,,,,,,,,,
,,,,,,,,,,,,,,,,
,,,,,,,,,,,,,,,,
,,,,,,,,,,,,,,,,
,,,,,,,,,,,,,,,,
,,,,,,,,,,,,,,,,
,,,,,,,,,,,,,,,,
,,,,,,,,,,,,,,,,
,,,,,,,,,,,,,,,,
,,,,,,,,,,,,,,,,
,,,,,,,,,,,,,,,,
,,,,,,,,,,,,,,,,
,,,,,,,,,,,,,,,,
,,,,,,,,,,,,,,,,
,,,,,,,,,,,,,,,,
,,,,,,,,,,,,,,,,
,,,,,,,,,,,,,,,,
,,,,,,,,,,,,,,,,
,,,,,,,,,,,,,,,,
,,,,,,,,,,,,,,,,
,,,,,,,,,,,,,,,,
,,,,,,,,,,,,,,,,
,,,,,,,,,,,,,,,,
,,,,,,,,,,,,,,,,
,,,,,,,,,,,,,,,,
,,,,,,,,,,,,,,,,
,,,,,,,,,,,,,,,,
,,,,,,,,,,,,,,,,
,,,,,,,,,,,,,,,,
,,,,,,,,,,,,,,,,
,,,,,,,,,,,,,,,,
,,,,,,,,,,,,,,,,
,,,,,,,,,,,,,,,,
,,,,,,,,,,,,,,,,
,,,,,,,,,,,,,,,,
,,,,,,,,,,,,,,,,
,,,,,,,,,,,,,,,,
,,,,,,,,,,,,,,,,
,,,,,,,,,,,,,,,,
,,,,,,,,,,,,,,,,
,,,,,,,,,,,,,,,,
,,,,,,,,,,,,,,,,
,,,,,,,,,,,,,,,,
,,,,,,,,,,,,,,,,
,,,,,,,,,,,,,,,,
,,,,,,,,,,,,,,,,
,,,,,,,,,,,,,,,,
,,,,,,,,,,,,,,,,
,,,,,,,,,,,,,,,,
,,,,,,,,,,,,,,,,
,,,,,,,,,,,,,,,,
,,,,,,,,,,,,,,,,
,,,,,,,,,,,,,,,,
,,,,,,,,,,,,,,,,
,,,,,,,,,,,,,,,,
,,,,,,,,,,,,,,,,
,,,,,,,,,,,,,,,,
,,,,,,,,,,,,,,,,
,,,,,,,,,,,,,,,,
,,,,,,,,,,,,,,,,
,,,,,,,,,,,,,,,,
,,,,,,,,,,,,,,,,
,,,,,,,,,,,,,,,,
,,,,,,,,,,,,,,,,
,,,,,,,,,,,,,,,,
,,,,,,,,,,,,,,,,
,,,,,,,,,,,,,,,,
,,,,,,,,,,,,,,,,
,,,,,,,,,,,,,,,,
,,,,,,,,,,,,,,,,
,,,,,,,,,,,,,,,,
,,,,,,,,,,,,,,,,
,,,,,,,,,,,,,,,,
,,,,,,,,,,,,,,,,
,,,,,,,,,,,,,,,,
,,,,,,,,,,,,,,,,
,,,,,,,,,,,,,,,,
,,,,,,,,,,,,,,,,
,,,,,,,,,,,,,,,,
,,,,,,,,,,,,,,,,
,,,,,,,,,,,,,,,,
,,,,,,,,,,,,,,,,
,,,,,,,,,,,,,,,,
,,,,,,,,,,,,,,,,
,,,,,,,,,,,,,,,,
,,,,,,,,,,,,,,,,
,,,,,,,,,,,,,,,,
,,,,,,,,,,,,,,,,
,,,,,,,,,,,,,,,,
,,,,,,,,,,,,,,,,
,,,,,,,,,,,,,,,,
,,,,,,,,,,,,,,,,
,,,,,,,,,,,,,,,,
,,,,,,,,,,,,,,,,
,,,,,,,,,,,,,,,,
,,,,,,,,,,,,,,,,
,,,,,,,,,,,,,,,,
,,,,,,,,,,,,,,,,
,,,,,,,,,,,,,,,,
,,,,,,,,,,,,,,,,
,,,,,,,,,,,,,,,,
,,,,,,,,,,,,,,,,
,,,,,,,,,,,,,,,,
,,,,,,,,,,,,,,,,
,,,,,,,,,,,,,,,,
,,,,,,,,,,,,,,,,
,,,,,,,,,,,,,,,,
,,,,,,,,,,,,,,,,
,,,,,,,,,,,,,,,,
,,,,,,,,,,,,,,,,
,,,,,,,,,,,,,,,,
,,,,,,,,,,,,,,,,
,,,,,,,,,,,,,,,,
,,,,,,,,,,,,,,,,
,,,,,,,,,,,,,,,,
,,,,,,,,,,,,,,,,
,,,,,,,,,,,,,,,,
,,,,,,,,,,,,,,,,
,,,,,,,,,,,,,,,,
,,,,,,,,,,,,,,,,
,,,,,,,,,,,,,,,,
,,,,,,,,,,,,,,,,
,,,,,,,,,,,,,,,,
,,,,,,,,,,,,,,,,
,,,,,,,,,,,,,,,,
,,,,,,,,,,,,,,,,
,,,,,,,,,,,,,,,,
,,,,,,,,,,,,,,,,
,,,,,,,,,,,,,,,,
,,,,,,,,,,,,,,,,
,,,,,,,,,,,,,,,,
,,,,,,,,,,,,,,,,
,,,,,,,,,,,,,,,,
,,,,,,,,,,,,,,,,
,,,,,,,,,,,,,,,,
,,,,,,,,,,,,,,,,
,,,,,,,,,,,,,,,,
,,,,,,,,,,,,,,,,
,,,,,,,,,,,,,,,,
,,,,,,,,,,,,,,,,
,,,,,,,,,,,,,,,,
,,,,,,,,,,,,,,,,
,,,,,,,,,,,,,,,,
,,,,,,,,,,,,,,,,
,,,,,,,,,,,,,,,,
,,,,,,,,,,,,,,,,
,,,,,,,,,,,,,,,,
,,,,,,,,,,,,,,,,
,,,,,,,,,,,,,,,,
,,,,,,,,,,,,,,,,
,,,,,,,,,,,,,,,,
,,,,,,,,,,,,,,,,
,,,,,,,,,,,,,,,,
,,,,,,,,,,,,,,,,
,,,,,,,,,,,,,,,,
,,,,,,,,,,,,,,,,
,,,,,,,,,,,,,,,,
,,,,,,,,,,,,,,,,
,,,,,,,,,,,,,,,,
,,,,,,,,,,,,,,,,
,,,,,,,,,,,,,,,,
,,,,,,,,,,,,,,,,
,,,,,,,,,,,,,,,,
,,,,,,,,,,,,,,,,
,,,,,,,,,,,,,,,,
,,,,,,,,,,,,,,,,
,,,,,,,,,,,,,,,,
,,,,,,,,,,,,,,,,
,,,,,,,,,,,,,,,,
,,,,,,,,,,,,,,,,
,,,,,,,,,,,,,,,,
,,,,,,,,,,,,,,,,
,,,,,,,,,,,,,,,,
,,,,,,,,,,,,,,,,
,,,,,,,,,,,,,,,,
,,,,,,,,,,,,,,,,
,,,,,,,,,,,,,,,,
,,,,,,,,,,,,,,,,
,,,,,,,,,,,,,,,,
,,,,,,,,,,,,,,,,
,,,,,,,,,,,,,,,,
,,,,,,,,,,,,,,,,
,,,,,,,,,,,,,,,,
,,,,,,,,,,,,,,,,
,,,,,,,,,,,,,,,,
,,,,,,,,,,,,,,,,
,,,,,,,,,,,,,,,,
,,,,,,,,,,,,,,,,
,,,,,,,,,,,,,,,,
,,,,,,,,,,,,,,,,
,,,,,,,,,,,,,,,,
,,,,,,,,,,,,,,,,
,,,,,,,,,,,,,,,,
,,,,,,,,,,,,,,,,
,,,,,,,,,,,,,,,,
,,,,,,,,,,,,,,,,
,,,,,,,,,,,,,,,,
,,,,,,,,,,,,,,,,
,,,,,,,,,,,,,,,,
,,,,,,,,,,,,,,,,
,,,,,,,,,,,,,,,,
,,,,,,,,,,,,,,,,
,,,,,,,,,,,,,,,,
,,,,,,,,,,,,,,,,
,,,,,,,,,,,,,,,,
,,,,,,,,,,,,,,,,
,,,,,,,,,,,,,,,,
,,,,,,,,,,,,,,,,
,,,,,,,,,,,,,,,,
,,,,,,,,,,,,,,,,
,,,,,,,,,,,,,,,,
,,,,,,,,,,,,,,,,
,,,,,,,,,,,,,,,,
,,,,,,,,,,,,,,,,
,,,,,,,,,,,,,,,,
,,,,,,,,,,,,,,,,
,,,,,,,,,,,,,,,,
,,,,,,,,,,,,,,,,
,,,,,,,,,,,,,,,,
,,,,,,,,,,,,,,,,
,,,,,,,,,,,,,,,,
,,,,,,,,,,,,,,,,
,,,,,,,,,,,,,,,,
,,,,,,,,,,,,,,,,
,,,,,,,,,,,,,,,,
,,,,,,,,,,,,,,,,
,,,,,,,,,,,,,,,,
,,,,,,,,,,,,,,,,
,,,,,,,,,,,,,,,,
,,,,,,,,,,,,,,,,
,,,,,,,,,,,,,,,,
,,,,,,,,,,,,,,,,
,,,,,,,,,,,,,,,,
,,,,,,,,,,,,,,,,
,,,,,,,,,,,,,,,,
,,,,,,,,,,,,,,,,
,,,,,,,,,,,,,,,,
,,,,,,,,,,,,,,,,
,,,,,,,,,,,,,,,,
,,,,,,,,,,,,,,,,
,,,,,,,,,,,,,,,,
,,,,,,,,,,,,,,,,
,,,,,,,,,,,,,,,,
,,,,,,,,,,,,,,,,
,,,,,,,,,,,,,,,,
,,,,,,,,,,,,,,,,
,,,,,,,,,,,,,,,,
,,,,,,,,,,,,,,,,
,,,,,,,,,,,,,,,,
,,,,,,,,,,,,,,,,
,,,,,,,,,,,,,,,,
,,,,,,,,,,,,,,,,
,,,,,,,,,,,,,,,,
,,,,,,,,,,,,,,,,
,,,,,,,,,,,,,,,,
,,,,,,,,,,,,,,,,
,,,,,,,,,,,,,,,,
,,,,,,,,,,,,,,,,
,,,,,,,,,,,,,,,,
,,,,,,,,,,,,,,,,
,,,,,,,,,,,,,,,,
,,,,,,,,,,,,,,,,
,,,,,,,,,,,,,,,,
,,,,,,,,,,,,,,,,
,,,,,,,,,,,,,,,,
,,,,,,,,,,,,,,,,
,,,,,,,,,,,,,,,,
,,,,,,,,,,,,,,,,
,,,,,,,,,,,,,,,,
,,,,,,,,,,,,,,,,
,,,,,,,,,,,,,,,,
,,,,,,,,,,,,,,,,
,,,,,,,,,,,,,,,,
,,,,,,,,,,,,,,,,
,,,,,,,,,,,,,,,,
,,,,,,,,,,,,,,,,
,,,,,,,,,,,,,,,,
,,,,,,,,,,,,,,,,
,,,,,,,,,,,,,,,,
,,,,,,,,,,,,,,,,
,,,,,,,,,,,,,,,,
,,,,,,,,,,,,,,,,
,,,,,,,,,,,,,,,,
,,,,,,,,,,,,,,,,
,,,,,,,,,,,,,,,,
,,,,,,,,,,,,,,,,
,,,,,,,,,,,,,,,,
,,,,,,,,,,,,,,,,
,,,,,,,,,,,,,,,,
,,,,,,,,,,,,,,,,
,,,,,,,,,,,,,,,,
,,,,,,,,,,,,,,,,
,,,,,,,,,,,,,,,,
,,,,,,,,,,,,,,,,
,,,,,,,,,,,,,,,,
,,,,,,,,,,,,,,,,
,,,,,,,,,,,,,,,,
,,,,,,,,,,,,,,,,
,,,,,,,,,,,,,,,,
,,,,,,,,,,,,,,,,
,,,,,,,,,,,,,,,,
,,,,,,,,,,,,,,,,
,,,,,,,,,,,,,,,,
,,,,,,,,,,,,,,,,
,,,,,,,,,,,,,,,,
,,,,,,,,,,,,,,,,
,,,,,,,,,,,,,,,,
,,,,,,,,,,,,,,,,
,,,,,,,,,,,,,,,,
,,,,,,,,,,,,,,,,
,,,,,,,,,,,,,,,,
,,,,,,,,,,,,,,,,
,,,,,,,,,,,,,,,,
,,,,,,,,,,,,,,,,
,,,,,,,,,,,,,,,,
,,,,,,,,,,,,,,,,
,,,,,,,,,,,,,,,,
,,,,,,,,,,,,,,,,
,,,,,,,,,,,,,,,,
,,,,,,,,,,,,,,,,
,,,,,,,,,,,,,,,,
,,,,,,,,,,,,,,,,
,,,,,,,,,,,,,,,,
,,,,,,,,,,,,,,,,
,,,,,,,,,,,,,,,,
,,,,,,,,,,,,,,,,
,,,,,,,,,,,,,,,,
,,,,,,,,,,,,,,,,
,,,,,,,,,,,,,,,,
,,,,,,,,,,,,,,,,
,,,,,,,,,,,,,,,,
,,,,,,,,,,,,,,,,
,,,,,,,,,,,,,,,,
,,,,,,,,,,,,,,,,
,,,,,,,,,,,,,,,,
,,,,,,,,,,,,,,,,
,,,,,,,,,,,,,,,,
,,,,,,,,,,,,,,,,
,,,,,,,,,,,,,,,,
,,,,,,,,,,,,,,,,
,,,,,,,,,,,,,,,,
,,,,,,,,,,,,,,,,
,,,,,,,,,,,,,,,,
,,,,,,,,,,,,,,,,
,,,,,,,,,,,,,,,,
,,,,,,,,,,,,,,,,
,,,,,,,,,,,,,,,,
,,,,,,,,,,,,,,,,
,,,,,,,,,,,,,,,,
,,,,,,,,,,,,,,,,
,,,,,,,,,,,,,,,,
,,,,,,,,,,,,,,,,
,,,,,,,,,,,,,,,,
,,,,,,,,,,,,,,,,
,,,,,,,,,,,,,,,,
,,,,,,,,,,,,,,,,
,,,,,,,,,,,,,,,,
,,,,,,,,,,,,,,,,
,,,,,,,,,,,,,,,,
,,,,,,,,,,,,,,,,
,,,,,,,,,,,,,,,,
,,,,,,,,,,,,,,,,
,,,,,,,,,,,,,,,,
,,,,,,,,,,,,,,,,
,,,,,,,,,,,,,,,,
,,,,,,,,,,,,,,,,
,,,,,,,,,,,,,,,,
,,,,,,,,,,,,,,,,
,,,,,,,,,,,,,,,,
,,,,,,,,,,,,,,,,
,,,,,,,,,,,,,,,,
