Timestamp,date prepared,service request date,Received Via,Agent / Client,Billing Party,Vessel/ Voyage ,Vessel Type,ETA /POB,Port,Terminal,Service Type,Service Provider,#Tugs Required,Date Approved,Approving Personnel, , ,Email Address,STATUS,COS,Remarks,COS#,vessel#,vessel name,port#,port name,terminal #,terminal name,,,,
12/26/2023,12/26/2023,12/26/2023,SMS,NARRA TANKERS CORP,,NTC LAWIN,Local,12/28/2023,DAVAO,PETRON,Docking / Undocking,MMSI,1/2/1900,12/26/2023,RML,,,mmsi-admin@malayanmaritime.com,APPROVED,,,,,,,,,,,,,
12/26/2023,12/26/2023,12/26/2023,Viber,LORENZO SHIPPING,,LORCON DUMAGUETE,Local,12/28/2023,DAVAO,SASA,Docking / Undocking,MMSI,1/2/1900,12/26/2023, ,,,mmsi-admin@malayanmaritime.com,APPROVED,,,,,,,,,,,,,
12/27/2023,12/27/2023,12/27/2023,Call,LORENZO SHIPPING,,LORCON DUMAGUETE,Local,12/27/2023,DAVAO,Kudos,Towing,MMSI,1/1/1900,12/27/2023,,,,mmsi-ops@malayanmaritime.com,APPROVED,,,,,,,,,,,,,
12/27/2023,12/27/2023,12/27/2023,Call,LORENZO SHIPPING,,LORCON DUMAGUETE,Local,12/27/2023,DAVAO,Kudos,Docking / Undocking,MMSI,1/2/1900,12/27/2023,,,,mmsi-ops@malayanmaritime.com,APPROVED,,,,,,,,,,,,,
12/27/2023,12/27/2023,12/29/2023,Email,Mar-Ships,,MV Southern Beluga,Foreign,12/30/2023,DAVAO,Seaoil,Docking / Undocking,MMSI,1/2/1900,12/27/2023,,,,mmsi-ops@malayanmaritime.com,APPROVED,,,,,,,,,,,,,
12/27/2023,12/27/2023,12/30/2023,Email,OMS,,MV FU ZHI - 2320,Foreign,12/30/2023,DAVAO,Sasa,Docking / Undocking,MMSI,1/2/1900,12/27/2023,,,,mmsi-ops@malayanmaritime.com,APPROVED,,,,,,,,,,,,,
12/27/2023,12/27/2023,12/31/2023,Call,2go,,San Rafael Dos / Voy 21,Local,12/31/2023,Davao,Sasa,Docking / Undocking,MMSI,1/2/1900,12/27/2023,,,,mmsi-ops@malayanmaritime.com,APPROVED,,,,,,,,,,,,,
12/28/2023,12/28/2023,12/28/2023,Call,GAC,,Blue Akahibara,Foreign,12/28/2023,Davao,Sasa,Docking / Undocking,MMSI,1/3/1900,12/28/2023,,,,mmsi-ops@malayanmaritime.com,APPROVED,,,,,,,,,,,,,
12/29/2023,12/29/2023,12/29/2023,Call,IOC,,Ava,Local,12/29/2023,Davao,IOC,Docking / Undocking,MMSI,1/2/1900,12/29/2023,,,,mmsi-ops@malayanmaritime.com,APPROVED,,,,,,,,,,,,,
12/29/2023,12/29/2023,12/29/2023,Call,IOC,,Ava,Local,12/29/2023,Davao,IOC,Tending,MMSI,1/1/1900,12/29/2023,,,,mmsi-ops@malayanmaritime.com,APPROVED,,,,,,,,,,,,,
12/29/2023,12/29/2023,12/29/2023,Call,Clio,,Leila Tocihgi,Foreign,12/29/2023,Davao,Sasa,Docking / Undocking,MMSI,1/2/1900,12/29/2023,,,,mmsi-ops@malayanmaritime.com,APPROVED,,,,,,,,,,,,,
12/29/2023,12/29/2023,1/2/2024,Email,ND Holdings,,Cala Piccola / 23-18B,Foreign,1/2/2024,Davao,Craft Haven,Docking / Undocking,MMSI,1/2/1900,12/29/2024,,,,mmsi-ops@malayanmaritime.com,APPROVED,,,,,,,,,,,,,
12/30/2023,12/30/2023,1/6/2023,Viber,JC&V,,MV PETALON / VOY 6,Foreign,1/6/2023,Davao,"TSI,Sta Cruz",Docking / Undocking,MMSI,1/2/1900,12/30/2023,,,,mmsi-ops@malayanmaritime.com,APPROVED,,,,,,,,,,,,,
12/30/2023,12/30/2023,12/30/2023,Call,Lorenzo,,Rasalas,Local,12/30/2023,Davao,Sasa,Docking / Undocking,MMSI,1/2/1900,12/30/2023,,,,mmsi-ops@malayanmaritime.com,APPROVED,,,,,,,,,,,,,
12/30/2023,12/30/2023,1/1/2024,SMS,Gothong,,Don Alfredo Sr3 / Voy 49,Local,1/1/2024,Davao,KTC,Docking / Undocking,MMSI,1/1/1900,12/30/2023,,,,mmsi-ops@malayanmaritime.com,APPROVED,,,,,,,,,,,,,
1/2/2024,1/2/2024,1/2/2024,SMS,OMS,,MV Fu Zhi,Foreign,1/2/2024,Davao,Sasa,Docking / Undocking,MMSI,1/2/1900,1/2/2024,,,,mmsi-ops@malayanmaritime.com,APPROVED,,,,,,,,,,,,,
1/2/2024,1/2/2024,1/2/2024,SMS,NARRA TANKERS,,NTC FALCON,Local,1/4/2024,Davao,PETRON,Docking / Undocking,MMSI,1/2/1900,1/2/2024,,,,mmsi-admin@malayanmaritime.com,APPROVED,,,,,,,,,,,,,
1/3/2024,1/3/2024,1/12/2024,Viber,JC&V,,MV NORD AQUARIUS,Foreign,1/12/2024,Davao,TSI,Docking / Undocking,MMSI,1/2/1900,1/3/2024,,,,mmsi-ops@malayanmaritime.com,APPROVED,,,,,,,,,,,,,
1/3/2024,1/3/2024,1/4/2024,SMS,Gothong,,MV Don Ceferino Alfredo / V 37,Local,1/4/2024,Dacao,KTC,Docking / Undocking,MMSI,1/1/1900,1/3/2024,,,,mmsi-ops@malayanmaritime.com,APPROVED,,,,,,,,,,,,,
1/6/2024,1/6/2024,1/6/2024,Call,Lorenzo,,Lorcon Bacolod,Local,1/6/2024,Davao,Sasa,Docking / Undocking,MMSI,1/2/1900,1/6/2024,,,,mmsi-ops@malayanmaritime.com,APPROVED,,,,,,,,,,,,,
1/7/2024,1/7/2024,1/7/2024,Call,Seaboard,,Helane,Foreign,1/7/2024,Davao,Petron,Docking / Undocking,MMSI,1/2/1900,1/6/2024,,,,mmsi-ops@malayanmaritime.com,APPROVED,,,,,,,,,,,,,
1/7/2024,1/7/2024,1/7/2024,Call,IOC,,Ava,Local,1/7/2024,Davao,IOC,Docking / Undocking,MMSI,1/2/1900,1/7/2024,,,,mmsi-ops@malayanmaritime.com,APPROVED,,,,,,,,,,,,,
1/7/2024,1/7/2024,1/7/2024,SMS,Gothong,,MV Caroline Joy 1,Local,1/8/2024,Davao,KTC,Docking / Undocking,MMSI,1/2/1900,1/7/2024,,,,mmsi-ops@malayanmaritime.com,APPROVED,,,,,,,,,,,,,
1/7/2024,1/7/2024,1/7/2024,Call,IOC,,MT Casandra,Local,1/8/2024,CDO,PDOC,Docking / Undocking,PRS,1/2/1900,1/8/2024,,,,mmsi-ops@malayanmaritime.com,APPROVED,,,,,,,,,,,,,
1/8/2024,1/8/2024,1/8/2024,Call,IOC,,Aries Pearl,Foreign,1/10/2024,Quezon,Azora,Docking / Undocking,Hemsi c/o PCL,1/2/1900,1/8/2024,,,,mmsi-ops@malayanmaritime.com,APPROVED,,,,,,,,,,,,,
1/8/2024,1/8/2024,1/8/2024,Call,CLIO,,Future Ocean,Foreign,1/11/2024,Davao,Sasa,Docking / Undocking,MMSI,1/2/1900,1/8/2024,,,,mmsi-ops@malayanmaritime.com,APPROVED,,,,,,,,,,,,,
1/9/2024,1/9/2024,1/9/2024,Call,OMS,,MV HOANG DUONG STAR    ,Foreign,1/9/2024,Davao,Kudos,Docking / Undocking,MMSI,1/2/1900,1/9/2024,,,,mmsi-ops@malayanmaritime.com,APPROVED,,,,,,,,,,,,,
1/9/2024,1/9/2024,1/9/2024,Call,IOC,,AVA,Local,1/9/2024,Davao,IOC,Docking / Undocking,MMSI,1/2/1900,1/9/2024,,,,mmsi-ops@malayanmaritime.com,APPROVED,,,,,,,,,,,,,
1/9/2024,1/9/2024,1/9/2024,Call,IOC,,Ava,Local,1/9/2024,Davao,IOC,Tending,MMSI,1/1/1900,1/9/2024,,,,mmsi-ops@malayanmaritime.com,APPROVED,,,,,,,,,,,,,
1/9/2024,1/9/2023,1/10/2023,Viber,IOC,,Casandra,Local,1/10/2024,Leyte,Vispet,Docking / Undocking,PRS,1/1/1900,1/9/2024,,,,mmsi-ops@malayanmaritime.com,APPROVED,,,,,,,,,,,,,
1/10/2024,1/10/2024,1/11/2024,Email,ND Shipping,,Green Italia,Foreign,1/11/2024,Davao,Craft Haven,Docking / Undocking,MMSI,1/2/1900,1/10/2024,,,,mmsi-ops@malayanmaritime.com,APPROVED,,,,,,,,,,,,,
1/13/2024,1/13/2024,1/14/2024,SMS,Gothong,,Don Alfredo Sr3 / V1,Local,1/14/2024,Davao,KTC,Docking / Undocking,MMSI,1/1/1900,1/13/2024,,,,mmsi-ops@malayanmaritime.com,APPROVED,,,,,,,,,,,,,
1/13/2024,1/13/2024,1/22/2024,Email,GAC,,MT HELLAS APHRODITE,Foreign,1/22/2024,Leyte,Vispet,Docking / Undocking,Other tug provider,1/3/1900,1/13/2024,,,,mmsi-ops@malayanmaritime.com,APPROVED,,,,,,,,,,,,,
1/15/2024,1/15/2024,1/25/2024,Email,GAC,, MT HELLAS APHRODITE,Foreign,1/25/2024,CDO,PDOC,Docking / Undocking,Other tug provider,1/3/1900,1/15/2024,,,,mmsi-ops@malayanmaritime.com,APPROVED,,,,,,,,,,,,,
1/16/2024,1/16/2024,1/16/2024,Call,Seaboard,,Fatime,Foreign,1/16/2024,Davao,Petron,Docking / Undocking,MMSI,1/2/1900,1/16/2024,,,,mmsi-ops@malayanmaritime.com,APPROVED,,,,,,,,,,,,,
1/16/2024,1/16/2024,1/16/2024,Email,ND Holdings,,Cala Piccola,Foreign,1/16/2024,Davao,Craft Haven,Docking / Undocking,MMSI,1/1/1900,1/16/2024,,,,mmsi-ops@malayanmaritime.com,APPROVED,,,,,,,,,,,,,
1/16/2024,1/16/2024,1/17/2024,Call,Lorenzo Shipping,,MV Rasalas,Local,1/17/2024,Davao,Sasa,Docking / Undocking,MMSI,1/2/1900,1/17/2024,,,,mmsi-ops@malayanmaritime.com,APPROVED,,,,,,,,,,,,,
1/16/2024,1/16/2024,1/17/2024,Call,Lorenzo Shipping,,Lorcon Manila,Local,1/17/2024,Davao,Sasa,Docking / Undocking,MMSI,1/2/1900,1/17/2024,,,,mmsi-ops@malayanmaritime.com,APPROVED,,,,,,,,,,,,,
1/16/2024,1/16/2024,1/18/2024,SMS,Gothong,,Don Ceferino Alfredo,Local,1/18/2024,Davao,KTC,Docking / Undocking,MMSI,1/1/1900,1/17/2024,,,,mmsi-ops@malayanmaritime.com,APPROVED,,,,,,,,,,,,,
1/17/2024,1/17/2024,1/19/2024,Viber,IOC,,Casandra,Local,1/19/2024,Leyte,Vispet,Docking / Undocking,Other tug provider,1/1/1900,1/17/2024,,,,mmsi-ops@malayanmaritime.com,APPROVED,,,,,,,,,,,,,
1/17/2024,1/17/2024,1/22/2024,Email,GAC,,MT BW  EGRET,Foreign,1/22/2024,Davao,IOC,Docking / Undocking,MMSI,1/3/1900,1/17/2024,,,,mmsi-ops@malayanmaritime.com,APPROVED,,,,,,,,,,,,,
1/17/2024,1/17/2024,1/22/2024,Email,GAC,,MT BW  EGRET,Foreign,1/22/2024,Davao,IOC,Tending,MMSI,1/2/1900,1/17/2024,,,,mmsi-ops@malayanmaritime.com,APPROVED,,,,,,,,,,,,,
1/19/2024,1/19/2024,1/19/2024,SMS,NARRA TANKERS,,NTC HARRIBON,Local,1/20/2024,Davao,PETRON,Docking / Undocking,MMSI,1/2/1900,1/20/2024,,,,mmsi-admin@malayanmaritime.com,APPROVED,,,,,,,,,,,,,
1/20/2024,1/20/2024,1/21/2024,SMS,Gothong,,Doña Caroline Joy / Voy 2,Local,1/21/2024,Davao,KTC,Docking / Undocking,MMSI,1/2/1900,1/20/2024,,,,mmsi-ops@malayanmaritime.com,APPROVED,,,,,,,,,,,,,
1/20/2024,1/20/2024,1/20/2024,Call,Seensam,,LCT 808,Local,1/20/2024,Davao,Kudos,Docking / Undocking,MMSI,1/1/1900,1/20/2024,,,,mmsi-ops@malayanmaritime.com,APPROVED,,,,,,,,,,,,,
1/20/2024,1/20/2024,1/20/2024,Call,Lorenzo,,MV Rasalas,Local,1/20/2024,Davao,Sasa,Docking / Undocking,MMSI,1/2/1900,1/20/2024,,,,mmsi-ops@malayanmaritime.com,APPROVED,,,,,,,,,,,,,
1/20/2024,1/20/2024,1/20/2024,Call,IOC,,MT Panglao,Local,1/20/2024,Davao,IOC,Docking / Undocking,MMSI,1/2/1900,1/20/2024,,,,mmsi-ops@malayanmaritime.com,APPROVED,,,,,,,,,,,,,
1/20/2024,1/20/2024,1/20/2024,Call,IOC,,MT Panglao,Local,1/20/2024,Davao,IOC,Tending,MMSI,1/1/1900,1/20/2024,,,,mmsi-ops@malayanmaritime.com,APPROVED,,,,,,,,,,,,,
1/20/2024,1/20/2024,1/21/2024,Call,OMS,,An Binh 18,Foreign,1/21/2024,Davao,Kudos,Docking / Undocking,MMSI,1/2/1900,1/21/2024,,,,mmsi-ops@malayanmaritime.com,APPROVED,,,,0252,,,,,,,,,
1/21/2024,1/21/2024,1/21/2024,Call,IOC,,Casandra,Local,1/21/2024,Davao,Chevron,Docking / Undocking,MMSI,1/2/1900,1/21/2024,,,,mmsi-ops@malayanmaritime.com,APPROVED,,,,,,,,,,,,,
1/22/2024,1/22/2024,1/22/2024,SMS,Lorenzo,,Lorcon Bacolod,Local,1/22/2024,Davao,Sasa,Docking / Undocking,MMSI,1/2/1900,1/22/2024,,,,mmsi-ops@malayanmaritime.com,APPROVED,,,,,,,,,,,,,
1/23/2024,1/23/2024,1/20/2024,Email,"MAR-Ships Agency, Inc",,MT Theresa Empat,Foreign,1/30/2024,Davao,NDOMILL,Docking / Undocking,MMSI,1/3/1900,1/23/2024,,,,mmsi-ops@malayanmaritime.com,APPROVED,,,,,,,,,,,,,
1/24/2024,1/24/2024,1/24/2024,Viber,IOC,,Ava,Local,1/24/2024,Davao,IOC,Docking / Undocking,MMSI,1/2/1900,1/24/2024,,,,mmsi-ops@malayanmaritime.com,APPROVED,,,,,,,,,,,,,
1/24/2024,1/24/2024,1/24/2024,Viber,IOC,,Ava,Local,1/24/2024,Davao,IOC,Tending,MMSI,1/1/1900,1/24/2024,,,,mmsi-ops@malayanmaritime.com,APPROVED,,,,,,,,,,,,,
1/24/2024,1/24/2024,1/25/2024,SMS,Gothong,,Doña Dariana Brielle,Local,1/25/2024,Davao,KTC,Docking / Undocking,MMSI,1/2/1900,1/24/2024,,,,mmsi-ops@malayanmaritime.com,APPROVED,,,,,,,,,,,,,
1/24/2024,1/24/2024,1/25/2024,Call,IOC,,Ava,Local,1/25/2024,Davao,Chevron,Docking / Undocking,MMSI,1/2/1900,1/24/2024,,,,mmsi-ops@malayanmaritime.com,APPROVED,,,,,,,,,,,,,
1/25/2024,1/25/2024,1/25/2024,Call,Lorenzo,,Lorcon Dumaguete,Local,1/25/2024,Davao,Sta Ana Anchorage,Docking / Undocking,MMSI,1/1/1900,1/25/2024,,,,mmsi-ops@malayanmaritime.com,APPROVED,,,,,,,,,,,,,
1/25/2024,1/25/2024,1/27/2024,Email,ND Holdings,,Green Italia,Foreign,1/27/2024,Davao,Craft Haven,Docking / Undocking,MMSI,1/2/1900,1/25/2024,,,,mmsi-ops@malayanmaritime.com,APPROVED,,,,,,,,,,,,,
1/27/2024,1/27/2024,1/28/2024,Call,IOC,,Bulusan 2,Local,1/28/2024,Davao,IOC,Docking / Undocking,MMSI,1/2/1900,1/27/2024,,,,mmsi-ops@malayanmaritime.com,APPROVED,,,,,,,,,,,,,
1/28/2024,1/28/2024,1/28/2024,SMS,Gothong,,Don Alfedo Sr.3,Local,1/29/2024,Davao,KTC,Docking / Undocking,MMSI,1/1/1900,1/28/2024,,,,mmsi-ops@malayanmaritime.com,APPROVED,,,,,,,,,,,,,
1/29/2024,1/29/2024,1/30/2024,Viber,IOC,,Casandra,Local,1/30/2024,Leyte,Vispet,Docking / Undocking,Other tug provider,1/1/1900,1/29/2024,,,,mmsi-ops@malayanmaritime.com,APPROVED,,,,,,,,,,,,,
1/29/2024,1/29/2024,2/1/2024,Viber,JC&V,,MV Jia Da,Foreign,2/1/2024,Davao,TSI,Docking / Undocking,MMSI,1/2/1900,1/29/2024,,,,mmsi-ops@malayanmaritime.com,APPROVED,,,,,,,,,,,,,
1/29/2024,1/29/2024,2/7/2024,Email,GAC,,MT ISLAND EXPRESS,Foreign,2/7/2024,Davao,IOC,Docking / Undocking,MMSI,1/3/1900,1/30/2024,,,,mmsi-ops@malayanmaritime.com,APPROVED,,,,,,,,,,,,,
1/29/2024,1/29/2024,2/7/2024,Email,GAC,,MT ISLAND EXPRESS,Foreign,2/7/2024,Davao,IOC,Tending,MMSI,1/2/1900,1/30/2024,,,,mmsi-ops@malayanmaritime.com,APPROVED,,,,,,,,,,,,,
1/29/2024,1/29/2024,1/30/2023,SMS,IOC,,MT Ava,Local,1/30/2024,Davao,IOC,Docking / Undocking,MMSI,1/2/1900,1/30/2024,,,,mmsi-ops@malayanmaritime.cpom,APPROVED,,,,,,,,,,,,,
1/29/2024,1/29/2024,1/30/2024,SMS,IOC,,MT Ava,Local,1/30/2024,Davao,IOC,Tending,MMSI,1/1/1900,1/30/2024,,,,mmsi-ops@malayanmaritime.com,APPROVED,,,,,,,,,,,,,
1/30/2024,1/30/2024,1/30/2024,Call,OMS,,Quan Ming 5,Foreign,1/30/2024,Davao,Kudos,Docking / Undocking,MMSI,1/2/1900,1/30/2024,,,,mmsi-ops@malayanmaritime.com,APPROVED,,,,,,,,,,,,,
1/30/2024,1/30/2024,1/31/2024,Email,ND Shipping,,Cala Piccola,Foreign,1/31/2024,Davao,Craft Haven,Docking / Undocking,MMSI,1/1/1900,1/30/2024,,,,mmsi-ops@malayanmaritime.com,APPROVED,,,,,,,,,,,,,
1/31/2024,1/31/2024,1/31/2024,Call,IOC,,MT Ava,Local,1/31/2024,Davao,Chevron,Docking / Undocking,MMSI,1/2/1900,1/31/2024,,,,mmsi-ops@malayanmaritime.com,APPROVED,,,,,,,,,,,,,
1/31/2024,1/31/2024,1/31/2024,Call,IOC,,Maringal,Local,1/31/2024,Davao,IOC,Docking / Undocking,MMSI,1/2/1900,1/31/2024,,,,mmsi-ops@malayanmaritime.com,APPROVED,,,,,,,,,,,,,
1/31/2024,1/31/2024,1/31/2024,Call,IOC,,Maringal,Local,1/31/2024,Davao,IOC,Tending,MMSI,1/1/1900,1/31/2024,,,,mmsi=ops@malayanmaritime.com,APPROVED,,,,,,,,,,,,,
1/31/2024,1/31/2024,2/1/2024,SMS,Gothong,,Don Alfredo Ceferino,Local,2/1/2024,Davao,KTC,Docking / Undocking,MMSI,1/1/1900,1/31/2024,,,,mmsi-ops@malayanmaritime.com,APPROVED,,,,,,,,,,,,,
2/1/2024,2/1/2024,2/3/2024,Viber,IOC,,Chelsea Endurance,Local,2/3/2024,Leyte,Vispet,Docking / Undocking,Other tug provider,1/1/1900,2/2/2024,,,,mmsi-ops@malayanmaritime.com,APPROVED,,,,,,,,,,,,,
2/1/2024,2/1/2024,2/2/2024,Call,IOC,,Bulusan 2,Local,2/2/2024,CDO,PDOC,Docking / Undocking,Other tug provider,1/1/1900,2/2/2024,,,,mmsi-ops@malayanmaritime.com,APPROVED,,,,,,,,,,,,,
2/4/2024,2/4/2024,2/5/2024,Call,Gothong,,Caroline Joy,Local,2/5/2024,Davao,KTC,Docking / Undocking,MMSI,1/2/1900,2/4/2024,,,,mmsi-ops@malayanmaritime.com,APPROVED,,,,,,,,,,,,,
2/7/2024,2/7/2024,2/7/2024,Call,GAC,,Yangze 7,Foreign,2/7/2024,Davao,Sasa,Docking / Undocking,MMSI,1/3/1900,2/7/2024,,,,mmsi-ops@malayanmaritime.com,APPROVED,,,,,,,,,,,,,
2/7/2024,2/7/2024,2/7/2024,Call,2GO,,San Rafael Dos,Local,2/7/2024,Davao,Sasa,Docking / Undocking,MMSI,1/2/1900,2/8/2024,,,,mmsi-ops@malayanmartime.com,APPROVED,,,,,,,,,,,,,
2/7/2024,2/7/2024,2/8/2024,Call,Lorenzo,,MV Rasalas,Local,2/8/2024,Davao,Sasa,Docking / Undocking,MMSI,1/2/1900,2/8/2024,,,,mmsi-ops@malayanmaritime.com,APPROVED,,,,,,,,,,,,,
2/7/2024,2/7/2024,2/10/2024,Call,Lorenzo,,Lorcon Dumaguete,Local,2/10/2024,Davao,Sta Ana Anchorage,Docking / Undocking,MMSI,1/1/1900,2/8/2024,,,,mmsi-ops@malayanmaritime.com,APPROVED,,,,,,,,,,,,,
2/7/2024,2/7/2024,2/8/2024,SMS,Gothong,,Doña Dariana Brielle,Local,2/8/2024,Davao,KTC,Docking / Undocking,MMSI,1/2/1900,2/8/2024,,,,mmsi-ops@malayanmaritime.com,APPROVED,,,,,,,,,,,,,
2/8/2024,2/8/2024,2/8/2024,Call,OMS,,Tan Binh,Foreign,2/8/2024,Davao,Kudos,Docking / Undocking,MMSI,1/2/1900,2/8/2024,,,,mmsi-ops@malayanmaritime.com,APPROVED,,,,,,,,,,,,,
2/8/2024,2/8/2024,2/9/2024,Call,FOUR DRAGONS,,CRIMSON JADE,Foreign,2/9/2024,SUBIC,SUBIC,Docking / Undocking,Other tug provider,1/2/1900,2/8/2024,,,,mmsi-admin@malayanmaritime.com,APPROVED,,,,,,,,,,,,,
2/8/2024,2/8/2024,2/9/2024,Viber,IOC,,Casandra,Local,2/9/2024,Leyte,Vispet,Docking / Undocking,Other tug provider,1/1/1900,2/8/2024,,,,mmsi-ops@malayanmaritime.com,APPROVED,,,,,,,,,,,,,
2/8/2024,2/8/2024,2/10/2024,Viber,IOC,,Espada,Local,2/10/2024,Leyte,Vispet,Docking / Undocking,MMSI,1/1/1900,2/8/2024,,,,mmsi-ops@malayanmaritime.com,APPROVED,,,,,,,,,,,,,
2/8/2024,2/8/2024,2/11/2024,Email,ND Shipping,,Green Italia,Foreign,2/11/2024,Davao,Craft Haven,Docking / Undocking,MMSI,1/2/1900,2/8/2024,,,,mmsi-ops@malayanmaritime.com,APPROVED,,,,,,,,,,,,,
2/8/2024,2/8/2024,2/13/2024,Email,Four Dragons,,MT FAIRCHEM GRUTTO,Foreign,2/13/2024,Davao,IOC,Docking / Undocking,MMSI,1/3/1900,2/8/2024,,,,mmsi-ops@malayanmaritime.com,APPROVED,,,,,,,,,,,,,
2/8/2024,2/8/2024,2/13/2024,Email,Four Dragons,,MT FAIRCHEM GRUTTO,Foreign,2/13/2024,Davao,IOC,Tending,MMSI,1/2/1900,2/8/2024,,,,mmsi-ops@malayanmaritime.com,APPROVED,,,,,,,,,,,,,
2/8/2024,2/8/2024,2/18/2024,Email,GAC,,MT FALCON ROYAL,Foreign,2/18/2024,Cagayan De Oro,PDOC,Docking / Undocking,Other tug provider,1/3/1900,2/8/2024,,,,mmsi-ops@malayanmaritime.com,APPROVED,,,,,,,,,,,,,
2/8/2024,2/8/2024,2/18/2024,Email,GAC,,MT FALCON ROYAL,Foreign,2/18/2024,Cayan De Oro,PDOC,Tending,Other tug provider,1/2/1900,2/8/2024,,,,mmsi-ops@malayanmaritime.com,APPROVED,,,,,,,,,,,,,
2/8/2024,2/8/2024,2/18/2024,Email,GAC,,MT FALCON ROYAL,Foreign,2/18/2024,Leyte,Vispet,Docking / Undocking,Other tug provider,1/3/1900,2/8/2024,,,,mmsi-ops@malayanmaritime.com,APPROVED,,,,,,,,,,,,,
2/8/2024,2/8/2024,2/14/2024,Email,GAC,,MT FALCON ROYAL,Foreign,2/14/2024,Davao,IOC,Docking / Undocking,MMSI,1/3/1900,2/8/2024,,,,mmsi-ops@malayanmaritime.com,APPROVED,,,,,,,,,,,,,
2/8/2024,2/8/2024,2/14/2024,Email,GAC,,MT FALCON ROYAL,Foreign,2/14/2024,Davao,IOC,Tending,MMSI,1/2/1900,2/8/2024,,,,mmsi-ops@malayanmaritime.com,APPROVED,,,,,,,,,,,,,
2/8/2024,2/8/2024,2/10/2024,Call,IOC,,MT Ava,Local,2/10/2024,Amlan,Filoil,Docking / Undocking,Other tug provider,1/1/1900,2/8/2024,,,,mmsi-ops@malayanmaritime.com,APPROVED,,,,,,,,,,,,,
2/10/2024,2/10/2024,2/10/2024,Call,Clio,,MV JIN WAN,Foreign,2/10/2024,Davao,Sasa,Docking / Undocking,MMSI,1/2/1900,2/10/2024,,,,mmsi-ops@malayanmaritime.com,APPROVED,,,,,,,,,,,,,
2/10/2024,2/10/2024,2/10/2024,Call,OMS,,MV AN BINH 18,Foreign,2/10/2024,Davao,Kudos,Docking / Undocking,MMSI,1/2/1900,2/10/2024,,,,mmsi-ops@malayanmaritime.om,APPROVED,,,,,,,,,,,,,
2/11/2024,2/11/2024,2/12/2024,SMS,Gothong,,Don Alfredo Sr 3,Local,2/12/2024,Davao,KTC,Docking / Undocking,MMSI,1/1/1900,2/11/2024,,,,mmsi-ops@malayanmaritime.com,APPROVED,,,,,,,,,,,,,
2/12/2024,2/12/2024,2/12/2024,Call,IOC,,Panglao Island,Local,2/12/2024,Davao,IOC,Docking / Undocking,MMSI,1/2/1900,2/11/2024,,,,mmsi-ops@malayanmaritime.com,APPROVED,,,,,,,,,,,,,
2/12/2024,2/12/2024,2/12/2024,Call,IOC,,Panglao Island,Local,2/12/2024,Davao,IOC,Tending,MMSI,1/1/1900,2/11/2024,,,,mmsi-ops@malayanmaritime.com,APPROVED,,,,,,,,,,,,,
2/12/2024,2/12/2024,2/15/2024,Viber,JC&V,,MV Jia Da,Foreign,2/15/2024,Davao,TSI,Docking / Undocking,MMSI,1/2/1900,2/11/2024,,,,mmsi-ops@malayanmaritime.com,APPROVED,,,,,,,,,,,,,
2/12/2024,2/12/2024,2/13/2024,SMS,Gothong,,Dannesa Isobel,Local,2/13/2024,Davao,KTC,Docking / Undocking,MMSI,1/2/1900,2/13/2024,,,,mmsi-ops@malayanmaritime.com,APPROVED,,,,,,,,,,,,,
2/13/2024,2/13/2024,2/18/2024,Email,Mar-Ship,,MV Hai Hong,Foreign,2/18/2024,Davao,DBCom,Docking / Undocking,MMSI,1/2/1900,2/14/2024,,,,mmsi-ops@malayanmaritime.com,APPROVED,,,,,,,,,,,,,
2/13/2024,2/13/2024,2/19/2024,Email,Mar-Ships,,MT Champion Endurance,Foreign,2/19/2024,Davao,DBCom,Docking / Undocking,MMSI,1/2/1900,2/14/2024,,,,mmsi-ops@malayanmaritime.com,APPROVED,,,,,,,,,,,,,
2/14/2024,2/14/2024,2/14/2024,Viber,IOC,,Casandra,Local,2/14/2024,CDO,PDOC,Docking / Undocking,Other tug provider,1/2/1900,2/14/2024,,,,mmsi-ops@malayanmaritime.com,APPROVED,,,,,,,,,,,,,
2/14/2024,2/14/2024,2/16/2024,Call,Lorenzo,,Lorcon Dumaguete,Local,2/16/2024,Davao,Santa Ana,Docking / Undocking,MMSI,1/1/1900,2/15/2024,,,,mmsi-ops@mlaayanmaritime.com,APPROVED,,,,,,,,,,,,,
2/14/2024,2/14/2024,2/15/2024,SMS,Gothong,,Don Ceferino Alfredo,Local,2/15/2024,Davao,KTC,Docking / Undocking,MMSI,1/1/1900,2/15/2024,,,,mmsi-ops@malayanamaritime.com,APPROVED,,,,,,,,,,,,,
2/14/2024,2/14/2024,2/15/2024,Call,IOC,,Ava,Local,2/15/2024,Davao,IOC,Docking / Undocking,MMSI,1/2/1900,2/15/2024,,,,mmsi-ops@malayanmaritime.com,APPROVED,,,,,,,,,,,,,
2/14/2024,2/14/2024,2/15/2024,Call,IOC,,Ava,Local,2/15/2024,Davao,IOC,Tending,MMSI,1/1/1900,2/15/2024,,,,mmsi-ops@malayanmaritime.com,APPROVED,,,,,,,,,,,,,
2/15/2024,2/15/2024,2/15/2024,Call,Lorenzo,,Lorcon Bacolod,Local,2/15/2024,Davao,Sasa,Docking / Undocking,MMSI,1/2/1900,2/15/2024,,,,mmsi-ops@malayanmaritime.com,APPROVED,,,,,,,,,,,,,
2/16/2024,2/16/2024,2/17/2024,Email,ND Holdings,,Cala Piccola,Foreign,2/17/2024,Davao,Craf Haven,Docking / Undocking,MMSI,1/1/1900,2/17/2024,,,,mmsi-ops@malayanmaritime.com,APPROVED,,,,,,,,,,,,,
2/17/2024,2/17/2024,2/17/2024,Call,IOC,,Hoya Grace,Local,2/17/2024,Davao,IOC,Docking / Undocking,MMSI,1/1/1900,2/17/2024,,,,mmsi-ops@malayanmaritime.com,APPROVED,,,,,,,,,,,,,
2/17/2024,2/17/2024,2/17/2024,Call,IOC,,Hoya Grace,Local,2/17/2024,Davao,IOC,Tending,MMSI,1/1/1900,2/17/2024,,,,mmsi-ops@malayanmaritime.com,APPROVED,,,,,,,,,,,,,
2/17/2024,2/17/2024,2/18/2024,Call,IOC,,Ava,Local,2/18/2024,Davao,IOC,Docking / Undocking,MMSI,1/2/1900,2/18/2024,,,,mmsi-ops@malayanmaritime.com,APPROVED,,,,,,,,,,,,,
2/17/2024,2/18/2024,2/18/2024,Call,IOC,,Ava,Local,2/18/2024,Davao,IOC,Tending,MMSI,1/1/1900,2/18/2024,,,,mmsi-ops@malayanmaritime.com,APPROVED,,,,,,,,,,,,,
2/17/2024,2/17/2024,2/19/2024,SMS,Gothong,,Doña Caroline Joy,Local,2/19/2024,Davao,KTC,Docking / Undocking,MMSI,1/2/1900,2/18/2024,,,,mmsi-ops@malayanmaritime.com,APPROVED,,,,,,,,,,,,,
2/19/2024,2/19/2024,2/20/2024,Viber,IOC,,Casandra,Local,2/20/2024,Leyte,Vispet,Docking / Undocking,Other tug provider,1/1/1900,2/19/2024,,,,mmsi-ops@malayanmaritime.com,APPROVED,,,,,,,,,,,,,
2/20/2024,2/20/2024,2/22/2024,SMS,Gothong,,Dariana Brielle,Local,2/22/2024,Davao,KTC,Docking / Undocking,MMSI,1/1/1900,2/20/2024,,,,mmsi-ops@malayanmaritime.com,APPROVED,,,,,,,,,,,,,
2/20/2024,2/20/2024,2/20/2024,Viber,IOC,,Casandra,Local,2/20/2024,Leyte,Vispet,Docking / Undocking,Other tug provider,1/1/1900,2/20/2024,,,,mmsi-ops@malayanmaritime.com,APPROVED,,,,,,,,,,,,,
2/20/2024,2/20/2024,2/21/2024,Call,IOC,,Ava,Local,2/21/2024,Davao,IOC,Docking / Undocking,MMSI,1/2/1900,2/20/2024,,,,mmsi-ops@malayanmaritime.com,APPROVED,,,,,,,,,,,,,
2/20/2024,2/20/2024,2/21/2024,Call,IOC,,Ava,Local,2/21/2024,Davao,IOC,Tending,MMSI,1/1/1900,2/20/2024,,,,mmsi-ops@malayanmaritime.com,APPROVED,,,,,,,,,,,,,
2/21/2024,2/21/2024,2/21/2024,SMS,Lorenzo,,Lorconb Dunageute,Local,2/21/2024,Davao,Sasa,Docking / Undocking,MMSI,1/2/1900,2/20/2024,,,,mmsi-ops@malayanmaritimr.com,APPROVED,,,,,,,,,,,,,
2/22/2024,2/22/2024,2/23/2024,Call,Lorenzo,,Natividad,Local,2/23/2024,Davao,Sasa,Docking / Undocking,MMSI,1/2/1900,2/22/2024,,,,mmsi-ops@malayanmaritime.com,APPROVED,,,,,,,,,,,,,
2/23/2024,2/23/2024,2/24/2024,Viber,IOC,,MT Espada,Local,2/24/2024,Leyte,Vispet,Docking / Undocking,MMSI,1/1/1900,2/24/2024,,,,mmsi-ops@malayanmaritime.com,APPROVED,,,,,,,,,,,,,
2/24/2024,2/23/2024,2/24/2024,Call,IOC,,Ava,Local,2/24/2024,Davao,IOC,Docking / Undocking,MMSI,1/2/1900,2/24/2024,,,,mmsi-ops@malayanmaritime.com,APPROVED,,,,,,,,,,,,,
2/24/2024,2/24/2024,2/24/2024,Call,IOC,,Ava,Local,2/24/2024,Davao,IOC,Tending,MMSI,1/1/1900,2/24/2024,,,,mmsi-ops@malayanmaritime.com,APPROVED,,,,,,,,,,,,,
2/24/2024,2/24/2024,2/26/2024,Viber,IOC,,Malingap,Local,2/26/2024,Davao,IOC,Docking / Undocking,MMSI,1/2/1900,2/24/2024,,,,mmsi-ops@malayanmaritime.com,APPROVED,,,,,,,,,,,,,
2/24/2024,2/24/2024,2/26/2024,Viber,IOC,,Malingap,Local,2/26/2024,Davao,IOC,Tending,MMSI,1/1/1900,2/24/2024,,,,mmsi-ops@malayanmaritime.com,APPROVED,,,,,,,,,,,,,
2/24/2024,2/24/2024,2/27/2024,Viber,IOC,,Maringal,Local,2/24/2024,Davao,IOC,Docking / Undocking,MMSI,1/2/1900,2/24/2024,,,,mmsi-ops@malayanmaritime.com,APPROVED,,,,,,,,,,,,,
2/24/2024,2/24/2024,2/27/2024,Viber,IOC,,Maringal,Local,2/27/2024,Davao,IOC,Tending,MMSI,1/1/1900,2/24/2024,,,,mmsi-ops@malayanmaritime.com,APPROVED,,,,,,,,,,,,,
2/24/2024,2/24/2024,2/29/2024,Viber,IOC,,Ava,Local,2/29/2024,Davao,IOC,Docking / Undocking,MMSI,1/2/1900,2/24/2024,,,,mmsi-ops@malayanmaritime.com,APPROVED,,,,,,,,,,,,,
2/24/2024,2/24/2024,2/29/2024,Viber,IOC,,Ava,Local,2/29/2024,Davao,IOC,Tending,MMSI,1/1/1900,2/24/2024,,,,mmsi-ops@malayanmaritime.com,APPROVED,,,,,,,,,,,,,
2/24/2024,2/24/2024,2/26/2024,SMS,Gothong,,Don Alfredo Sr.3,Local,2/26/2024,Davao,KTC,Docking / Undocking,MMSI,1/1/1900,2/24/2024,,,,mmsi-ops@malayanmaritime.com,APPROVED,,,,,,,,,,,,,
2/26/2024,2/26/2024,2/27/2024,Email,ND Shipping,,Green Italia,Foreign,2/27/2024,Davao,Craft Haven,Docking / Undocking,MMSI,1/2/1900,2/26/2024,,,,mmsi-ops@malayanmaritime.com,APPROVED,,,,,,,,,,,,,
2/27/2024,2/27/2024,3/1/2024,SMS,Gothong,,Danessa Isobel,Local,3/1/2024,Davao,KTC,Docking / Undocking,MMSI,1/2/1900,2/28/2024,,,,mmsi-ops@malayanmaritime.com,APPROVED,,,,,,,,,,,,,
2/27/2024,2/27/2024,3/4/2024,SMS,Gothong,,Doña Caroline,Local,3/4/2024,Davao,KTC,Docking / Undocking,MMSI,1/2/1900,2/28/2024,,,,mmsi-ops@malayanmaritime.com,APPROVED,,,,,,,,,,,,,
2/27/2024,2/27/2024,3/9/2024,SMS,Gothong,,Don Ceferino Alfredo,Local,3/7/2024,Davao,KTC,Docking / Undocking,MMSI,1/2/1900,2/28/2024,,,,mmsi-ops@malayanmaritime.com,APPROVED,,,,,,,,,,,,,
2/27/2024,2/27/2024,2/28/2024,Call,Smithbell,,HTK Discovery,Foreign,2/27/2024,Davao,Holcim,Docking / Undocking,MMSI,1/2/1900,2/28/2024,,,,mmsi-ops@malayanmaritime.com,APPROVED,,,,,,,,,,,,,
2/27/2024,2/27/2024,2/28/2024,Call,OMS,,Tan An Bonanza,Foreign,2/28/2024,Davao,Kudos,Docking / Undocking,MMSI,1/2/1900,2/28/2024,,,,mmsi-ops@malayanmaritime.com,APPROVED,,,,,,,,,,,,,
2/29/2024,2/29/2024,3/5/2024,Email,Mar-ships,,MT PVT NEPTUNE,Foreign,3/5/2024,Davao,KTC,Docking / Undocking,MMSI,1/2/1900,2/29/2024,,,,mmsi-ops@malayanmaritime.com,APPROVED,,,,,,,,,,,,,
3/1/2024,3/1/2024,3/2/2024,Call,Lorenzo,,Rasala,Local,3/2/2024,Davao,Sasa,Docking / Undocking,MMSI,1/2/1900,3/2/2024,,,,mmsi-ops@malayanmaritime.com,APPROVED,,,,,,,,,,,,,
3/2/2024,3/2/2024,3/11/2024,Email,GAC,,Alpine Eagle,Foreign,3/11/2024,Leyte,Vispet,Docking / Undocking,Other tug provider,1/3/1900,3/2/2024,,,,mmsi-ops@malayanmaritime.com,APPROVED,,,,0270,,,,,,,,,
3/2/2024,3/2/2024,3/8/2024,Email,GAC,,Alpine Eagle,Foreign,3/8/2024,Davao,IOC,Docking / Undocking,MMSI,1/3/1900,3/2/2024,,,,mmsi-ops@malayanmaritime.com,APPROVED,,,,0270,,,,,,,,,
3/2/2024,3/2/2024,3/8/2024,Email,GAC,,Alpine Eagle,Foreign,3/8/2024,Davao,IOC,Tending,MMSI,1/2/1900,3/2/2024,,,,mmsi-ops@malayanmaritime.com,APPROVED,,,,0270,,,,,,,,,
3/2/2024,3/2/2024,3/10/2024,Email,GAC,,Alpine Eagle,Foreign,3/10/2024,CDO,PDOC,Docking / Undocking,Other tug provider,1/3/1900,3/2/2024,,,,mmsi-ops@malayanmaritime.com,APPROVED,,,,0270,,,,,,,,,
3/2/2024,3/2/2024,3/10/2024,Email,GAC,,Alpine Eagle,Foreign,3/10/2024,CDO,PDOC,Tending,Other tug provider,1/2/1900,3/2/2024,,,,mmsi-ops@malayanmaritime.com,APPROVED,,,,0270,,,,,,,,,
3/4/2024,3/4/2024,3/4/2024,Call,GAC,,Hiromi,Foreign,3/4/2024,Davao,Sasa,Docking / Undocking,MMSI,1/2/1900,3/4/2024,,,,mmsi-ops@malayanmaritime.com,APPROVED,,,,,,,,,,,,,
3/4/2024,3/4/2024,3/5/2024,Call,Petron,,NTC Haribon,Local,3/5/2024,Davao,Petron,Docking / Undocking,MMSI,1/2/1900,3/4/2024,,,,mmsi-ops@malayanmaritime.com,APPROVED,,,,,,,,,,,,,
3/4/2024,3/4/2024,3/2/2024,Viber,IOC,,Ava,Local,3/2/2024,Davao,IOC,Docking / Undocking,MMSI,1/2/1900,3/4/2024,,,,mmsi-ops@malayanmaritime.com,APPROVED,,,,,,,,,,,,,
3/4/2024,3/4/2024,3/3/2024,Viber,IOC,,Ava,Local,3/3/2024,Davao,IOC,Tending,MMSI,1/1/1900,3/4/2024,,,,mmsi-ops@malayanmaritime.com,APPROVED,,,,,,,,,,,,,
3/4/2024,3/4/2024,3/3/2024,Viber,IOC,,Ava,Local,3/3/2024,Davao,Chevron,Docking / Undocking,MMSI,1/2/1900,3/4/2024,,,,mmsi-ops@malayanmaritime.com,APPROVED,,,,,,,,,,,,,
3/4/2024,3/4/2024,3/6/2024,Viber,IOC,,Ava,Local,3/6/2024,Davao,IOC,Docking / Undocking,MMSI,1/2/1900,3/4/2024,,,,mmsi-ops@malayanmaritime.com,APPROVED,,,,,,,,,,,,,
3/4/2024,3/4/2024,3/6/2024,Viber,IOC,,Ava,Local,3/6/2024,Davao,IOC,Tending,MMSI,1/1/1900,3/4/2024,,,,mmsi-ops@malayanmaritime.com,APPROVED,,,,,,,,,,,,,
3/4/2024,3/4/2024,3/7/2024,Viber,IOC,,Ava,Local,3/7/2024,Davao,Chevron,Docking / Undocking,MMSI,1/2/1900,3/4/2024,,,,mmsi-ops@malayanmaritime.com,APPROVED,,,,,,,,,,,,,
3/4/2024,3/4/2024,3/10/2024,Viber,IOC,,Ava,Local,3/10/2024,Davao,IOC,Docking / Undocking,MMSI,1/2/1900,3/4/2024,,,,mmsi-ops@malayanmaritime.com,APPROVED,,,,,,,,,,,,,
3/4/2024,3/4/2024,3/10/2024,Viber,IOC,,Ava,Local,3/10/2024,Davao,IOC,Tending,MMSI,1/1/1900,3/4/2024,,,,mmsi-ops@malayanmaritime.com,APPROVED,,,,,,,,,,,,,
3/4/2024,3/4/2024,3/11/2024,Viber,IOC,,Ava,Local,3/11/2024,Davao,Chevron,Docking / Undocking,MMSI,1/2/1900,3/4/2024,,,,mmsi-ops@malayanmaritime.com,APPROVED,,,,,,,,,,,,,
3/4/2024,3/4/2024,3/14/2024,Viber,IOC,,Ava,Local,3/14/2024,Davao,IOC,Docking / Undocking,MMSI,1/2/1900,3/4/2024,,,,mmsi-ops@malayanmaritime.com,APPROVED,,,,,,,,,,,,,
3/4/2024,3/4/2024,3/14/2024,Viber,IOC,,Ava,Local,3/14/2024,Davao,IOC,Tending,MMSI,1/1/1900,3/4/2024,,,,mmsi-ops@malayanmaritime.com,APPROVED,,,,,,,,,,,,,
3/4/2024,3/4/2024,3/15/2024,Viber,IOC,,Ava,Local,3/15/2024,Davao,Chevron,Docking / Undocking,MMSI,1/2/1900,3/4/2024,,,,mmsi-ops@malayanmaritime.com,APPROVED,,,,,,,,,,,,,
3/4/2024,3/4/2024,3/19/2024,Viber,IOC,,Ava,Local,3/19/2024,Davao,IOC,Docking / Undocking,MMSI,1/2/1900,3/4/2024,,,,mmsi-ops@malayanmaritime.com,APPROVED,,,,,,,,,,,,,
3/4/2024,3/4/2024,3/19/2024,Viber,IOC,,Ava,Local,3/19/2024,Davao,IOC,Tending,MMSI,1/1/1900,3/4/2024,,,,mmsi-ops@malayanmaritime.com,APPROVED,,,,,,,,,,,,,
3/4/2024,3/4/2024,3/20/2024,Viber,IOC,,Ava,Local,3/20/2024,Davao,Chevron,Docking / Undocking,MMSI,1/2/1900,3/4/2024,,,,mmsi-ops@malayanmaritime.com,APPROVED,,,,,,,,,,,,,
3/4/2024,3/4/2024,3/23/2024,Viber,IOC,,Ava,Local,3/23/2024,Davao,IOC,Docking / Undocking,MMSI,1/2/1900,3/4/2024,,,,mmsi-ops@malayanmaritime.com,APPROVED,,,,,,,,,,,,,
3/4/2024,3/4/2024,3/23/2024,Viber,IOC,,Ava,Local,3/23/2024,Davao,IOC,Tending,MMSI,1/1/1900,3/4/2024,,,,mmsi-ops@malayanmaritime.com,APPROVED,,,,,,,,,,,,,
3/4/2024,3/4/2024,3/24/2024,Viber,IOC,,Ava,Local,3/24/2024,Davao,Chevron,Docking / Undocking,MMSI,1/2/1900,3/4/2024,,,,mmsi-ops@malayanmaritime.com,APPROVED,,,,,,,,,,,,,
3/4/2024,3/4/2024,3/28/2024,Viber,IOC,,Ava,Local,3/28/2024,Davao,IOC,Docking / Undocking,MMSI,1/2/1900,3/4/2024,,,,mmsi-ops@malayanmaritime.com,APPROVED,,,,,,,,,,,,,
3/4/2024,3/4/2024,3/28/2024,Viber,IOC,,Ava,Local,3/28/2024,Davao,IOC,Tending,MMSI,1/1/1900,3/4/2024,,,,mmsi-ops@malayanmaritime.com,APPROVED,,,,,,,,,,,,,
3/4/2024,3/4/2024,3/29/2024,Viber,IOC,,Ava,Local,3/29/2024,Davao,Chevron,Docking / Undocking,MMSI,1/2/1900,3/4/2024,,,,mmsi-ops@malayanmaritime.com,APPROVED,,,,,,,,,,,,,
3/4/2024,3/4/2024,3/29/2024,Viber,IOC,,Malingap,Local,3/29/2024,Davao,IOC,Docking / Undocking,MMSI,1/2/1900,3/4/2024,,,,mmsi-ops@malayanmaritime.com,APPROVED,,,,,,,,,,,,,
3/4/2024,3/4/2024,3/29/2024,Viber,IOC,,Malingap,Local,3/29/2024,Davao,IOC,Tending,MMSI,1/1/1900,3/4/2024,,,,mmsi-ops@malayanmaritime.com,APPROVED,,,,,,,,,,,,,
3/4/2024,3/4/2024,3/10/2024,Email,GAC,,High Adventurer,Foreign,3/10/2024,Davao,IOC,Docking / Undocking,MMSI,1/3/1900,3/4/2024,,,,mmsi-ops@malayanmaritime.com,APPROVED,,,,,,,,,,,,,
3/4/2024,3/4/2024,3/10/2024,Email,GAC,,High Adventurer,Foreign,3/10/2024,Davao,IOC,Tending,MMSI,1/2/1900,3/4/2024,,,,mmsi-ops@malayanmaritime.com,APPROVED,,,,,,,,,,,,,
3/4/2024,3/4/2024,3/13/2024,Viber,GAC,,Baynunah,Foreign,3/13/2024,Sariaya,Azora,Docking / Undocking,MMSI - to be served by PCL/HiE,1/2/1900,3/4/2024,,,,mmsi-ops@malayanmaritime.com,APPROVED,,,,,,,,,,,,,
3/4/2024,3/4/2024,3/14/2024,Viber,GAC,,High Adventurer,Foreign,3/13/2024,Subic,IOC,Docking / Undocking,MMSI - to be served by MTSC,1/3/1900,3/4/2024,,,,mmsi-ops@malayanmaritime.com,APPROVED,,,,,,,,,,,,,
3/4/2024,3/4/2024,3/16/2024,Viber,GAC,,Baynunah,Foreign,3/16/2024,Subic,IOC,Docking / Undocking,MMSI - to be served by MTSC,1/3/1900,3/4/2024,,,,mmsi-ops@malayanmaritime.com,APPROVED,,,,,,,,,,,,,
3/4/2024,3/4/2024,3/18/2024,Viber,GAC,,Chang Hang Xing Y,Foreign,3/18/2024,Davao,IOV,Docking / Undocking,MMSI,1/3/1900,3/4/2024,,,,mmsi-ops@malayanmaritime.com,APPROVED,,,,,,,,,,,,,
3/4/2024,3/4/2024,3/18/2024,Viber,GAC,,Chang Hang Xing Y,Foreign,3/18/2024,Davao,IOC,Tending,MMSI,1/2/1900,3/4/2024,,,,mmsi-ops@malayanmaritime.com,APPROVED,,,,,,,,,,,,,
3/4/2024,3/4/2024,3/18/2024,Viber,GAC,,High Adventurer,Foreign,3/18/2024,Leyte,Vispet,Docking / Undocking,MMSI - to be served by PRS,1/3/1900,3/4/2024,,,,mmsi-ops@malayanmaritime.com,APPROVED,,,,,,,,,,,,,
3/5/2024,3/5/2024,3/5/2024,Email,ND Holdings,,Cala Piccola,Foreign,3/5/2024,Davao,Craft Haven,Docking / Undocking,MMSI,1/1/1900,3/5/2024,,,,mmsi-ops@malayanmaritime.com,APPROVED,,,,,,,,,,,,,
3/5/2024,3/5/2024,3/7/2024,Email,OMS,,MINH CONG 68,Foreign,3/7/2024,DAVAO,KUDOS,Docking / Undocking,MMSI,1/2/1900,3/5/2024,,,,mmsi-admin@malayanmaritime.com,APPROVED,,,,,,,,,,,,,
3/5/2024,3/5/2024,3/7/2024,Email,OMS,,MV AN BINH,Foreign,3/7/2024,Davao,Kudos,Docking / Undocking,MMSI,1/2/1900,3/5/2024,,,,mmsi-ops@malayanmaritime.com,APPROVED,,,,,,,,,,,,,
3/5/2024,3/5/2024,3/9/2024,Email,Smithbell,,MV HUI SHUN NO. 1,Foreign,3/9/2024,Davao,Holcim,Docking / Undocking,MMSI,1/2/1900,3/5/2024,,,,mmsi-ops@malayanmaritime.com,APPROVED,,,,,,,,,,,,,
3/6/2024,3/6/2024,3/7/2024,Email,Gothong,,Don Ceferino Alfredo,Local,3/7/2024,Davao,KTC,Docking / Undocking,MMSI,1/1/1900,3/6/2024,,,,mmsi-ops@malayanmaritime.com,APPROVED,,,,,,,,,,,,,
3/8/2024,3/8/2024,3/9/2024,Call,IOC,,Espada,Local,3/9/2024,Leyte,Vispet,Docking / Undocking,MMSI - to be served by PRS,1/1/1900,3/8/2024,,,,mmsi-ops@malayanmaritime.com,APPROVED,,,,,,,,,,,,,
3/10/2024,3/10/2024,3/11/2024,Call,IOC,,Casandra,Local,3/11/2024,Leyte,Vispet,Docking / Undocking,MMSI - to be served by PRS,1/1/1900,3/10/2024,,,,mmsi-ops@malayanmaritime.com,APPROVED,,,,,,,,,,,,,
3/11/2024,3/11/2024,3/12/2024,Call,LORENZO SHIPPING,,LORCON DUMAGUETE,Local,3/12/2024,DAVAO,SASA,Docking / Undocking,MMSI,1/2/1900,3/11/2024,,,,mmsi-admin@malayanmaritime.com,APPROVED,,,,,,,,,,,,,
3/12/2024,3/12/2024,3/12/2024,Email,GAC,,DONG XIANG,Foreign,3/16/2024,DAVAO,SASA,Docking / Undocking,MMSI,1/2/1900,3/12/2024,,,,mmsi-admin@malayanmaritime.com,APPROVED,,,,,,,,,,,,,
3/12/2024,3/12/2024,3/12/2024,Email,ND SHIPPING,,GREEN ITALIA,Foreign,3/13/2024,DAVAO,KTC,Docking / Undocking,MMSI,1/2/1900,3/12/2024,,,,mmsi-admin@malayanmaritime.com,APPROVED,,,,,,,,,,,,,
3/12/2024,3/12/2024,3/13/2024,Call,IOC,,Casandra,Local,3/13/2024,Leyte,Vispet,Docking / Undocking,MMSI - to be served by PRS,1/1/1900,3/12/2024,,,,mmsi-ops@malayanmaritime.com,APPROVED,,,,,,,,,,,,,
3/13/2024,3/13/2024,3/13/2024,SMS,LORENZO,,LORCON MANILA,Local,3/13/2024,DAVAO,Sasa,Docking / Undocking,MMSI,1/2/1900,3/13/2024,,,,mmsi-admin@malayanmaritime.com,APPROVED,,,,,,,,,,,,,
3/13/2024,3/13/2024,3/13/2024,SMS,GOTHONG,,DOÑA DARIANA BRIELLE,Local,3/14/2024,DAVAO,KTC,Docking / Undocking,MMSI,1/1/1900,3/13/2024,,,,mmsi-admin@malayanmaritime.com,APPROVED,,,,,,,,,,,,,
3/13/2024,3/13/2024,3/13/2024,Viber,JCV,,LOWLANDS CRIMSON,Foreign,3/20/2024,DAVAO,TSI,Docking / Undocking,MMSI,1/2/1900,3/13/2024,,,,mmsi-admin@malayanmaritime.com,APPROVED,,,,,,,,,,,,,
3/14/2024,3/14/2024,3/14/2024,Call,IOC,,MT MARINGAL,Local,3/14/2024,DAVAO,IOC,Docking / Undocking,MMSI,1/2/1900,3/15/2024,,,,mmsi-admin@malayanmaritime.com,APPROVED,,,,,,,,,,,,,
3/14/2024,3/14/2024,3/14/2024,Call,IOC,,MARINGAL,Local,3/14/2024,DAVAO,IOC,Tending,MMSI,1/1/1900,3/15/2024,,,,mmsi-admin@malayanmaritime.com,APPROVED,,,,,,,,,,,,,
3/14/2024,3/14/2024,3/14/2024,Viber,GAC,,HAFNIA LEONESS,Foreign,3/25/2024,DAVAO,IOC,Docking / Undocking,MMSI,1/3/1900,3/15/2024,,,,mmsi-admin@malayanmaritime.com,APPROVED,,,,,,,,,,,,,
3/14/2024,3/14/2024,3/14/2024,Viber,GAC,,HAFNIA LEONESS,Foreign,3/25/2024,DAVAO,IOC,Tending,MMSI,1/2/1900,3/15/2024,,,,mmsi-admin@malayanmaritime.com,APPROVED,,,,,,,,,,,,,
3/15/2024,3/15/2024,3/15/2024,Email,GOTHONG ,,DOÑA CAROLINE JOY,Local,3/18/2024,DAVAO,KTC,Docking / Undocking,MMSI,1/2/1900,3/15/2024,,,,mmsi-admin@malayanmaritime.com,APPROVED,,,,,,,,,,,,,
3/15/2024,3/15/2024,3/15/2024,Email,GOTHONG,,DOÑA DANESSA ISOBEL,Local,3/22/2024,DAVAO,KTC,Docking / Undocking,MMSI,1/2/1900,3/15/2024,,,,mmsi-admin@malayanmaritime.com,APPROVED,,,,,,,,,,,,,
3/15/2024,3/15/2024,3/15/2024,Email,GOTHONG,,DON ALFREDO SR,Local,3/25/2024,DAVAO,KTC,Docking / Undocking,MMSI,1/2/1900,3/15/2024,,,,mmsi-admin@malayanmaritime.com,APPROVED,,,,,,,,,,,,,
3/15/2024,3/15/2024,3/15/2024,Email,GOTHONG,,DON CEFEREINO ALDREDO,Local,3/28/2024,DAVAO,KTC,Docking / Undocking,MMSI,1/2/1900,3/15/2024,,,,mmsi-admin@malayanmaritime.com,APPROVED,,,,,,,,,,,,,
3/15/2024,3/15/2024,3/15/2024,Call,Phoenix,,MARISEL,Local,3/15/2024,DAVAO,PHOENIX,Docking / Undocking,MMSI,1/1/1900,3/15/2024,,,,mmsi-admin@malayanmaritime.com,APPROVED,,,,,,,,,,,,,
3/19/2024,3/19/2024,3/19/2024,Email,ND SHIPPING,,CALA PICCOLA,Foreign,3/20/2024,DAVAO,CRAFT HAVEN,Docking / Undocking,MMSI,1/1/1900,3/18/2024,,,,mmsi-admin@malayanmaritime.com,APPROVED,,,,,,,,,,,,,
3/20/2024,3/20/2024,3/20/2024,Email,GAC,,HAFNIA LIONESS,Foreign,3/20/2024,LEYTE,VISPET,Docking / Undocking,MMSI - to be served by PRS,1/3/1900,3/20/2024,,,,mmsi-admin@malayanmaritime.com,APPROVED,,,,,,,,,,,,,
3/21/2024,3/21/2024,3/21/2024,SMS,LORENZO SHIPPING,,RASALAS,Local,3/22/2024,DAVAO,SASA,Docking / Undocking,MMSI,1/2/1900,3/21/2024,,,,mmsi-admin@malayanmaritime.com,APPROVED,,,,,,,,,,,,,
3/27/2024,3/27/2024,3/27/2024,Email,GAC,,STAR MERLIN,Foreign,4/3/2024,Davao,IOC,Docking / Undocking,MMSI,1/3/1900,3/27/2024,,,,mmsi-admin@malayanmaritime.com,APPROVED,,,,,,,,,,,,,
3/27/2024,3/27/2024,3/27/2024,Email,GAC,,STAR MERLIN,Foreign,4/3/2024,DAVAO,IOC,Tending,MMSI,1/2/1900,3/27/2024,,,,mmsi-admin@malayanmaritime.com,APPROVED,,,,,,,,,,,,,
3/29/2024,3/29/2024,3/29/2024,Email,ND SHIPPING,,Green Italia,Foreign,3/30/2024,DAVAO,Craft Haven,Docking / Undocking,MMSI,1/2/1900,3/29/2024,,,,mmsi-admin@malayanmaritime.com,APPROVED,,,,,,,,,,,,,
3/29/2024,3/29/2024,3/29/2024,SMS,LORENZO SHIPPING,,Lorcon Dumaguete,Local,3/29/2024,DAVAO,Sasa,Docking / Undocking,MMSI,1/2/1900,3/29/2024,,,,mms-admin@malayanmaritime.com,APPROVED,,,,,,,,,,,,,
4/1/2024,4/1/2024,4/1/2024,Call,GOTHONG,,DONA CAROLINE JOY,Local,4/1/2024,DAVAO,KTC,Docking / Undocking,MMSI,1/2/1900,4/1/2024,,,,mmsi-admin@malayanmaritime.com,APPROVED,,,,,,,,,,,,,
4/1/2024,4/1/2024,4/1/2024,Viber,GAC,,ASTIR LADY 29,Foreign,4/6/2024,DAVAO,IOC,Docking / Undocking,MMSI,1/3/1900,4/1/2024,,,,mmsi-admin@malayanmaritime.com,APPROVED,,,,,,,,,,,,,
4/1/2024,4/1/2024,4/1/2024,Viber,GAC,,ASTIR LADY 29,Foreign,4/6/2024,DAVAO,IOC,Tending,MMSI,1/2/1900,4/1/2024,,,,mmsi-admin@malayanmaritime.com,APPROVED,,,,,,,,,,,,,
4/1/2024,4/1/2024,4/1/2024,Viber,IOC,,AVA,Local,4/1/2024,DAVAO,IOC,Docking / Undocking,MMSI,1/2/1900,4/1/2024,,,,mmsi-admin@malayanmaritime.com,APPROVED,,,,,,,,,,,,,
4/1/2024,4/1/2024,4/1/2024,Viber,DAVAO,,AVA,Local,4/1/2024,DAVAO,IOC,Tending,MMSI,1/1/1900,4/1/2024,,,,mmsi-admin@malayanmaritime.com,APPROVED,,,,,,,,,,,,,
4/1/2024,4/1/2024,4/1/2024,SMS,LORENZO,,LORCON BACOLOD,Local,4/4/2024,DAVAO,SASA,Docking / Undocking,MMSI,1/2/1900,4/1/2024,,,,mmsi-admin@malayanmaritime.com,APPROVED,,,,,,,,,,,,,
4/2/2024,4/2/2024,4/2/2024,Call,NARRA TANKERS,,Ntc Flamingo,Local,4/2/2024,Davao,PETRON,Docking / Undocking,MMSI,1/2/1900,4/2/2024,,,,mmsi-admin@malayanmaritime.com,APPROVED,,,,,,,,,,,,,
4/2/2024,4/2/2024,4/2/2024,Call,ANIMO MARINE,,MT MARISEL,Local,4/13/2024,DAVAO,PETRON,Docking / Undocking,MMSI,1/2/1900,4/3/2024,,,,mmsi-admin@malayanmaritime.com,APPROVED,,,,,,,,,,,,,
4/3/2024,4/3/2024,4/3/2024,Email,GAC,,MT HAI XIN YOU 619,Foreign,4/9/2024,CAGAYAN DE ORO,PDOC,Docking / Undocking,MMSI - to be served by PRS,1/3/1900,4/3/2024,,,,mmsi-admin@malayanmaritime.com,APPROVED,,,,,,,,,,,,,
4/3/2024,4/3/2024,4/3/2024,Email,GOTHONG SOUTHERN,,Doña Dariana Brielle,Local,4/4/2024,DAVAO,KTC,Docking / Undocking,MMSI,1/2/1900,4/3/2024,,,,mmsi-admin@malayanmaritime.com,APPROVED,,,,,,,,,,,,,
4/3/2024,4/3/2024,4/3/2024,Email,GOTHONG SOUTHERN,,DON CEFERINO ALFREDO,Local,4/8/2024,DAVAO,KTC,Docking / Undocking,MMSI,1/2/1900,4/3/2024,,,,mmsi-admin@malayanmaritime.com,APPROVED,,,,,,,,,,,,,
4/3/2024,4/3/2024,4/3/2024,Email,GOTHONG SOUTHERN,,DON ALFREDO SR 3,Local,4/8/2024,DAVAO,KTC,Docking / Undocking,MMSI,1/2/1900,4/3/2024,,,,mmsi-admin@malayanmaritime.com,APPROVED,,,,,,,,,,,,,
4/3/2024,4/3/2024,4/3/2024,SMS,NARRA TANKERS,,HARRIBON,Local,4/6/2024,DAVAO,PETRON,Docking / Undocking,MMSI,1/2/1900,4/3/2024,,,,mmsi-admin@malayanmaritime.com,APPROVED,,,,,,,,,,,,,
4/3/2024,4/3/2024,4/3/2024,Viber,MAR SHIPS,,MT DRACO,Foreign,4/10/2024,DAVAO,NEW DAVAO OIL MILL,Docking / Undocking,MMSI,1/2/1900,4/3/2024,,,,mmsi-admin@malayanmaritime.com,APPROVED,,,,,,,,,,,,,
4/6/2024,4/6/2024,4/6/2024,Call,NARRA TANKERS,,SL MOLAVE,Local,4/7/2024,DAVAO,PETRON,Docking / Undocking,MMSI,1/2/1900,4/6/2024,,,,mmsi-admin@malayanmaritime.com,APPROVED,,,,,,,,,,,,,
4/6/2024,4/6/2024,4/6/2024,Viber,OMS,,M/V AN THINH PHU 08,Foreign,4/6/2024,DAVAO,KUDOS,Docking / Undocking,MMSI,1/2/1900,4/6/2024,,,,mmsi-admin@malayanmaritime.com,APPROVED,,,,,,,,,,,,,
4/6/2024,4/2/2024,4/2/2024,Call,Herma Shipping,,MT Maginoo,Local,4/3/2024,Batangas,Petron Mabini,Docking / Undocking,MMSI,1/1/1900,4/3/2024,,,,jrcabesas@malayanmaritime.com,APPROVED,,,,,,,,,,,,,
4/6/2024,4/3/2024,4/3/2024,Call,Herma Shipping,,MT Masinop,Local,4/3/2024,Batangas,SRDC/CPI,Docking / Undocking,MMSI,1/1/1900,4/3/2024,,,,jrcabesas@malayanmaritime.com,APPROVED,,,,,,,,,,,,,
4/6/2024,4/5/2024,4/5/2024,Call,Herma Shipping,,MT Maalab,Local,4/4/2024,Batangas,CPI/SRDC,Docking / Undocking,MMSI,1/1/1900,4/4/2024,,,,jomarrudolphc@gmail.com,APPROVED,,,,,,,,,,,,,
4/6/2024,4/6/2024,4/6/2024,Email,Islas Tankers Seatransport Corp,,MT Panglao Island,Local,4/6/2024,Batangas,CPI/SRDC,Docking / Undocking,MMSI,1/2/1900,4/6/2024,,,,jomarrudolphc@gmail.com,APPROVED,,,,,,,,,,,,,
4/6/2024,4/6/2024,4/6/2024,Email,SEADOVE,,MV WAN HE,Foreign,4/8/2024,DAVAO,SASA PORT,Docking / Undocking,MMSI,1/2/1900,4/7/2024,,,,mmsi-admin@malayanmaritime.com,APPROVED,,,,,,,,,,,,,
4/6/2024,4/6/2024,4/6/2024,Viber,JC&V,,MV MISTRAL,Foreign,4/13/2024,DAVAO,THERMA SOUTH,Docking / Undocking,MMSI,1/2/1900,4/7/2024,,,,mmsi-admin@malayanmaritime.com,APPROVED,,,,,,,,,,,,,
4/10/2024,4/10/2024,4/10/2024,Call,GAC,,Felicia K,Foreign,4/11/2024,DAVAO,Sasa,Docking / Undocking,MMSI,1/2/1900,4/10/2024,,,,mmsi-admin@malayanmaritime.com,APPROVED,,,,,,,,,,,,,
4/10/2024,4/10/2024,4/10/2024,Email,FOUR DRAGONS ,,MT SC PETREL,Foreign,4/15/2024,Davao,IOC,Docking / Undocking,MMSI,1/3/1900,4/10/2024,,,,mmsi-admin@malayanmaritime.com,APPROVED,,,,,,,,,,,,,
4/10/2024,4/10/2024,4/10/2024,Email,FOUR DRAGONS,,MT SC PETREL,Foreign,4/15/2024,DAVAO,IOC,Tending,MMSI,1/2/1900,4/10/2024,,,,mmsi-admin@malayanmaritime.com,APPROVED,,,,,,,,,,,,,
4/11/2024,4/11/2024,4/11/2024,Viber,MAR SHIPS,,MT SEAWAYS CITRON,Foreign,4/19/2024,DAVAO,DB COM,Docking / Undocking,MMSI,1/2/1900,4/11/2024,,,,mmsi-admin@malayanmaritime.com,APPROVED,,,,,,,,,,,,,
4/11/2024,4/11/2024,4/11/2024,Email,OMS,,M/V MP PACIFIC V.0424,Foreign,4/15/2024,DAVAO,KUDOS,Docking / Undocking,MMSI,1/2/1900,4/11/2024,,,,mmsi-admin@malayanmaritime.com,APPROVED,,,,,,,,,,,,,
4/12/2024,4/12/2024,4/12/2024,Email,FOUR DRAGONS SHIPPING,,MT ARDMORE SEAVALIANT,Foreign,4/14/2024,SARIAYA,SARIAYA,Docking / Undocking,MMSI - to be served by PCL/HiE,1/2/1900,4/12/2024,,,,mmsi-admin@malayanmaritime.com,APPROVED,,,,,,,,,,,,,
4/12/2024,4/12/2024,4/12/2024,Email,FOUR DRAGONS SHIPPING,,MT ARDMORE SEAVALIANT,Foreign,4/18/2024,SUBIC,SUBIC,Docking / Undocking,MMSI - to be served by MTSC,1/2/1900,4/12/2024,,,,mmsi-admin@malayanmaritime.com,APPROVED,,,,,,,,,,,,,
4/12/2024,4/12/2024,4/12/2024,Viber,IOC,,CHELSEA ENDURANCE,Local,4/13/2024,LEYTE,VISPET,Docking / Undocking,MMSI - to be served by PRS,1/1/1900,4/12/2024,,,,mmsi-admin@malayanmaritime.com,APPROVED,,,,,,,,,,,,,
4/13/2024,4/13/2024,4/13/2024,Email,ND SHIPPING,,GREEN ITALIA,Foreign,4/15/2024,DAVAO,CRAFT HAVEN,Docking / Undocking,MMSI,1/2/1900,4/13/2024,,,,mmsi-admin@malayanmaritime.com,APPROVED,,,,,,,,,,,,,
4/15/2024,4/15/2024,4/15/2024,Viber,GOTHONG,,DON CEFERINO ALFREDO,Local,4/15/2024,DAVAO,KTC,Docking / Undocking,MMSI,1/1/1900,4/15/2024,,,,mmsi-admin@malayanmaritime.com,APPROVED,,,,,,,,,,,,,
4/15/2024,4/15/2024,4/15/2024,Viber,GOTHONG,,DON ALFREDO SR,Local,4/18/2024,DAVAO,KTC,Docking / Undocking,MMSI,1/2/1900,4/15/2024,,,,mmsi-admin@malayanmaritime.com,APPROVED,,,,,,,,,,,,,
4/15/2024,4/15/2024,4/15/2024,Viber,GOTHONG,,DOÑA CAROLINE JOY,Local,4/22/2024,DAVAO,KTC,Docking / Undocking,MMSI,1/2/1900,4/15/2024,,,,mmsi-admin@malayanmaritime.com,APPROVED,,,,,,,,,,,,,
4/15/2024,4/15/2024,4/15/2024,Viber,GOTHONG,, Doña Dariana Brielle,Local,4/25/2024,DAVAO,KTC,Docking / Undocking,MMSI,1/2/1900,4/15/2024,,,,mmsi-admin@malayanmaritime.com,APPROVED,,,,,,,,,,,,,
4/15/2024,4/15/2024,4/15/2024,Viber,IOC,,JEWEL FAITH,Local,4/15/2024,CDO,PETRO DE ORO,Docking / Undocking,Other tug provider,1/1/1900,4/15/2024,,,,mmsi-admin@malayanmaritime.com,APPROVED,,,,,,,,,,,,,
4/18/2024,4/19/2024,4/19/2024,SMS,SMITHBELL,,ZHONG TE YUN 9,Foreign,4/19/2024,DAVAO,KTC,Docking / Undocking,MMSI,1/2/1900,4/19/2024,,,,mmsi-admin@malayanmaritime.com,APPROVED,,,,,,,,,,,,,
4/19/2024,4/19/2024,4/19/2024,SMS,GOTHONG,,DON CEFERINO ALFREDO,Local,4/29/2024,DAVAO,KTC,Docking / Undocking,MMSI,1/2/1900,4/19/2024,,,,mmsi-admin@malayanmaritime.com,APPROVED,,,,,,,,,,,,,
4/19/2024,4/19/2024,4/19/2024,SMS,GOTHONG,,DON ALFREDO SR 3,Local,5/2/2024,DAVAO,KTC,Docking / Undocking,MMSI,1/2/1900,4/19/2024,,,,mmsi-admin@malayanmaritime.com,APPROVED,,,,,,,,,,,,,
4/19/2024,4/19/2024,4/19/2024,Viber,IOC,,CHELSEA ENDURANCE,Local,4/20/2024,LEYTE,VISPET,Docking / Undocking,Other tug provider,1/1/1900,4/19/2024,,,,mmsi-admin@malayanmaritime.com,APPROVED,,,,,,,,,,,,,
4/19/2024,4/19/2024,4/19/2024,Viber,IOC,,ESPADA,Local,4/22/2024,LEYTE,VISPET,Docking / Undocking,Other tug provider,1/1/1900,4/19/2024,,,,mmsi-admin@malayanmaritime.com,APPROVED,,,,,,,,,,,,,
4/19/2024,4/19/2024,4/19/2024,Viber,IOC,,CASANDRA,Local,4/23/2024,LEYTE,VISPET,Docking / Undocking,Other tug provider,1/1/1900,4/19/2024,,,,mmsi-admin@malayanmaritime.com,APPROVED,,,,,,,,,,,,,
4/20/2024,4/20/2024,4/20/2024,Viber,IOC,,CASANDRA,Local,4/22/2024,LEYTE,VISPET,Docking / Undocking,Other tug provider,1/2/1900,4/20/2024,,,,mmsi-admin@malayanmaritime.com,APPROVED,,,,,,,,,,,,,
4/22/2024,4/22/2024,4/22/2024,Call,NARRA TANKERS,,NTC HARIBON,Local,4/23/2024,DAVAO,PETRON,Docking / Undocking,MMSI,1/2/1900,4/22/2024,,,,mmsi-admin@malayanmaritime.com,APPROVED,,,,,,,,,,,,,
4/22/2024,4/22/2024,4/22/2024,Email,FOUR DRAGONS SHIPPING,,WOO JIN KELLY,Foreign,4/26/2024,CAGAYAN DE ORO,PDOC,Docking / Undocking,Other tug provider,1/2/1900,4/22/2024,,,,mmsi-admin@malayanmaritime.com,APPROVED,,,,,,,,,,,,,
4/22/2024,4/22/2024,4/22/2024,Email,FOUR DRAGONS SHIPPING,,WOO JIN KELLY,Foreign,4/26/2024,CAGAYAN DE ORO,PDOC,Tending,Other tug provider,1/2/1900,4/22/2024,,,,mmsi-admin@malayanmaritime.com,APPROVED,,,,,,,,,,,,,
4/22/2024,4/22/2024,4/22/2024,Email,FOUR DRAGONS,,WOO JIN KELLY,Foreign,4/27/2024,CAGAYAN DE ORO,VISPET,Docking / Undocking,Other tug provider,1/2/1900,4/22/2024,,,,mmsi-admin@malayanmaritime.com,APPROVED,,,,,,,,,,,,,
4/22/2024,4/22/2024,4/22/2024,Email,FOUR DRAGONS SHIPPING,,WOO JIN KELLY,Foreign,4/27/2024,LEYTE,VISPET,Tending,Other tug provider,1/2/1900,4/22/2024,,,,mmsi-admin@malayanmaritime.com,APPROVED,,,,,,,,,,,,,
4/22/2024,4/22/2024,4/22/2024,SMS,GAC,,Yong Shun,Foreign,4/27/2024,DAVAO,SASA,Docking / Undocking,MMSI,1/2/1900,4/22/2024,,,,mmsi-admin@malayanmaritime.com,APPROVED,,,,,,,,,,,,,
4/22/2024,4/22/2024,4/22/2024,Viber,OMS,,MV NASICO EAGLE,Foreign,4/29/2024,DAVAO,KUDOS,Docking / Undocking,MMSI,1/2/1900,4/22/2024,,,,mmsi-admin@malayanmaritime.com,APPROVED,,,,,,,,,,,,,
4/24/2024,4/24/2024,4/24/2024,Email,GAC,,STENA IMPERATOR,Foreign,4/28/2024,DAVAO ,IOC,Docking / Undocking,MMSI,1/3/1900,4/24/2024,,,,mmsi-admin@malayanmaritime.com,APPROVED,,,,,,,,,,,,,
4/24/2024,4/24/2024,4/24/2024,Email,GAC,,STENA IMPERATOR,Foreign,4/28/2024,DAVAO,IOC,Tending,MMSI,1/2/1900,4/24/2024,,,,mmsi-admin@malayanmaritime.com,APPROVED,,,,,,,,,,,,,
4/25/2024,4/25/2024,4/25/2024,Viber,IOC,,Casandra,Local,4/26/2024,LEYTE,Vispet,Docking / Undocking,Other tug provider,1/1/1900,4/25/2024,,,,mmsi-admin@malayanmaritime.com,APPROVED,,,,,,,,,,,,,
4/25/2024,4/25/2024,4/25/2024,Viber,JC&V,,MV CLIPPER FAIR,Foreign,5/1/2024,Davao,THERMA SOUTH,Docking / Undocking,MMSI,1/2/1900,4/25/2024,,,,mmsi-admin@malayanmaritime.com,APPROVED,,,,,,,,,,,,,
4/27/2024,4/27/2024,4/27/2024,Email,ND SHIPPING,,GREEN CHILE,Foreign,4/30/2024,DAVAO,CRAFT HAVEN,Docking / Undocking,MMSI,1/2/1900,4/27/2024,,,,mmsi-admin@malayanmaritime.com,APPROVED,,,,,,,,,,,,,
4/29/2024,4/29/2024,4/29/2024,Viber,OMS,,MV HOA BINH 09,Foreign,5/6/2024,DAVAI,Kudos,Docking / Undocking,MMSI,1/2/1900,4/29/2024,,,,mmsi-admin@malayanmaritime.com,APPROVED,,,,,,,,,,,,,
4/29/2024,4/29/2024,4/29/2024,SMS,NARRA TANKERS,,NTC FLAMINGO,Local,4/30/2024,DAVAO,Petron,Docking / Undocking,MMSI,1/2/1900,4/29/2024,,,,mmsi-admin@malayanmaritime.com,APPROVED,,,,,,,,,,,,,
4/30/2024,4/30/2024,4/30/2024,Email,FOUR DRAGONS SHIPPING SERVICE,,NH SIRI,Foreign,5/3/2024,SARIAYA,SARIAYA,Docking / Undocking,Other tug provider,1/2/1900,4/30/2024,,,,mmsi-admin@malayanmaritime.com,APPROVED,,,,,,,,,,,,,
4/30/2024,4/30/2024,4/30/2024,Email,FOUR DRAGONS SHIPPING SERVICES,,NH SIRI,Foreign,5/6/2024,DAVAO,IOC,Docking / Undocking,MMSI,1/3/1900,4/30/2024,,,,mmsi-admin@malayanmaritime.com,APPROVED,,,,,,,,,,,,,
4/30/2024,4/30/2024,4/30/2024,Email,FOUR DRAGONS SHIPPING SERVICES,,NH SIRI,Foreign,5/6/2024,DAVAO,IOC,Tending,MMSI,1/2/1900,4/30/2024,,,,mmsi-admin@malayanmaritime.com,APPROVED,,,,,,,,,,,,,
4/30/2024,4/30/2024,4/30/2024,Email,FOUR DRAGONS SHIPPING SERVICES,,NH SIRI,Foreign,5/10/2024,LEYTE,VISPET,Docking / Undocking,Other tug provider,1/3/1900,4/30/2024,,,,mmsi-admin@malayanmaritime.com,APPROVED,,,,,,,,,,,,,
5/2/2024,5/2/2024,5/2/2024,Email,FOUR DRAGONS SHIPPING,,MT ALPINE MYSTERY,Foreign,5/4/2024,SARIAYA,SARIAYA,Docking / Undocking,Other tug provider,1/2/1900,5/2/2024,,,,mmsi-admin@malayanmaritime.com,APPROVED,,,,,,,,,,,,,
5/3/2024,5/3/2024,5/3/2024,Email,FOUR DRAGONS SHIPPING,,MT HARRIS,Foreign,5/9/2024,SUBIC,SUBIC,Docking / Undocking,Other tug provider,1/3/1900,5/3/2024,,,,mmsi-admin@malayanmaritime.com,APPROVED,,,,,,,,,,,,,
5/3/2024,5/3/2024,5/3/2024,Viber,OMS,,MINH HUY 19,Foreign,5/11/2024,DAVAO,KUDOS,Docking / Undocking,MMSI,1/2/1900,5/4/2024,,,,mmsi-admin@malayanmaritime.com,APPROVED,,,,,,,,,,,,,
5/4/2024,5/4/2024,5/4/2024,Viber,LORENZO SHIPPING CORP,,GENERAL NATIVIDAD,Local,5/4/2024,DAVAO,SASA,Docking / Undocking,MMSI,1/2/1900,5/4/2024,,,,mmsi-admin@malayanmaritime.com,APPROVED,,,,,,,,,,,,,
5/4/2024,5/4/2024,5/4/2024,Viber,GOTHONG SOUTHERN,,DOÑA CAROLINE JOY ,Local,5/6/2024,DAVAO,KTC,Docking / Undocking,MMSI,1/2/1900,5/4/2024,,,,mmsi-admin@malayanmaritime.com,APPROVED,,,,,,,,,,,,,
5/4/2024,5/4/2024,5/4/2024,Viber,GOTHONG SOUTHERN,,DOÑA DARIANA BRIELLE,Local,5/9/2024,DAVAO,KTC,Docking / Undocking,MMSI,1/2/1900,5/4/2024,,,,mmsi-admin@malayanmaritime.com,APPROVED,,,,,,,,,,,,,
5/6/2024,5/6/2024,5/6/2024,SMS,NARRA TANKERS,,NTC HARIBON,Local,5/8/2024,DAVAO,PETRON,Docking / Undocking,MMSI,1/2/1900,5/7/2024,,,,mmsi-admin@malayanmaritime.com,APPROVED,,,,,,,,,,,,,
5/6/2024,5/6/2024,5/6/2024,Call,SEADOVE SHIPPING,,J PHIA,Local,5/6/2024,CDO,MACABALAN,Docking / Undocking,Other tug provider,1/1/1900,5/7/2024,,,,mmsi-admin@malayanmaritime.com,APPROVED,,,,,,,,,,,,,
5/7/2024,5/7/2024,5/7/2024,Call,TRANSWORLD,,PRINCESS AMBER,Foreign,5/7/2024,BATANGAS,BBTI,Docking / Undocking,MMSI,1/2/1900,5/7/2024,,,,mmsi-admin@malayanmaritime.com,APPROVED,,,,,,,,,,,,,
5/9/2024,5/9/2024,5/9/2024,Viber,JCV,,EFESSOS,Foreign,5/10/2024,DAVAO,THERMA SOUTH,Docking / Undocking,MMSI,1/2/1900,5/9/2024,,,,mmsi-admin@malayanmaritime.com,APPROVED,,,,,,,,,,,,,
5/9/2024,5/9/2024,5/9/2024,Viber,OMS,,MINH HUY 19,Foreign,5/16/2024,DAVAO,KUDOS,Docking / Undocking,MMSI,1/2/1900,5/9/2024,,,,mmsi-admin@malayanmaritime.com,APPROVED,,,,,,,,,,,,,
5/9/2024,5/9/2024,5/9/2024,Viber,OMS,,MP PACIFIC,Foreign,5/17/2024,DAVAO,KUDOS,Docking / Undocking,MMSI,1/2/1900,5/9/2024,,,,mmsi-admin@malayanmaritime.com,APPROVED,,,,,,,,,,,,,
5/9/2024,5/9/2024,5/9/2024,Email,GAC,,BLUE BUTTERFLY,Foreign,5/12/2024,DAVAO,IOC,Docking / Undocking,MMSI,1/3/1900,5/9/2024,,,,mmsi-admin@malayanmaritime.com,APPROVED,,,,,,,,,,,,,
5/9/2024,5/9/2024,5/9/2024,Email,GAC,,BLUE BUTTERFLY,Foreign,5/12/2024,DAVAO,IOC,Tending,MMSI,1/2/1900,5/9/2024,,,,mmsi-admin@malayanmaritime.com,APPROVED,,,,,,,,,,,,,
5/13/2024,5/13/2024,5/13/2024,SMS,GOTHONG,,DON CEFERINO ALFREDO,Local,5/13/2024,DAVAO,KTC,Docking / Undocking,MMSI,1/2/1900,5/13/2024,,,,mmsi-admin@malayanmaritime.com,APPROVED,,,,,,,,,,,,,
5/13/2024,5/13/2024,5/13/2024,SMS,GOTHONG,,DON ALFREDO SR,Local,5/16/2024,DAVAO,KTC,Docking / Undocking,MMSI,1/2/1900,5/13/2024,,,,mmsi-admin@malayanmaritime.com,APPROVED,,,,,,,,,,,,,
5/13/2024,5/13/2024,5/13/2024,SMS,GOTHONG,,DOÑA CAROLINE JOY,Local,5/20/2024,DAVAO,KTC,Docking / Undocking,MMSI,1/2/1900,5/13/2024,,,,mmsi-admin@malayanmaritime.com,APPROVED,,,,,,,,,,,,,
5/13/2024,5/13/2024,5/13/2024,SMS,GOTHONG,,DOÑA DARIANA BRIELLE,Local,5/23/2024,DAVAO,KTC,Docking / Undocking,MMSI,1/2/1900,5/13/2024,,,,mmsi-admin@malayanmaritime.com,APPROVED,,,,,,,,,,,,,
5/13/2024,5/13/2024,5/13/2024,Call,SEADOVE,,Voyager 1,Foreign,5/13/2024,CDO,MACABALAN,Docking / Undocking,Other tug provider,1/2/1900,5/13/2024,,,,mmsi-admin@malayanmaritime.com,APPROVED,,,,,,,,,,,,,
5/13/2024,5/13/2024,5/13/2024,Viber,OMS,,PHC FORTUNE,Foreign,5/22/2024,DAVAO,KUDOS,Docking / Undocking,MMSI,1/2/1900,5/13/2024,,,,mmsi-admin@malayanmaritime.com,APPROVED,,,,,,,,,,,,,
5/13/2024,5/13/2024,5/13/2024,Email,MARSHIPS,,VSM Unity,Foreign,5/18/2024,DAVAO,SEA OIL STA CRUZ,Docking / Undocking,MMSI,1/1/1900,5/13/2024,,,,mmsi-admin@malayanmaritime.com,APPROVED,,,,,,,,,,,,,
5/14/2024,5/14/2024,5/14/2024,Email,GAC,,MT PARTRIDGE PACIFIC,Foreign,5/18/2024,CDO,CDO,Docking / Undocking,Other tug provider,1/3/1900,5/14/2024,,,,mmsi-admin@malayanmaritime.com,APPROVED,,,,,,,,,,,,,
5/14/2024,5/14/2024,5/14/2024,Email,GAC,,MT PARTRIDGE PACIFIC,Foreign,5/18/2024,CDO,CDO,Tending,Other tug provider,1/2/1900,5/14/2024,,,,mmsi-admin@malayanmaritime.com,APPROVED,,,,,,,,,,,,,
5/16/2024/2000,5/16/2024,5/16/2024,Call,DGM,,LPG Gas Cauayan,Local,5/16/2024 2100H,DAVAO,SHELL,Docking / Undocking,MMSI,1/1/1900,5/16/2024,,,,,APPROVED,,,,,,,,,,,,,
5/17/2024,5/17/2024,5/17/2024,Viber,IOC,,MT Casandra,Local,5/18/2024,LEYTE,VISPET,Docking / Undocking,Other tug provider,1/1/1900,5/17/2024,,,,mmsi-admin@malayanmaritime.com,APPROVED,,,,,,,,,,,,,
5/22/2024,5/22/2024,5/22/2024,Email,FOUR DRAGONS,,MT MARITIME TUNTIGA,Foreign,5/26/2024,SARIAYA,SARIAYA,Docking / Undocking,Other tug provider,1/2/1900,5/22/2024,,,,mmsi-admin@malayanmaritime.com,APPROVED,,,,,,,,,,,,,
5/21/2024,5/21/2024,5/21/2024,SMS,GAC,,MV AQUAMARINE,Foreign,5/23/2024,DAVAO,SASA,Docking / Undocking,MMSI,1/2/1900,5/21/2024,,,,mmsi-admin@malayanmaritime.com,APPROVED,,,,,,,,,,,,,
5/24/2024,5/24/2024,5/24/2024,Viber,TRANSWORLD,,Princess Amber,Foreign,5/25/2024,BATANGAS,BBTI,Docking / Undocking,MMSI,1/2/1900,5/24/2024,,,,mmsi-admin@malayanmaritime.com,APPROVED,,,,,,,,,,,,,
5/29/2024,5/29/2024,5/29/2024,Email,GAC,,HAFNIA TAURUS,Foreign,6/4/2024,DAVAO,IOC,Docking / Undocking,Other tug provider,1/3/1900,5/29/2024,,,,mmsi-admin@malayanmaritime.com,APPROVED,,,,,,,,,,,,,
5/29/2024,5/29/2024,5/29/2024,Email,GAC,,HAFNIA TAURUS,Foreign,6/4/2024,DAVAO,IOC,Tending,MMSI,1/2/1900,5/29/2024,,,,mmsi-admin@malayanmaritime.com,APPROVED,,,,,,,,,,,,,
5/30/2024,5/30/2024,5/30/2024,Viber,IOC,,CASANDRA,Local,5/31/2024,LEYTE,VISPET,Docking / Undocking,Other tug provider,1/1/1900,5/30/2024,,,,mmsi-admin@malayanmaritime.com,APPROVED,,,,,,,,,,,,,
5/31/2024,5/31/2024,5/31/2024,Viber,JC&v,,MV XIN QI XING,Foreign,6/4/2024,DAVAO,TSI,Docking / Undocking,MMSI,1/2/1900,5/31/2024,,,,mmsi-admin@malayanmaritime.com,APPROVED,,,,,,,,,,,,,
6/1/2024,6/1/2024,6/1/2024,Viber,MARSHIPS,,THERESA LIMA,Foreign,6/8/2024,DAVAO,NEW DAVAO OIL MILL,Docking / Undocking,MMSI,1/3/1900,6/1/2024,RML,,,mmsi-admin@malayanmaritime.com,APPROVED,,,,,,,,,,,,,
6/3/2024,6/3/2024,6/3/2024,Email,GAC,,PARTRIDGE PACIFIC,Foreign,6/8/2024,DAVAO,IOC,Docking / Undocking,MMSI,1/3/1900,6/3/2024,RML,,,mmsi-admin@malayanmaritime.com,APPROVED,,,,,,,,,,,,,
6/3/2024,6/3/2024,6/3/2024,Email,GAC,,PARTRIDGE PACIFIC,Foreign,6/8/2024,DAVAO,IOC,Tending,MMSI,1/2/1900,6/3/2024,RML,,,mmsi-admin@malayanmaritime.com,APPROVED,,,,,,,,,,,,,
6/4/2024,6/4/2024,6/4/2024,Viber,OMS,,GREEN SEA,Foreign,6/9/2024,DAVAO,KUDOS,Docking / Undocking,MMSI,1/2/1900,6/4/2024,RML,,,mmsi-admin@malayanmaritime.com,APPROVED,,,,,,,,,,,,,
6/6/2024,6/6/2024,6/6/2024,Email,GAC,,HAFNIA TAURUS,Foreign,6/7/2024,LEYTE,VISPET,Docking / Undocking,Other tug provider,1/3/1900,6/6/2024,RML,,,mmsi-admin@malayanmaritime.com,APPROVED,,,,,,,,,,,,,
6/6/2024,6/6/2024,6/6/2024,Email,FOUR DRAGONS,,MT TORM RAGNHILD,Foreign,6/7/2024,SUBIC,PPC,Docking / Undocking,Other tug provider,1/3/1900,6/6/2024,RML,,,mmsi-admin@malayanmaritime.com,APPROVED,,,,,,,,,,,,,
6/8/2024,6/8/2024,6/8/2024,Viber,LORENZO SHIPPING CORP,,LORCON ILOILO,Local,6/8/2024,DAVAO,SASA,Docking / Undocking,MMSI,1/2/1900,6/8/2024,RML,,,mmsi-admin@malayanmaritime.com,APPROVED,,,,,,,,,,,,,
6/10/2024,6/10/2024,6/10/2024,Email,FOUR DRAGONS,,MT TORM TORINO,Foreign,6/15/2024,SARIAYA,SARIAYA,Docking / Undocking,Other tug provider,1/2/1900,6/10/2024,RML,,,mmsi-admin@malayanmaritime.com,APPROVED,,,,,,,,,,,,,
6/10/2024,6/10/2024,6/10/2024,Email,GAC,,PACIFIC ERA,Foreign,6/18/2024,DAVAO,IOC,Docking / Undocking,MMSI,1/3/1900,6/10/2024,RML,,,mmsi-admin@malayanmaritime.com,APPROVED,,,,,,,,,,,,,
6/10/2024,6/10/2024,6/10/2024,Email,GAC,,PACIFIC ERA,Foreign,6/18/2024,DAVAO,IOC,Tending,MMSI,1/2/1900,6/10/2024,RML,,,mmsi-admin@malayanmaritime.com,APPROVED,,,,,,,,,,,,,
6/11/2024,6/11/2024,6/11/2024,Call,GAC,,PARTRIDGE PACIFIC,Foreign,6/11/2024,CDO,PDOC,Docking / Undocking,Other tug provider,1/3/1900,6/11/2024,RML,,,mmsi-admin@malayanmaritime.com,APPROVED,,,,,,,,,,,,,
6/11/2024,6/11/2024,6/11/2024,Call,GAC,,PARTRIDGE PACIFIC,Foreign,6/11/2024,CDO,PDOC,Tending,Other tug provider,1/2/1900,6/11/2024,RML,,,mmsi-admin@malayanmaritime.com,APPROVED,,,,,,,,,,,,,
6/11/2024,6/11/2024,6/11/2024,Email,FOUR DRAGONS SHIPPING SERVICES,,ATLANTIC MARBLE,Foreign,6/18/2024,SUBIC,PPC,Docking / Undocking,Other tug provider,1/3/1900,6/12/2024,RML,,,mmsi-admin@malayanmaritime.com,APPROVED,,,,,,,,,,,,,
6/11/2024,6/11/2024,6/11/2024,Email,FOUR DRAGONS SHIPPING SERVICES,,MT ATLANTIC MARBLE,Foreign,6/19/2024,SARIAYA,AZORA,Docking / Undocking,Other tug provider,1/2/1900,6/12/2024,RML,,,mmsi-admin@malayanmaritime.com,APPROVED,,,,,,,,,,,,,
6/13/2024,6/13/2024,6/13/2024,Call,MOLAVE TANKERS,,MTC GUIJO,Local,6/16/2024,DAVAO,PETRON,Docking / Undocking,MMSI,1/2/1900,6/15/2024,RML,,,mmsi-admin@malayanmaritime.com,APPROVED,,,,,,,,,,,,,
6/14/2024,6/14/2024,6/14/2024,Email,FOUR DRAGONS SHIPPING SERVICES,,MT TRF MANDAL,Foreign,6/20/2024,DAVAO,IOC,Docking / Undocking,MMSI,1/3/1900,6/15/2024,RML,,,mmsi-admin@malayanmaritime.com,APPROVED,,,,,,,,,,,,,
6/14/2024,6/14/2024,6/14/2024,Email,FOUR DRAGONS SHIPPING,,MT TRF MANDAL,Foreign,6/20/2024,DAVAO,IOC,Tending,MMSI,1/2/1900,6/15/2024,RML,,,mmsi-admin@malayanmaritime.com,APPROVED,,,,,,,,,,,,,
6/18/2024,6/18/2024,6/18/2024,Viber,JC&v,,MV YU QIANG,Foreign,6/27/2024,DAVAO,THERMA SOUTH,Docking / Undocking,MMSI,1/2/1900,6/18/2024,RML,,,mmsi-admin@malayanmaritime.com,APPROVED,,,,,,,,,,,,,
6/19/2024,6/19/2024,6/19/2024,Email,SMITHBELL ,,ATROTOS,Foreign,6/23/2024,DAVAO,DBCOM,Docking / Undocking,MMSI,1/2/1900,6/19/2024,RML,,,mmsi-admin@malayanmaritime.com,APPROVED,,,,,,,,,,,,,
6/21/2024,6/21/2024,6/21/2024,Call,NARRA TANKERS,,NTC HERON,Local,6/22/2024,DAVAO,PETRON,Docking / Undocking,MMSI,1/2/1900,6/21/2024,RML,,,mmsi-admin@malayanmaritime.com,APPROVED,,,,,,,,,,,,,
6/23/2024,6/23/2024,6/23/2024,SMS,BENLINE AGENCES PHILS,,MV DD VOUGE,Foreign,6/24/2024,DAVAO,GLOBAL PORT,Docking / Undocking,MMSI,1/2/1900,6/23/2024,RML,,,mms-admin@malayanmaritime.com,APPROVED,,,,,,,,,,,,,
6/24/2024,6/24/2024,6/24/2024,Call,SMC SHIPPING AND LIGHTERAGE,,SL MOLAVE,Local,6/24/2024,DAVAO,PETRON,Docking / Undocking,MMSI,1/2/1900,6/24/2024,RML,,,mmsi-admin@malayanmaritime.com,APPROVED,,,,,,,,,,,,,
6/27/2024,6/27/2024,6/27/2024,Email,GAC,,TORM TORINO,Foreign,7/1/2024,DAVAO,IOC,Docking / Undocking,MMSI,1/3/1900,6/27/2024,RML,,,mmsi-admin@malayanmaritime.com,APPROVED,,,,,,,,,,,,,
6/27/2024,6/27/2024,6/27/2024,Email,GAC,,TORM TORINO,Foreign,7/1/2024,DAVAO,IOC,Tending,MMSI,1/2/1900,6/27/2024,RML,,,mmsi-admin@malayanmaritime.com,APPROVED,,,,,,,,,,,,,
6/27/2024,6/27/2024,6/27/2024,Viber,JCV,,YU QIANG,Foreign,6/29/2024,DAVAO,TSI,Docking / Undocking,MMSI,1/2/1900,6/27/2024,RML,,,mmsi-admin@malayanmaritime.com,APPROVED,,,,,,,,,,,,,
6/28/2024,6/28/2024,6/28/2024,Viber,WINDBAY,,FFEDERAL IMPACT,Foreign,7/17/2024,DAVAO,LEGASPI OIL,Docking / Undocking,MMSI,1/3/1900,6/29/2024,RML,,,mmsi-admin@malayanmaritime.com,APPROVED,,,,,,,,,,,,,
6/29/2024,6/29/2024,6/29/2024,Email,TRANSWORLD,,TONG YOUNG,Foreign,7/2/2024,BATANGAS,BBTI,Docking / Undocking,MMSI,1/2/1900,6/29/2024,RML,,,mmsi-admin@malayanmaritime.com,APPROVED,,,,,,,,,,,,,
6/29/2024,6/29/2024,6/29/2024,Viber,JC&V,,MV GIRASOLE,Foreign,7/2/2024,DAVAO,TSI,Docking / Undocking,MMSI,1/2/1900,6/29/2024,RML,,,mmsi-admin@malayanmaritime.com,APPROVED,,,,,,,,,,,,,
6/30/2024,6/30/2024,6/30/2024,Call,NARRA TANKERS CORP,,NTC FALCON,Foreign,7/3/2024,DAVAO,PETRON,Docking / Undocking,MMSI,1/2/1900,6/30/2024,RML,,,mmsi-admin@malayanmaritime.com,APPROVED,,,,,,,,,,,,,
7/1/2024,7/1/2024,7/1/2024,Call,NARRA TANKERS CORP,,NTC HERON,Local,7/4/2024,DAVAO,PETRON,Docking / Undocking,MMSI,1/2/1900,7/1/2024,RML,,,mmsi-admin@malayanmaritime.com,APPROVED,,,,,,,,,,,,,
7/3/2024,7/3/2024,7/3/2024,Viber,BENLINE,,DNEX PACIFIC LINK,Foreign,7/5/2024,DAVAO,SASA,Docking / Undocking,MMSI,1/2/1900,7/3/2024,RML,,,mmsi-admin@malayanmaritime.com,APPROVED,,,,,,,,,,,,,
7/5/2024,7/5/2024,7/5/2024,Email,FOUR DRAGONS ,,ASTIR LADY,Foreign,7/8/2024,SUBIC,SBMA,Docking / Undocking,Other tug provider,1/2/1900,7/5/2024,RML,,,mmsi-admin@malayanmaritime.com,APPROVED,,,,,,,,,,,,,
7/5/2024,7/2/2024,7/2/2024,Viber,BENLINE,,BW BATANGAS,Foreign,7/2/2024,BATANGAS,BBTI,Ferry Service/Cargo Transfer,MMSI,1/1/1900,7/2/2024,RML,,,mmsi-admin@malayanmaritime.com,APPROVED,,,,,,,,,,,,,
7/5/2024,7/5/2024,7/5/2024,Email,FOUR DRAGONS,,MT ARSOS,Foreign,7/11/2024,SARIAYA,AZORA,Docking / Undocking,Other tug provider,1/2/1900,7/5/2024,RML,,,mmsi-admin@malayanmaritime.com,APPROVED,,,,0346,,,,,,,,,
7/7/2024,7/7/2024,7/7/2024,Viber,OMS,,DONG AN,Foreign,7/8/2024,DAVAO,KUDOS,Docking / Undocking,MMSI,1/2/1900,7/7/2024,RML,,,mmsi-admin@malayanmaritime.com,APPROVED,,,,,,,,,,,,,
7/8/2024,7/8/2024,7/8/2024,Viber,SEADOVE,,LPGC THANG LONG GAS,Foreign,7/8/2024,DAVAO,SHELL,Docking / Undocking,MMSI,1/2/1900,7/9/2024,RML,,,mmsi-admin@malayanmaritime.com,APPROVED,,,,,,,,,,,,,
7/8/2024,7/8/2024,7/8/2024,Viber,MARSHIPS,,VSM UNITY,Foreign,7/19/2024,DAVAO,SEA OIL,Docking / Undocking,MMSI,1/1/1900,7/9/2024,RML,,,mmsi-admin@malayanmaritime.com,APPROVED,,,,,,,,,,,,,
7/9/2024,7/9/2024,7/9/2024,Email,GAC,,MT AMYLA,Foreign,7/13/2024,DAVAO,IOC,Docking / Undocking,MMSI,1/3/1900,7/9/2024,RML,,,mmsi-admin@malayanmaritime.com,APPROVED,,,,,,,,,,,,,
7/9/2024,7/9/2024,7/9/2024,Email,GAC,,MT AMYLA,Foreign,7/13/2024,DAVAO,IOC,Tending,MMSI,1/2/1900,7/9/2024,RML,,,mmsi-admin@malayanmaritime.com,APPROVED,,,,,,,,,,,,,
7/10/2024,7/10/2024,7/10/2024,Email,SMITHBELL,,HE CHI,Foreign,7/12/2024,SARIAYA,AZORA,Docking / Undocking,Other tug provider,1/2/1900,7/9/2024,RML,,,mmsi-admin@malayanmaritime.com,APPROVED,,,,,,,,,,,,,
7/10/2024,7/10/2024,7/10/2024,Email,SMITHBELL,,CSC PEACE,Foreign,7/16/2024,SUBIC,PPC,Docking / Undocking,Other tug provider,1/2/1900,7/10/2024,RML,,,mmsi-admin@malayanmaritime.com,APPROVED,,,,,,,,,,,,,
7/10/2024,7/10/2024,7/10/2024,Call,NARRA TANKERS,,NTC HARRIBON,Local,7/11/2024,DAVAO,PETRON,Docking / Undocking,MMSI,1/2/1900,7/10/2024,RML,,,mmsi-admin@malayanmaritime.com,APPROVED,,,,,,,,,,,,,
7/11/2024,7/11/2024,7/11/2024,Email,WINDBAY SHIPPING AND LOGISTICS INC,,FEDERAL IMPACT,Foreign,7/25/2024,DAVAO,LEGASPI OIL,Docking / Undocking,MMSI,1/3/1900,7/12/2024,RML,,,mmsi-admin@malayanmaritime.com,APPROVED,,,,,,,,,,,,,
7/12/2024,7/12/2024,7/12/2024,Email,GAC,,ENERGY APOLLO,Foreign,7/19/2024,DAVAO,IOC,Docking / Undocking,MMSI,1/3/1900,7/12/2024,RML,,,mmsi-admin@malayanmaritime.com,APPROVED,,,,,,,,,,,,,
7/12/2024,7/12/2024,7/12/2024,Email,GAC,,ENERGY APOLLO,Foreign,7/19/2024,DAVAO,IOC,Tending,MMSI,1/2/1900,7/12/2024,RML,,,mmsi-admin@malayanmaritime.com,APPROVED,,,,,,,,,,,,,
7/13/2024,7/13/2024,7/13/2024,Viber,OMS,,ORIENTAL STAR,Foreign,7/17/2024,DAVAO,KUDOS,Docking / Undocking,MMSI,1/2/1900,7/14/2024,RML,,,mmsi-admin@malayanmaritime.com,APPROVED,,,,,,,,,,,,,
7/13/2024,7/13/2024,7/13/2024,Viber,OMS,,VINH QUANG STAR,Foreign,7/21/2024,DAVAO,KUDOS,Docking / Undocking,MMSI,1/2/1900,7/14/2024,RML,,,mmsi-admin@malayanmaritime.com,APPROVED,,,,,,,,,,,,,
7/14/2024,7/14/2024,7/14/2024,Viber,SMITHBELL,,KEN HOU,Foreign,7/14/2024,DAVAO,KTC,Docking / Undocking,MMSI,1/2/1900,7/14/2024,RML,,,mmsi-admin@malayanmaritime.com,APPROVED,,,,,,,,,,,,,
7/15/2024,7/15/2024,7/13/2024,Viber,GAC,,MT TORM TORINO,Foreign,7/13/2024,LEYTE,VISPET,Docking / Undocking,Other tug provider,1/3/1900,7/17/2024,RML,,,marketing.officer@malayanmaritime.com,APPROVED,,,,,,,,,,,,,
7/17/2024,7/17/2024,7/17/2024,Email,SRDC,,MT PANGLAO,Local,7/20/2024,BATANGAS,CHEVRON,Docking / Undocking,MMSI,1/2/1900,7/17/2024,RML,,,marketing.officer@malayanmaritime.com,APPROVED,,,,,,,,,,,,,
7/17/2024,7/17/2024,7/17/2024,Email,SRDC,,MT PANGLAO,Local,7/23/2024,JIMENEZ,SRDC JIMENEZ,Docking / Undocking,Other tug provider,1/1/1900,7/17/2024,RML,,,marketing.officer@malayanmaritime.com,APPROVED,,,,,,,,,,,,,
7/17/2024,7/17/2024,7/17/2024,Call,NARRA TANKERS,,NTC FALCON,Local,7/20/2024,DAVAO,PETRON,Docking / Undocking,MMSI,1/2/1900,7/19/2024,RML,,,mmsi-admin@malayanmaritime.com,APPROVED,,,,,,,,,,,,,
7/18/2024,7/17/2024,7/17/2024,Viber,TRANSWORLD,,PRINCESS CRYSTAL,Foreign,7/30/2024,BATANGAS,BBTI BATANGAS,Docking / Undocking,MMSI,1/2/1900,7/19/2024,RML,,,marketing.officer@malayanmaritime.com,APPROVED,,,,,,,,,,,,,
7/19/2024,7/19/2024,7/19/2024,Viber,OMS,,AN THINH PHU 08,Foreign,7/25/2024,DAVAO,KUDOS,Docking / Undocking,MMSI,1/2/1900,7/20/2024,RML,,,marketing.officer@malayanmaritime.com,APPROVED,,,,0287,,,,,,,,,
7/20/2024,7/20/2024,7/20/2024,SMS,FULL STEAM,,HTK PHOENIX,Foreign,7/21/2024,DAVAO,HOLCIM,Docking / Undocking,MMSI,1/2/1900,7/20/2024,RML,,,mmsi-admin@malayanmaritime.com,APPROVED,,,,,,,,,,,,,
7/20/2024,7/20/2024,7/20/2024,Viber,Marships,,MT Vela,Foreign,7/26/2024,Davao,NDO Mill,Docking / Undocking,MMSI,1/2/1900,7/20/2024,RML,,,marketing.officer@malayanmaritime.com,APPROVED,,,,,,,,,,,,,
7/21/2024,7/21/2024,7/21/2024,Call,SMITHBELL,,MV AQUAMARINE,Foreign,7/21/2024,DAVAO,SASA,Docking / Undocking,MMSI,1/2/1900,7/21/2024,RML,,,mmsi-admin@malayanmaritime.com,APPROVED,,,,,,,,,,,,,
7/21/2024,7/21/2024,7/21/2024,Email,SMITHBELL,,MV IKI,Foreign,7/25/2024,DAVAO,SASA,Docking / Undocking,MMSI,1/2/1900,7/21/2024,RML,,,mmsi-admin@malayanmaritime.com,APPROVED,,,,,,,,,,,,,
7/23/2024,7/23/2024,7/23/2024,Call,FULLSTEAM,,HAI JIN,Foreign,7/29/2024,DAVAO,HOLCIM,Docking / Undocking,MMSI,1/2/1900,7/24/2024,RML,,,mmsi-admin@malayanmaritime.com,APPROVED,,,,,,,,,,,,,
7/23/2024,7/23/2024,7/23/2024,Viber,BEN LINE AGENCIES PHILS INC.,,MV DNEX PACIFIC LINK,Foreign,7/24/2024,DAVAO,KUDOS,Docking / Undocking,MMSI,1/2/1900,7/24/2024,RML,,,marketing.officer@malayanmaritime.com,APPROVED,,,,,,,,,,,,,
7/24/2024,7/24/2024,7/24/2024,Viber,JC&V,,MV HC PIONEER,Foreign,7/26/2024,DAVAO,TSI,Docking / Undocking,MMSI,1/2/1900,7/24/2024,RML,,,marketing.officer@malayanmaritime.com,APPROVED,,,,,,,,,,,,,
7/25/2024,7/25/2024,7/25/2024,Email,SMITHBELL,,MV OCEAN GRACIOUS,Foreign,7/27/2024,DAVAO,HOLCIM,Docking / Undocking,MMSI,1/2/1900,7/25/2024,RML,,,mmsi-admin@malayanmaritime.com,APPROVED,,,,,,,,,,,,,
7/25/2024,7/25/2024,7/25/2024,Call,SMC SHIPPING ,,SL MOLAVE,Local,7/30/2024,DAVAO,PETRON,Docking / Undocking,MMSI,1/2/1900,7/26/2024,RML,,,mmsi-admin@malayanmaritime.com,APPROVED,,,,,,,,,,,,,
7/27/2024,7/27/2024,7/27/2024,Viber,OMS,,TUAN DONG 36,Foreign,8/3/2024,DAVAO,KUDOS,Docking / Undocking,MMSI,1/2/1900,7/27/2024,RML,,,mmsi-admin@malayanmaritime.com,APPROVED,,,,,,,,,,,,,
8/1/2024,1/8/2024,1/8/2024,Viber,IOC,,MT AVA V309,Local,3/8/2024,Davao,IOC,Docking / Undocking,MMSI,1/2/1900,8/2/2024,RML,,,marketing.officer@malayanmaritime.com,APPROVED,,,,,,,,,,,,,
8/1/2024,1/8/2024,1/8/2024,Viber,IOC,,MT AVA V309,Local,3/8/2024,CPI,Davao,Docking / Undocking,MMSI,1/2/1900,8/2/2024,RML,,,marketing.officer@malayanmaritime.com,APPROVED,,,,,,,,,,,,,
8/1/2024,1/8/2024,1/8/2024,Viber,IOC,,MT AVA V310,Local,8/8/2024,Davao,IOC,Docking / Undocking,MMSI,1/2/1900,8/2/2024,RML,,,marketing.officer@malayanmaritime.com,APPROVED,,,,,,,,,,,,,
8/1/2024,1/8/2024,1/8/2024,Viber,IOC,,MT AVA V310,Local,8/8/2024,DAVAO,CPI,Docking / Undocking,MMSI,1/2/1900,8/2/2024,RML,,,marketing.officer@malayanmaritime.com,APPROVED,,,,,,,,,,,,,
8/1/2024,1/8/2024,1/8/2024,Viber,IOC,,MT AVA V311,Local,12/8/2024,DAVAO,IOC,Docking / Undocking,MMSI,1/2/1900,8/2/2024,RML,,,marketing.officer@malayanmaritime.com,APPROVED,,,,,,,,,,,,,
8/1/2024,1/8/2024,1/8/2024,Viber,IOC,,MT AVA V311,Local,12/8/2024,DAVAO,CPI,Docking / Undocking,MMSI,1/2/1900,8/2/2024,RML,,,marketing.officer@malayanmaritime.com,APPROVED,,,,,,,,,,,,,
8/1/2024,8/1/2024,8/1/2024,Viber,IOC,,MT AVA V309,Local,8/3/2024,DAVAO,IOC,Tending,MMSI,1/1/1900,8/2/2024,RML,,,marketing.officer@malayanmaritime.com,APPROVED,,,,,,,,,,,,,
8/1/2024,8/1/2024,8/1/2024,Viber,IOC,,MT AVA V310,Local,8/8/2024,DAVAO,IOC,Tending,MMSI,1/1/1900,8/2/2024,RML,,,marketing.officer@malayanmaritime.com,APPROVED,,,,,,,,,,,,,
8/1/2024,8/1/2024,8/1/2024,Viber,IOC,,MT AVA V311,Local,8/12/2024,DAVAO,IOC,Tending,MMSI,1/1/1900,8/2/2024,RML,,,marketing.officer@malayanmaritime.com,APPROVED,,,,,,,,,,,,,
8/1/2024,8/1/2024,8/1/2024,Viber,IOC,,MT PANGLAO V868,Local,8/12/2024,DAVAO,IOC,Docking / Undocking,MMSI,1/2/1900,8/2/2024,RML,,,marketings.officer@malayanmaritime.com,APPROVED,,,,,,,,,,,,,
8/1/2024,8/1/2024,8/1/2024,Viber,IOC,,MT PANGLAO V868,Local,8/12/2024,DAVAO,IOC,Tending,MMSI,1/1/1900,8/2/2024,RML,,,marketings.officer@malayanmaritime.com,APPROVED,,,,,,,,,,,,,
8/1/2024,8/1/2024,8/1/2024,Viber,IOC,,MT AVA V312,Local,8/16/2024,DAVAO,IOC,Docking / Undocking,MMSI,1/2/1900,8/2/2024,RML,,,marketing.officer@malayanmaritime.com,APPROVED,,,,,,,,,,,,,
8/1/2024,8/1/2024,8/1/2024,Viber,IOC,,MY AVA V312,Local,8/16/2024,DAVAO,CPI,Docking / Undocking,MMSI,1/2/1900,8/2/2024,RML,,,marketing.officer@malayanmaritime.com,APPROVED,,,,,,,,,,,,,
8/1/2024,8/1/2024,8/1/2024,Viber,IOC,,MT AVA V312,Local,8/16/2024,DAVAO,IOC,Tending,MMSI,1/1/1900,8/2/2024,RML,,,marketing.officer@malayanmaritime.com,APPROVED,,,,,,,,,,,,,
8/1/2024,8/1/2024,8/1/2024,Viber,IOC,,MT AVA V313,Local,8/22/2024,DAVAO,IOC,Docking / Undocking,MMSI,1/2/1900,8/2/2024,RML,,,marketing.officer@malayanmaritime.com,APPROVED,,,,,,,,,,,,,
8/1/2024,8/1/2024,8/1/2024,Viber,IOC,,MT AVA V313,Local,8/22/2024,DAVAO,CPI,Docking / Undocking,MMSI,1/2/1900,8/2/2024,RML,,,marketing.officer@malayanmaritime.com,APPROVED,,,,,,,,,,,,,
8/1/2024,8/1/2024,8/1/2024,Viber,IOC,,MT AVA V313,Local,8/22/2024,DAVAO,IOC,Tending,MMSI,1/1/1900,8/2/2024,RML,,,marketing.officer@malayanmaritime.com,APPROVED,,,,,,,,,,,,,
8/1/2024,8/1/2024,8/1/2024,Viber,IOC,,MT MARINGAL V276,Local,8/23/2024,DAVAO,IOC,Docking / Undocking,MMSI,1/2/1900,8/2/2024,RML,,,marketing.officer@malayanmaritime.com,APPROVED,,,,,,,,,,,,,
8/1/2024,8/1/2024,8/1/2024,Viber,IOC,,MT MARINGAL V276,Local,8/23/2024,DAVAO,IOC,Tending,MMSI,1/1/1900,8/2/2024,RML,,,marketing.officer@malayanmaritime.com,APPROVED,,,,,,,,,,,,,
8/1/2024,8/1/2024,8/1/2024,Viber,IOC,,MT AVA V314,Local,8/25/2024,DAVAO,IOC,Docking / Undocking,MMSI,1/2/1900,8/2/2024,RML,,,marketing.officer@malayanmaritime.com,APPROVED,,,,,,,,,,,,,
8/1/2024,8/1/2024,8/1/2024,Viber,IOC,,MT AVA V314,Local,8/25/2024,DAVAO,CPI,Docking / Undocking,MMSI,1/2/1900,8/2/2024,RML,,,marketing.officer@malayanmaritime.com,APPROVED,,,,,,,,,,,,,
8/1/2024,8/1/2024,8/1/2024,Viber,IOC,,MT AVA V314,Local,8/25/2024,DAVAO,IOC,Tending,MMSI,1/1/1900,8/2/2024,RML,,,marketing.officer@malayanmaritime.com,APPROVED,,,,,,,,,,,,,
8/1/2024,8/1/2024,8/1/2024,Viber,IOC,,MT AVA V315,Local,8/29/2024,DAVAO,IOC,Docking / Undocking,MMSI,1/2/1900,8/2/2024,RML,,,marketing.officer@malayanmaritime.com,APPROVED,,,,,,,,,,,,,
8/1/2024,8/1/2024,8/1/2024,Viber,IOC,,MT AVA V315,Local,8/29/2024,DAVAO,CPI,Docking / Undocking,MMSI,1/2/1900,8/2/2024,RML,,,marketing.officer@malayanmaritime.com,APPROVED,,,,,,,,,,,,,
8/1/2024,8/1/2024,8/1/2024,Viber,IOC,,MT AVA V315,Local,8/29/2024,DAVAO,IOC,Tending,MMSI,1/1/1900,8/2/2024,RML,,,marketing.officer@malayanmaritime.com,APPROVED,,,,,,,,,,,,,
8/5/2024,8/5/2024,8/5/2024,Call,NARRA TANKERS CORP,,NTC FALCON,Local,8/6/2024,DAVAO,PETRON,Docking / Undocking,MMSI,1/2/1900,8/6/2024,RML,,,mmsi-admin@malayanmaritime.com,APPROVED,,,,,,,,,,,,,
8/5/2024,8/5/2024,8/5/2024,Viber,OMS,,OCEAN BRIGHT,Foreign,8/11/2024,DAVAO,KUDOS,Docking / Undocking,MMSI,1/2/1900,8/6/2024,RML,,,mmsi-admin@malayanmaritime.com,APPROVED,,,,,,,,,,,,,
8/6/2024,8/6/2024,8/6/2024,Email,SMITH BELL SHIPPING INC.,,MT ENERGY ACHILLES,Foreign,8/7/2024,SUBIC,PPC,Docking / Undocking,Other tug provider,1/2/1900,8/6/2024,RML,,,marketing.officer@malayanmaritime.com,APPROVED,,,,,,,,,,,,,
8/6/2024,8/6/2024,8/6/2024,Email,SMITH BELL SHIPPING INC,,MT ENERGY ACHILLES,Foreign,8/9/2024,SARIAYA,AZORA,Docking / Undocking,Other tug provider,1/2/1900,8/6/2024,RML,,,marketing.officer@malayanmaritime.com,APPROVED,,,,,,,,,,,,,
8/6/2024,8/6/2024,8/6/2024,Email,FOUR DRAGONS SHIPPING SERVICES,,MT FJELLANGER,Foreign,8/11/2024,SARIAYA,AZORA,Docking / Undocking,Other tug provider,1/2/1900,8/6/2024,RML,,,marketing.officer@malayanmaritime.com,APPROVED,,,,,,,,,,,,,
8/6/2024,8/6/2024,8/6/2024,Email,FOUR DRAGONS SHIPPING SERVICES,,MT FJELLANGER,Foreign,8/12/2024,SUBIC,PPC,Docking / Undocking,Other tug provider,1/3/1900,8/6/2024,RML,,,marketing.officer@malayanmaritime.com,APPROVED,,,,,,,,,,,,,
8/7/2024,8/7/2024,8/7/2024,Viber,JC&V,,MV DIAVOLEZZA,Foreign,8/14/2024,DAVAO,TSI,Docking / Undocking,MMSI,1/2/1900,8/7/2024,RML,,,marketing.officer@malayanmaritime.com,APPROVED,,,,,,,,,,,,,
8/7/2024,8/7/2024,8/7/2024,Email,"GAC Philippines, Inc",,MT VOLTA,Foreign,8/12/2024,DAVAO,IOC,Docking / Undocking,MMSI,1/3/1900,8/7/2024,RML,,,marketing.officer@malayanmaritime.com,APPROVED,,,,,,,,,,,,,
8/7/2024,8/7/2024,8/7/2024,Email,"GAC PHILIPPINES, INC",,MT QUI CHI,Foreign,8/10/2024,DAVAO,IOC,Docking / Undocking,MMSI,1/2/1900,8/7/2024,RML,,,marketing.officer@malayanmaritime.com,APPROVED,,,,,,,,,,,,,
8/7/2024,8/7/2024,8/7/2024,Viber,SITE RESOURCES DEVELOPMENT CORPORATION,,MT MARINGAL,Local,8/11/2024,BATANGAS,SRDC BATANGAS,Docking / Undocking,MMSI,1/2/1900,8/8/2024,RML,,,marketing.officer@malayanmaritime.com,APPROVED,,,,,,,,,,,,,
8/7/2024,8/7/2024,8/7/2024,Viber,SITE RESOURCES DEVELOPMENT CORPORATION,,MT MARINGAL,Local,8/11/2024,CEBU,LAPU-LAPU,Docking / Undocking,MMSI,1/2/1900,8/8/2024,RML,,,marketing.officer@malayanmaritime.com,APPROVED,,,,,,,,,,,,,
8/7/2024,8/7/2024,8/7/2024,Viber,SITE RESOURCES DEVELOPMENT CORPORATION,,MT MALINGAP,Local,8/18/2024,BATANGAS,SRDC BATANGAS,Docking / Undocking,MMSI,1/2/1900,8/8/2024,RML,,,marketing.officer@malayanmaritime.com,APPROVED,,,,,,,,,,,,,
8/7/2024,8/7/2024,8/7/2024,Viber,SITE RESOURCES DEVELOPMENT CORPORATION,,MT MARINGAL,Local,8/21/2024,CEBU,LAPU-LAPU,Docking / Undocking,MMSI,1/2/1900,8/8/2024,RML,,,marketing.officer@malayanmaritime.com,APPROVED,,,,,,,,,,,,,
8/7/2024,8/7/2024,8/7/2024,Viber,SITE RESOURCES DEVELOPMENT CORPORATION,,MT MALINGAP,Local,8/11/2024,BATANGAS,SRDC BATANGAS,Docking / Undocking,MMSI,1/2/1900,8/8/2024,RML,,,marketing.officer@malayanmaritime.com,APPROVED,,,,,,,,,,,,,
8/7/2024,8/7/2024,8/7/2024,Viber,SITE RESOURCES DEVELOPMENT CORPORATION,,MT MALINGAP,Local,8/13/2024,CEBU,LAPU-LAPU,Docking / Undocking,MMSI,1/2/1900,8/8/2024,RML,,,marketing.officer@malayanmaritime.com,APPROVED,,,,,,,,,,,,,
8/7/2024,8/7/2024,8/7/2024,Viber,SITE RESOURCES DEVELOPMENT CORPORATION,,MT MALINGAP,Local,8/16/2024,DAVAO,SASA,Docking / Undocking,MMSI,1/2/1900,8/8/2024,RML,,,marketing.officer@malayanmaritime.com,APPROVED,,,,,,,,,,,,,
8/8/2024,8/8/2024,8/8/2024,Viber,INSULAR OIL CORPORATION,,CHELSEA ENDURANCE,Local,8/8/2024,DAVAO,IOC,Docking / Undocking,MMSI,1/2/1900,8/8/2024,RML,,,marketing.officer@malayanmaritime.com,APPROVED,,,,,,,,,,,,,
8/9/2024,8/8/2024,8/8/2024,Call,NARRA TANKER CORP,,NTC TANKER,Local,8/9/2024,DAVAO,ANCHORAGE/Rewatering,Docking / Undocking,MMSI,1/1/1900,8/8/2024,RML,,,mmsi-admin@malayanmaritime.com,APPROVED,,,,,,,,,,,,,
8/9/2024,8/9/2024,8/9/2024,Call,SMC SHIPPING & LIGHTERAGE CORP,,SL MOLAVE,Local,8/9/2024,DAVAO,PETRON,Docking / Undocking,MMSI,1/2/1900,8/9/2024,RML,,,mmsi-admin@malayanmaritime.com,APPROVED,,,,,,,,,,,,,
8/12/2024,8/12/2024,8/12/2024,Viber,"WINDBAY SHIPPING & LOGISTICS, INC.",,MV YANGZE 32,Foreign,9/8/2024,DAVAO,LEGASPI OIL,Docking / Undocking,MMSI,1/3/1900,8/12/2024,RML,,,marketing.officer@malayanmaritime.com,APPROVED,,,,,,,,,,,,,
8/13/2024,8/13/2024,8/13/2024,Viber,FOUR DRAGONS SHIPPING SERVICES,,MT HAFNIA AMETRINE,Foreign,8/22/2024,DAVAO,IOC,Docking / Undocking,MMSI,1/2/1900,8/13/2024,RML,,,marketing.officer@malayanmaritime.com,APPROVED,,,,,,,,,,,,,
8/13/2024,8/13/2024,8/13/2024,Viber,FOUR DRAGONS SHIPPING SERVICES,,MT HAFNIA AMETRINE,Foreign,8/22/2024,DAVAO,IOC,Tending,MMSI,1/2/1900,8/13/2024,RML,,,marketing.officer@malayanmaritime.com,APPROVED,,,,,,,,,,,,,
8/14/2024,8/14/2024,8/14/2024,Viber,PHILIPPINE TRANSWORLD SHIPPING CORPORATION,,MT SILVER LEO,Foreign,8/18/2024,BATANGAS,BBTI,Docking / Undocking,MMSI,1/2/1900,8/14/2024,RML,,,marketing.officer@malayanmaritime.com,APPROVED,,,,,,,,,,,,,
8/15/2024,8/15/2024,8/15/2024,Email,"MAR-SHIPS AGENCY, INC",,MT SEAPROMISE V1,Foreign,8/20/2024,DAVAO,DBCOM,Docking / Undocking,MMSI,1/2/1900,8/15/2024,RML,,,marketing.officer@malayanmaritime.com,APPROVED,,,,,,,,,,,,,
8/17/2024,8/17/2024,8/17/2024,Call,NARRA TANKER CORP,,NTC FLAMINGO,Local,8/19/2024,DAVAO,PETRON,Docking / Undocking,MMSI,1/2/1900,8/17/2024,RML,,,mmsi-admin@malayanmaritime.com,APPROVED,,,,,,,,,,,,,
8/19/2024,8/19/2024,8/19/2024,Viber,BEN LINE AGENCIES PHILS INC.,,ZHONG QUAN 7,Foreign,8/19/2024,DAVAO,SASA,Escort/Anchoring,MMSI,1/2/1900,8/19/2024,RML,,,marketing.officer@malayanmaritime.com,APPROVED,,,,,,,,,,,,,
8/19/2024,8/19/2024,8/19/2024,Email,"GAC PHILIPPINES, INC.",,PUFFIN PACIFIC,Foreign,8/27/2024,DAVAO,IOC,Docking / Undocking,MMSI,1/2/1900,8/19/2024,RML,,,marketing.officer@malayanmaritime.com,APPROVED,,,,,,,,,,,,,
8/21/2024,8/21/2024,8/21/2024,Viber,"SEADOVE MARITIME SERVICES, INC",,MV VIEN DONG 3,Foreign,8/24/2024,DAVAO,SASA,Docking / Undocking,MMSI,1/2/1900,8/21/2024,RML,,,marketing.officer@malayanmaritime.com,APPROVED,1,,APPROVED,375,,,,,,,,,
8/22/2024,8/22/2024,8/22/2024,Viber,"OMS SHIPPING SERVICES & LOGISTICS, INC.",,AN THINH PHU 08,Foreign,8/24/2024,DAVAO,KUDOS,Docking / Undocking,MMSI,1/2/1900,8/22/2024,RML,,,marketing.officer@malayanmaritime.com,APPROVED,2,,APPROVED,0287,,,,,,,,,
8/22/2024,8/22/2024,8/22/2024,Viber,"OMS SHIPPING SERVICES & LOGISTICS, INC.",,TRUONG AN 05,Foreign,8/24/2024,DAVAO,KUDOS,Docking / Undocking,MMSI,1/2/1900,8/22/2024,RML,,,marketing.officer@malayanmaritime.com,APPROVED,3,,APPROVED,,,,,,,,,,
8/22/2024,8/22/2024,8/22/2024,Viber,OMS SHIPPING SERVICES & LOGISTICS. INC.,,VINH QUANG STAR,Foreign,8/29/2024,DAVAO,KUDOS,Docking / Undocking,MMSI,1/2/1900,8/22/2024,RML,,,marketing.officer@malayanmaritime.com,APPROVED,4,,APPROVED,,,,,,,,,,
8/23/2024,8/23/2024,8/23/2024,Email,"GAC PHILIPPINES, INC.",,MT VOLTA,Foreign,8/31/2024,LEYTE,VISPET,Docking / Undocking,Other tug provider,1/2/1900,8/24/2024,RML,,,marketing.officer@malayanmaritime.com,APPROVED,5,,APPROVED,,,,,,,,,,
8/23/2024,8/23/2024,8/23/2024,Email,"GAC PHILIPPINES, INC.",,MT VOLTA,Foreign,8/28/2024,CDO,PDOC,Docking / Undocking,Other tug provider,1/2/1900,8/24/2024,RML,,,marketing.officer@malayanmaritime.com,APPROVED,6,,APPROVED,,,,,,,,,,
8/24/2024,8/24/2024,8/24/2024,Viber,FOUR DRAGONS SHIPPING SERVICES,,HAFNIA AMETRINE,Foreign,8/25/2024,DAVAO,SEA OIL,Docking / Undocking,MMSI,1/2/1900,8/24/2024,RML,,,marketing.officer@malayanmaritime.com,APPROVED,7,,APPROVED,,,,,,,,,,
8/24/2024,8/24/2024,8/24/2024,Viber,BEN LINE AGENCIES PHILS INC,,MV ZHONG QUAN 7,Foreign,8/22/2024,DAVAO,SIDC BRIDGE,Escort/Anchoring,MMSI,1/2/1900,8/23/2024,RML,,,marketing.officer@malayanmaritime.com,APPROVED,8,Per Hour billing.,APPROVED,,,,,,,,,,
8/24/2024,8/24/2024,8/24/2024,Viber,SITE RESOURCES DEVELOPMENT CORPORATION ,,MT MARINGAL,Local,8/6/2024,JIMENEZ,SRCD JIMENEZ,Docking / Undocking,MMSI/T20,1/1/1900,8/25/2024,RML,,,marketing.officer@malayanmaritime.com,APPROVED,9,,APPROVED,,,,,,,,,,
8/24/2024,8/24/2024,8/24/2024,Viber,SITE RESOURCES DEVELOPMENT CORPORATION ,,MT MARINGAL,Local,8/7/2024,JIMENEZ,SRDC JIMENEZ,Docking / Undocking,MMSI/T20,1/1/1900,8/25/2024,RML,,,marketing.officer@malayanmaritime.com,APPROVED,10,,APPROVED,,,,,,,,,,
8/24/2024,8/24/2024,8/24/2024,Viber,SITE RESOURCES DEVELOPMENT CORPORATION ,,MT PANGLAO,Local,8/19/2024,JIMENEZ,SRDC JIMENEZ,Docking / Undocking,MMSI/T20,1/1/1900,8/25/2024,RML,,,marketing.officer@malayanmaritime.com,APPROVED,11,,APPROVED,,,,,,,,,,
8/24/2024,8/24/2024,8/24/2024,Viber,WINDBAY SHIPPING & LOGISTICS INC.,,MV DK ILIOS,Foreign,8/30/2024,DAVAO,LEGASPI OIL,Docking / Undocking,MMSI,1/2/1900,8/25/2024,RML,,,marketing.officer@malayanmaritime.com,APPROVED,12,,APPROVED,,,,,,,,,,
8/25/2024,8/25/2024,8/25/2024,Viber,INSULAR OIL CORPORATION,,ESPADA,Local,8/26/2024,CDO,PDOC,Docking / Undocking,Other tug provider,1/1/1900,8/25/2024,RML,,,marketing.officer@malayanmaritime.com,APPROVED,13,,APPROVED,,,,,,,,,,
8/27/2024,8/27/2024,8/27/2024,Viber,"OMS SHIPPING SERVICES & LOGISTICS, INC.",,TAN AN BONANZA,Foreign,8/29/2024,DAVAO,KUDOS,Docking / Undocking,MMSI,1/2/1900,8/27/2024,RML,,,marketing.officer@malayanmaritime.com,APPROVED,14,,APPROVED,,,,,,,,,,
8/29/2024,8/29/2024,8/29/2024,Viber,"OMS SHIPPING SERVICES & LOGISTICS, INC",,TUANG DUNG 36,Foreign,9/5/2024,DAVAO,KUDOS,Docking / Undocking,MMSI,1/2/1900,8/30/2024,RML,,,marketing.officer@malayanmaritime.com,APPROVED,15,,APPROVED,,,,,,,,,,
8/30/2024,8/30/2024,8/30/2024,Viber,JC&V,,MV PEACE GARDEN,Foreign,9/5/2024,DAVAO,TSI,Docking / Undocking,MMSI,1/2/1900,8/30/2024,RML,,,marketing.officer@malayanmaritime.com,APPROVED,16,,APPROVED,,,,,,,,,,
9/1/2024,9/1/2024,9/1/2024,Viber,INSULAR OIL CORPORATION,,MT AVA V316,Local,9/2/2024,DAVAO,IOC,Docking / Undocking,MMSI,1/2/1900,9/2/2024,RML,,,marketing.officer@malayanmaritime.com,APPROVED,17,,APPROVED,,,,,,,,,,
9/1/2024,9/1/2024,9/1/2024,Viber,INSULAR OIL CORPORATION,,MT AVA V316,Local,9/2/2024,DAVAO,IOC,Tending,MMSI,1/1/1900,9/2/2024,RML,,,marketing.officer@malayanmaritime.com,APPROVED,18,,APPROVED,,,,,,,,,,
9/1/2024,9/1/2024,9/1/2024,Viber,INSULAR OIL CORPORATION ,,MT AVA V316,Local,9/2/2024,CPI,DAVAO,Docking / Undocking,MMSI,1/2/1900,9/2/2024,RML,,,marketing.officer@malayanmaritime.com,APPROVED,19,,APPROVED,,,,,,,,,,
9/1/2024,9/1/2024,9/1/2024,SMS,NARRA TANKER CORP,,NTC HERON,Local,9/2/2024,DAVAO,PETRON,Docking / Undocking,MMSI,1/2/1900,9/2/2024,RML,,,mmsi-admin@malayanmaritime.com,APPROVED,20,,APPROVED,,,,,,,,,,
9/2/2024,9/2/2024,9/2/2024,Viber,INSULAR OIL CORPORATION,,MV AVA V317,Local,9/6/2024,DAVAO,IOC,Docking / Undocking,MMSI,1/2/1900,9/2/2024,RML,,,marketing.officer@malayanmaritime.com,APPROVED,21,,APPROVED,,,,,,,,,,
9/2/2024,9/2/2024,9/2/2024,Viber,INSULAR OIL CORPORATION,,MV AVA V317,Local,9/6/2024,DAVAO,IOC,Tending,MMSI,1/1/1900,9/2/2024,RML,,,marketing.officer@malayanmaritime.com,APPROVED,22,,APPROVED,,,,,,,,,,
9/2/2024,9/2/2024,9/2/2024,Viber,INSULAR OIL CORPORATION,,MV AVA V317,Local,9/6/2024,DAVAO,CPI,Docking / Undocking,MMSI,1/2/1900,9/2/2024,RML,,,marketing.officer@malayanmaritime.com,APPROVED,23,,APPROVED,,,,,,,,,,
9/2/2024,9/2/2024,9/2/2024,Viber,INSULAR OIL CORPORATION,,MV AVA V318,Local,9/11/2024,DAVAO,IOC,Docking / Undocking,MMSI,1/2/1900,9/2/2024,RML,,,marketing.officer@malayanmaritime.com,APPROVED,24,,APPROVED,,,,,,,,,,
9/2/2024,9/2/2024,9/2/2024,Viber,INSULAR OIL CORPORATION,,MV AVA V318,Local,9/11/2024,DAVAO,IOC,Tending,MMSI,1/1/1900,9/2/2024,RML,,,marketing.officer@malayanmaritime.com,APPROVED,25,,APPROVED,,,,,,,,,,
9/2/2024,9/2/2024,9/2/2024,Viber,INSULAR OIL CORPORATION,,MV AVA V318,Local,9/11/2024,DAVAO,CPI,Docking / Undocking,MMSI,1/2/1900,9/2/2024,RML,,,marketing.officer@malayanmaritime.com,APPROVED,26,,APPROVED,,,,,,,,,,
9/2/2024,9/2/2024,9/2/2024,Viber,INSULAR OIL CORPORATION,,MV AVA V319,Local,9/14/2024,DAVAO,IOC,Docking / Undocking,MMSI,1/2/1900,9/2/2024,RML,,,marketing.officer@malayanmaritime.com,APPROVED,27,,APPROVED,,,,,,,,,,
9/2/2024,9/2/2024,9/2/2024,Viber,INSULAR OIL CORPORATION,,MV AVA V319,Local,9/14/2024,DAVAO,IOC,Tending,MMSI,1/1/1900,9/2/2024,RML,,,marketing.officer@malayanmaritime.com,APPROVED,28,,APPROVED,,,,,,,,,,
9/2/2024,9/2/2024,9/2/2024,Viber,INSUALR OIL CORPORATION,,MV AVA V319,Local,9/14/2024,DAVAO,CPI,Docking / Undocking,MMSI,1/2/1900,9/2/2024,RML,,,marketing.officer@malayanmaritime.com,APPROVED,29,,APPROVED,,,,,,,,,,
9/2/2024,9/2/2024,9/2/2024,Viber,INSULAR OIL CORPORATION,,MV AVA V320,Local,9/19/2024,DAVAO,IOC,Docking / Undocking,MMSI,1/2/1900,9/2/2024,RML,,,marketing.officer@malayanmaritime.com,APPROVED,30,,APPROVED,,,,,,,,,,
9/2/2024,9/2/2024,9/2/2024,Viber,INSULAR OIL CORPORATION,,MV AVA V320,Local,9/19/2024,DAVAO,IOC,Tending,MMSI,1/1/1900,9/2/2024,RML,,,marketing.officer@malayanmaritime.com,APPROVED,31,,APPROVED,,,,,,,,,,
9/2/2024,9/2/2024,9/2/2024,Viber,INSULAR OIL CORPORATION,,MV AVA V320,Local,9/19/2024,DAVAO,CPI,Docking / Undocking,MMSI,1/2/1900,9/2/2024,RML,,,marketing.officer@malayanmaritime.com,APPROVED,32,,APPROVED,,,,,,,,,,
9/2/2024,9/2/2024,9/2/2024,Viber,INSULAR OIL CORPORATION,,MV AVA V321,Local,9/26/2024,DAVAO,IOC,Docking / Undocking,MMSI,1/2/1900,9/2/2024,RML,,,marketing.officer@malayanmaritime.com,APPROVED,33,,APPROVED,,,,,,,,,,
9/2/2024,9/2/2024,9/2/2024,Viber,INSULAR OIL CORPORATION,,MV AVA V321,Local,9/26/2024,DAVAO,IOC,Tending,MMSI,1/1/1900,9/2/2024,RML,,,marketing.officer@malayanmaritime.com,APPROVED,34,,APPROVED,,,,,,,,,,
9/2/2024,9/2/2024,9/2/2024,Viber,INSULAR OIL CORPORATION,,MV AVA V321,Local,9/26/2024,DAVAO,CPI,Docking / Undocking,MMSI,1/2/1900,9/2/2024,RML,,,marketing.officer@malayanmaritime.com,APPROVED,35,,APPROVED,,,,,,,,,,
9/2/2024,9/2/2024,9/2/2024,Email,"GAC Philippines, Inc",,MT ATLANTIC T,Foreign,9/12/2024,DAVAO,IOC,Docking / Undocking,MMSI,1/3/1900,9/2/2024,RML,,,marketing.officer@malayanmaritime.com,APPROVED,36,,APPROVED,,,,,,,,,,
9/3/2024,9/3/2024,9/3/2024,Email,"HONOR MERIT PHILIPPINES, INC",,LPG/C VIS,Foreign,9/6/2024,BOHOL,PRYCE GAS,Docking / Undocking,MMSI,1/1/1900,9/4/2024,RML,,,marketing.officer@malayanmaritime.com,APPROVED,37,,APPROVED,,,,,,,,,,
9/5/2024,9/5/2024,9/5/2024,Viber,NARRA TANKERS,,NTC HARIBON,Foreign,9/8/2024,DAVAO,PETRON,Docking / Undocking,MMSI,1/2/1900,9/6/2024,RML,,,marketing.officer@malayanmaritime.com,APPROVED,38,,APPROVED,,,,,,,,,,
9/6/2024,9/6/2024,9/6/2024,Email,SMITHBELL,,MV KEN RYU,Foreign,9/10/2024,DAVAO,HOLCIM,Docking / Undocking,MMSI,1/2/1900,9/6/2024,RML,,,mmsi-admin@malayanmaritime.com,APPROVED,39,,APPROVED,,,,,,,,,,
9/7/2024,9/7/2024,9/7/2024,Call,INSULAR OIL CORPORATION,,ESPADA,Local,9/7/2024,DAVAO,IOC,Docking / Undocking,MMSI,1/2/1900,9/8/2024,RML,,,marketing.officer@malayanmaritime.com,APPROVED,40,,APPROVED,,,,,,,,,,
9/7/2024,9/7/2024,9/7/2024,Call,INSULAR OIL CORPORATION,,ESPADA,Local,9/7/2024,DAVAO,IOC,Tending,MMSI,1/1/1900,9/8/2024,RML,,,marketing.officer@malayanmaritime.com,APPROVED,41,,APPROVED,,,,,,,,,,
9/8/2024,9/8/2024,9/8/2024,Call,SMC SHIPPING AND LIGHTERAGE CORP,,SL MOLAVE,Local,9/11/2024,DAVAO,PETRON,Docking / Undocking,MMSI,1/2/1900,9/8/2024,RML,,,mmsi-admin@malayanmaritime.com,APPROVED,42,,APPROVED,,,,,,,,,,
9/9/2024,9/9/2024,9/9/2024,Viber,"OMS SHIPPING SERVICES & LOGISTICS, INC.",,DONG AN,Foreign,9/14/2024,DAVAO,KUDOS,Docking / Undocking,MMSI,1/2/1900,9/9/2024,RML,,,marketing.officer@malayanmaritime.com,APPROVED,43,,APPROVED,,,,,,,,,,
9/10/2024,9/10/2024,9/10/2024,Email,FOUR DRAGONS SHIPPING SERVICES,,MT FPMC 25 VOY.3,Foreign,9/13/2024,SUBIC,PPC,Docking / Undocking,Other tug provider,1/3/1900,9/10/2024,RML,,,marketing.officer@malayanmaritime.com,APPROVED,44,,APPROVED,,,,,,,,,,
9/10/2024,9/10/2024,9/10/2024,Email,FOUR DRAGONS SHIPPING SERVICES,,MT FPMC  25 VOY.3,Foreign,9/14/2024,SARIAYA,AHI,Docking / Undocking,Other tug provider,1/2/1900,9/10/2024,RML,,,marketing.officer@malayanmaritime.com,APPROVED,45,,APPROVED,,,,,,,,,,
9/10/2024,9/10/2024,9/10/2024,Viber,SITE RESOURCES DEVELOPMENT CORPORATION,,MT MALINGAP,Local,9/17/2024,CEBU,LAPU-LAPU,Docking / Undocking,MMSI,1/2/1900,9/10/2024,RML,,,marketing.officer@malayanmaritime.com,APPROVED,46,,APPROVED,,,,,,,,,,
9/10/2024,9/10/2024,9/10/2024,Viber,SITE RESOURCES DEVELOPMENT CORPORATION,,MT MALINGAP,Local,9/22/2024,CEBU,LAPU-LAPU,Docking / Undocking,MMSI,1/2/1900,9/10/2024,RML,,,marketing.officer@malayanmaritime.com,APPROVED,47,,APPROVED,,,,,,,,,,
9/10/2024,9/10/2024,9/10/2024,Viber,SITE RESOURCES DEVELOPMENT CORPORATION,,MT PANGLAO 1,Local,9/12/2024,JIMENEZ,SRDC JIMENEZ,Docking / Undocking,MMSI/T20,1/1/1900,9/10/2024,RML,,,marketing.officer@malayanmaritime.com,APPROVED,48,,APPROVED,,,,,,,,,,
9/10/2024,9/10/2024,9/10/2024,Viber,SITE RESOURCES DEVELOPMENT CORPORATION,,MT PANGLAO,Local,9/21/2024,JIMENEZ,SRDC JIMENEZ,Docking / Undocking,MMSI/T20,1/1/1900,9/10/2024,RML,,,marketing.officer@malayanmaritime.com,APPROVED,49,,APPROVED,,,,,,,,,,
9/12/2024,9/12/2024,9/12/2024,Call,BEN LINE AGENCIES PHILS INC.,,MV SHUN XIN HE XIE,Foreign,9/12/2024,DAVAO,SIDC,Docking / Undocking,MMSI,1/1/1900,9/12/2024,RML,,,marketing.officer@malayanmaritime.com,APPROVED,50,,APPROVED,,,,,,,,,,
9/12/2024,9/12/2024,9/12/2024,Call,LORENZO SHIPPING CORPORATION,,LORCON GENERAL SANTOS,Local,9/13/2024,DAVAO,SASA,Docking / Undocking,MMSI,1/2/1900,9/12/2024,RML,,,marketing.officer@malayanmaritime.com,APPROVED,51,,APPROVED,,,,,,,,,,
9/12/2024,9/12/2024,9/12/2024,Call,"GAC PHILIPPINES, INC",,MV HUNAN,Foreign,9/12/2024,DAVAO,SASA,Docking / Undocking,MMSI,1/3/1900,9/12/2024,RML,,,marketing.officer@malayanmaritime.com,APPROVED,52,,APPROVED,,,,,,,,,,
9/14/2024,9/14/2024,9/14/2024,Email,"GAC PHILIPPINES, INC",,MT JAG PUSHPA,Foreign,9/19/2024,DAVAO,IOC,Docking / Undocking,MMSI,1/2/1900,9/15/2024,RML,,,marketing.officer@malayanmaritime.com,APPROVED,53,,APPROVED,,,,,,,,,,
9/17/2024,9/17/2024,9/17/2024,Call,"GAC PHILIPPINES, INC",,ZHONG WANG KE DA,Foreign,9/17/2024,DAVAO,SASA,Docking / Undocking,MMSI,1/2/1900,9/15/2024,RML,,,marketing.officer@malayanmaritime.com,APPROVED,54,,APPROVED,,,,,,,,,,
9/17/2024,9/17/2024,9/17/2024,Viber,SITE RESOURCES DEVELOPMENT CORPORATION,,Cally,Foreign,9/15/2024,BATANGAS,SRDC BATANGAS,Docking / Undocking,MMSI,1/1/1900,9/17/2024,RML,,,marketing.officer@malayanmaritime.com,APPROVED,55,,APPROVED,0309,,,,,,,,,
9/17/2024,9/17/2024,9/17/2024,Viber,INSULAR OIL CORPORATION,,ESPADA,Local,9/17/2024,DAVAO,IOC,Docking / Undocking,MMSI,1/2/1900,9/19/2024,RML,,,marketing.officer@malayanmaritime.com,APPROVED,56,,APPROVED,,,,,,,,,,
9/17/2024,9/17/2024,9/17/2024,Call,BEN LINE AGENCIES PHILS INC.,,QIAN CHI,Foreign,9/19/2024,CDO,PDOC,Docking / Undocking,Other tug provider,1/2/1900,9/19/2024,RML,,,marketing.officer@malayanmaritime.com,APPROVED,57,,APPROVED,,,,,,,,,,
9/17/2024,9/17/2024,9/17/2024,Viber,INSULAR OIL CORPORATION,,CHELSEA ENDURANCE,Local,9/19/2024,CEBU,PITALO,Docking / Undocking,MMSI,1/2/1900,9/19/2024,RML,,,marketing.officer@malayanmaritime.com,APPROVED,58,,APPROVED,,,,,,,,,,
9/18/2024,9/18/2024,9/18/2024,Viber,BEN LINE AGENCIES PHILS INC.,,MV SHUN XIN HE XIE,Foreign,9/18/2024,DAVAO,SIDC,Docking / Undocking,MMSI,1/1/1900,9/19/2024,RML,,,marketing.officer@malayanmaritime.com,APPROVED,59,,APPROVED,,,,,,,,,,
9/20/2024,9/20/2024,9/20/2024,Viber,INSULAR OIL CORPORATION,,AVA V322,Local,9/25/2024,DAVAO,IOC,Docking / Undocking,MMSI,1/2/1900,9/20/2024,RML,,,marketing.officer@malayanmaritime.com,APPROVED,60,,APPROVED,0009,,,,,,,,,
9/20/2024,9/20/2024,9/20/2024,Viber,INSULAR OIL CORPORATION,,AVA V323,Local,9/20/2024,DAVAO,IOC,Docking / Undocking,MMSI,1/2/1900,9/20/2024,RML,,,marketing.officer@malayanmaritime.com,APPROVED,61,,APPROVED,0009,,,,,,,,,
9/20/2024,9/20/2024,9/20/2024,Viber,INSULAR OIL CORPORATION,,AVA V324,Local,10/3/2024,DAVAO,IOC,Docking / Undocking,MMSI,1/2/1900,9/20/2024,RML,,,marketing.officer@malayanmaritime.com,APPROVED,62,,APPROVED,0009,,,,,,,,,
9/20/2024,9/20/2024,9/20/2024,Viber,INSULAR OIL CORPORATION,,AVA V322,Local,9/25/2024,DAVAO,CHEVRON,Docking / Undocking,MMSI,1/2/1900,9/20/2024,RML,,,marketing.officer@malayanmaritime.com,APPROVED,63,,APPROVED,0009,,,,,,,,,
9/20/2024,9/20/2024,9/20/2024,Viber,INSULAR OIL CORPORATION,,AVA V322,Local,9/25/2024,DAVAO,IOC,Tending,MMSI,1/1/1900,9/20/2024,RML,,,marketing.officer@malayanmaritime.com,APPROVED,64,,APPROVED,0009,,,,,,,,,
9/20/2024,9/20/2024,9/20/2024,Viber,INSULAR OIL CORPORATION,,AVA V323,Local,9/28/2024,DAVAO,CHEVRON,Docking / Undocking,MMSI,1/2/1900,9/20/2024,RML,,,marketing.officer@malayanmaritime.com,APPROVED,65,,APPROVED,0009,,,,,,,,,
9/20/2024,9/20/2024,9/20/2024,Viber,INSULAR OIL CORPORATION,,AVA V323,Local,9/28/2024,DAVAO,IOC,Tending,MMSI,1/1/1900,9/20/2024,RML,,,marketing.officer@malayanmaritime.com,APPROVED,66,,APPROVED,0009,,,,,,,,,
9/20/2024,9/20/2024,9/20/2024,Viber,INSULAR OIL CORPORATION,,AVA V324,Local,10/3/2024,DAVAO,CHEVRON,Docking / Undocking,MMSI,1/2/1900,9/20/2024,RML,,,marketing.officer@malayanmaritime.com,APPROVED,67,,APPROVED,0009,,,,,,,,,
9/20/2024,9/20/2024,9/20/2024,Viber,INSULAR OIL CORPORATION,,AVA V324,Local,10/3/2024,DAVAO,IOC,Tending,MMSI,1/1/1900,9/20/2024,RML,,,marketing.officer@malayanmaritime.com,APPROVED,68,,APPROVED,0009,,,,,,,,,
9/20/2024,9/20/2024,9/20/2024,Viber,SITE RESOURCES DEVELOPMENT CORPORATION,,MARINGAL V283,Local,9/21/2024,CEBU,LAPU-LAPU,Docking / Undocking,MMSI,1/2/1900,9/20/2024,RML,,,marketing.officer@malayanmaritime.com,APPROVED,69,,APPROVED,,,,,,,,,,
9/20/2024,9/20/2024,9/20/2024,Viber,SITE RESOURCES DEVELOPMENT CORPORATION,,MARINGAL V284,Local,9/26/2024,CEBU,LAPU-LAPU,Docking / Undocking,MMSI,1/2/1900,9/20/2024,RML,,,marketing.officer@malayanmaritime.com,APPROVED,70,,APPROVED,,,,,,,,,,
9/20/2024,9/20/2024,9/20/2024,Viber,SITE RESOURCES DEVELOPMENT CORPORATION,,MARINGAL V358,Local,9/30/2024,CEBU,LAPU-LAPU,Docking / Undocking,MMSI,1/2/1900,9/20/2024,RML,,,marketing.officer@malayanmaritime.com,APPROVED,71,,APPROVED,,,,,,,,,,
9/20/2024,9/20/2024,9/20/2024,Viber,SITE RESOURCES DEVELOPMENT CORPORATION,,PANGLAO V874,Local,9/22/2024,JIMENEZ,SRDC JIMENEZ,Docking / Undocking,MMSI/T20,1/1/1900,9/20/2024,RML,,,marketing.officer@malayanmaritime.com,APPROVED,72,,APPROVED,,,,,,,,,,
9/20/2024,9/20/2024,9/20/2024,Viber,SITE RESOURCES DEVELOPMENT CORPORATION,,PANGLAO V875,Local,10/1/2024,JIMENEZ,SRDC JIMENEZ,Docking / Undocking,MMSI/T20,1/1/1900,9/20/2024,RML,,,marketing.officer@malayanmaritime.com,APPROVED,73,,APPROVED,,,,,,,,,,
9/21/2024,9/21/2024,9/21/2024,Viber,INSULAR OIL CORPORATION,,ERNESTO UNO,Local,9/25/2024,DAVAO,IOC,Docking / Undocking,MMSI,1/2/1900,9/21/2024,RML,,,marketing.officer@malayanmaritime.com,APPROVED,74,,APPROVED,,,,,,,,,,
9/21/2024,9/21/2024,9/21/2024,Viber,INSULAR OIL CORPORATION,,ERNESTO UNO,Local,9/21/2024,DAVAO,IOC,Tending,MMSI,1/1/1900,9/21/2024,RML,,,marketing.officer@malayanmaritime.com,APPROVED,75,,APPROVED,,,,,,,,,,
9/21/2024,9/21/2024,9/21/2024,Viber,"PACIFICROSE SHIPPING SERVICES, INC.",,KOBE PIONEER,Foreign,9/22/2024,JIMENEZ,TMOMI,Docking / Undocking,MMSI/T20,1/1/1900,9/21/2024,RML,,,marketing.officer@malayanmaritime.com,APPROVED,76,,APPROVED,,,,,,,,,,
9/21/2024,9/21/2024,9/21/2024,Viber,"PACIFICROSE SHIPPING SERVICES, INC.",,TSURUGI GALAXY,Foreign,9/24/2024,JIMENEZ,TMOMI,Docking / Undocking,MMSI/T20,1/1/1900,9/21/2024,RML,,,marketing.officer@malayanmaritime.com,APPROVED,77,,APPROVED,,,,,,,,,,
9/22/2024,9/22/2024,9/22/2024,SMS,NARRA TANKER CORP,,NTC FLAMINGO,Local,9/25/2024,DAVAO,PETRON,Docking / Undocking,MMSI,1/2/1900,9/23/2024,RML,,,mmsi-admin@malayanmaritime.com,APPROVED,78,,APPROVED,,,,,,,,,,
9/23/2024,9/23/2024,9/23/2024,Call,SMC SHIPPING AND LIGHTERAGE CORP,,SL MOLAVE,Local,9/26/2024,DAVAO,PETRON,Docking / Undocking,MMSI,1/2/1900,9/23/2024,RML,,,mmsi-admin@malayanmaritime.com,APPROVED,80,,APPROVED,,,,,,,,,,
9/25/2024,9/25/2024,9/25/2024,Viber,INSULAR OIL CORPORATION,,AVA V325,Local,10/7/2024,DAVAO,IOC,Docking / Undocking,MMSI,1/2/1900,9/25/2024,RML,,,marketing.officer@malayanmaritime.com,APPROVED,81,,APPROVED,0009,,,,,,,,,
9/25/2024,9/25/2024,9/25/2024,Viber,INSULAR OIL CORPORATION,,AVA V325,Local,10/7/2024,DAVAO,IOC,Tending,MMSI,1/1/1900,9/25/2024,RML,,,marketing.officer@malayanmaritime.com,APPROVED,82,,APPROVED,0009,,,,,,,,,
9/25/2024,9/25/2024,9/25/2024,Viber,  SITE RESOURCES DEVELOPMENT CORPORATION,,MARINGAL 2 V285,Local,10/5/2024,BATANGAS,SRDC BATANGAS,Docking / Undocking,MMSI,1/2/1900,9/25/2024,RML,,,marketing.officer@malayanmaritime.com,APPROVED,83,,APPROVED,,,,,,,,,,
9/25/2024,9/25/2024,9/25/2024,Viber,  SITE RESOURCES DEVELOPMENT CORPORATION,,MALINGAP V357,Local,9/28/2024,CEBU,LAPU-LAPU,Docking / Undocking,MMSI,1/2/1900,9/25/2024,RML,,,marketing.officer@malayanmaritime.com,APPROVED,84,,APPROVED,,,,,,,,,,
9/25/2024,9/25/2024,9/25/2024,Viber,  SITE RESOURCES DEVELOPMENT CORPORATION,,PANGLAO V876,Local,10/1/2024,CEBU,LAPU-LAPU,Docking / Undocking,MMSI,1/2/1900,9/25/2024,RML,,,marketing.officer@malayanmaritime.com,APPROVED,85,,APPROVED,,,,,,,,,,
9/25/2024,9/25/2024,9/25/2024,Viber,  SITE RESOURCES DEVELOPMENT CORPORATION,,MARINGAL 1 V285,Local,10/2/2024,CEBU,LAPU-LAPU,Docking / Undocking,MMSI,1/2/1900,9/25/2024,RML,,,marketing.officer@malayanmaritime.com,APPROVED,86,,APPROVED,,,,,,,,,,
9/25/2024,9/25/2024,9/25/2024,Viber,  SITE RESOURCES DEVELOPMENT CORPORATION,,PANGLAO 3 V877,Local,10/9/2024,JIMENEZ,SRDC JIMENEZ,Docking / Undocking,MMSI/T20,1/1/1900,9/25/2024,RML,,,marketing.officer@malayanmaritime.com,APPROVED,87,,APPROVED,,,,,,,,,,
9/25/2024,9/25/2024,9/25/2024,SMS,SMC SHIPPING AND LIGHTERAGE CORP,,SL TINDALO,Local,9/26/2024,DAVAO,PETRON,Docking / Undocking,MMSI,1/2/1900,9/25/2024,RML,,,mmsiadmin@malayanmaritime.com,APPROVED,88,,APPROVED,,,,,,,,,,
9/26/2024,9/26/2024,9/26/2024,Viber,PHILIPPINE TRANSWORLD SHIPPING CORPORATION,,PRINCESS SANGO V066,Foreign,10/1/2024,BATANGAS,BBTI,Docking / Undocking,MMSI,1/2/1900,9/26/2024,RML,,,marketing.officer@malayanmaritime.com,APPROVED,89,,APPROVED,,,,,,,,,,
9/26/2024,9/26/2024,9/26/2024,Viber,"SEADOVE MARITIME SERVICES, INC",,Esmeralda,Local,10/1/2024,CEBU,NAGA,Docking / Undocking,MMSI,1/2/1900,9/26/2024,RML,,,marketing.officer@malayanmaritime.com,PENDING,90,Will be changed to MT Hong Tai,PENDING,,,,,,,,,,
9/27/2024,9/27/2024,9/29/2024,SMS,LORENZO SHIPPING CORP,,RASALAS,Local,9/30/2024,DAVAO,SASA,Docking / Undocking,MMSI,1/2/1900,9/27/2024,RML,,,marketing.officer@malayanmaritime.com,APPROVED,91,,APPROVED,,,,,,,,,,
9/30/2024,9/30/2024,9/30/2024,Email,FOUR DRAGONS SHIPPING SERVICES,,MT LARGO CALIFORNIA V36,Foreign,10/3/2024,SARIAYA,AHI,Docking / Undocking,Other tug provider,1/2/1900,9/30/2024,RML,,,marketing.officer@malayanmaritime.com,APPROVED,92,,APPROVED,,,,,,,,,,
9/30/2024,9/30/2024,9/30/2024,Email,FOUR DRAGONS SHIPPING SERVICES,,MT LARGO CALIFORNIA V36,Foreign,10/4/2024,SUBIC,PPC,Docking / Undocking,Other tug provider,1/3/1900,9/30/2024,RML,,,marketing.officer@malayanmaritime.com,APPROVED,93,,APPROVED,,,,,,,,,,
10/1/2024,10/1/2024,10/1/2024,Call,SMC SHIPPING AND LIGHTERAGE CORP,,SL TINDALO,Local,10/5/2024,DAVAO,PETRON,Docking / Undocking,MMSI,1/2/1900,10/1/2024,RML,,,mmsi-admin@malayanmaritime.com,APPROVED,94,,APPROVED,,,,,,,,,,
10/1/2024,10/1/2024,10/1/2024,Call,SMC SHIPPING AND LIGHTERAGE CORP,,SL MOLAVE,Local,10/6/2024,DAVAO,PETRON,Docking / Undocking,MMSI,1/2/1900,10/1/2024,RML,,,mmsi-admin@malayanmaritime.com,APPROVED,95,,APPROVED,,,,,,,,,,
10/1/2024,10/1/2024,10/1/2024,Viber,"GAC PHILIPPINES, INC",,RICH RAINBOW,Foreign,10/4/2024,DAVAO,IOC,Docking / Undocking,MMSI,1/2/1900,10/1/2024,RML,,,marketing.officer@malayanmaritime.com,APPROVED,96,,APPROVED,,,,,,,,,,
10/1/2024,10/1/2024,10/1/2024,Viber,BENLINE AGENCES PHILS,,ARIES SAKURA,Foreign,10/14/2024,DAVAO,SASA,Docking / Undocking,MMSI,1/2/1900,10/1/2024,RML,,,marketing.officer@malayanmaritime.com,APPROVED,97,,APPROVED,401,,,,,,,,,
10/1/2024,10/1/2024,10/1/2024,Viber,"  SEADOVE MARITIME SERVICES, INC",,LPG/C HONG TAI,Foreign,10/7/2024,CEBU,NAGA,Docking / Undocking,MMSI,1/2/1900,10/1/2024,RML,,,marketing.officer@malayanmaritime.com,APPROVED,98,,APPROVED,,,,,,,,,,
10/1/2024,10/1/2024,10/1/2024,Viber,"  SEADOVE MARITIME SERVICES, INC",,LPG/C HONG TAI,Foreign,10/16/2024,CEBU,NAGA,Docking / Undocking,MMSI,1/2/1900,10/1/2024,RML,,,marketing.officer@malayanmaritime.com,APPROVED,99,,APPROVED,,,,,,,,,,
10/1/2024,10/1/2024,10/1/2024,Viber,"  SEADOVE MARITIME SERVICES, INC",,LPG/C HONG TAI,Foreign,10/25/2024,CEBU,NAGA,Docking / Undocking,MMSI,1/2/1900,10/1/2024,RML,,,marketing.officer@malayanmaritime.com,APPROVED,100,,APPROVED,,,,,,,,,,
10/2/2024,10/2/2024,10/2/2024,Email,FOUR DRAGONS SHIPPING SERVICES,,EASTERLY BIRDIE,Foreign,10/9/2024,DAVAO,IOC,Docking / Undocking,MMSI,1/3/1900,10/2/2024,RML,,,marketing.officer@malayanmaritime.com,APPROVED,101,,APPROVED,,,,,,,,,,
10/2/2024,10/2/2024,10/2/2024,Email,FOUR DRAGONS SHIPPING SERVICES,,EASTERLY BIRDIE,Foreign,10/9/2024,DAVAO,IOC,Tending,MMSI,1/2/1900,10/2/2024,RML,,,marketing.officer@malayanmaritime.com,APPROVED,102,,APPROVED,,,,,,,,,,
10/2/2024,10/2/2024,10/2/2024,Email,FOUR DRAGONS SHIPPING SERVICES,,CARONI PLAIN,Foreign,10/9/2024,DAVAO,IOC,Docking / Undocking,MMSI,1/3/1900,10/2/2024,RML,,,marketing.officer@malayanmaritime.com,APPROVED,103,,APPROVED,0396,,,,,,,,,
10/2/2024,10/2/2024,10/2/2024,Email,FOUR DRAGONS SHIPPING SERVICES,,CARONI PLAIN,Foreign,10/9/2024,DAVAO,IOC,Tending,MMSI,1/2/1900,10/2/2024,RML,,,marketing.officer@malayanmaritime.com,APPROVED,104,,APPROVED,0396,,,,,,,,,
10/2/2024,10/2/2024,10/2/2024,Viber,"GAC PHILIPPINES, INC",,SEAWAYS LONSDALE,Foreign,10/5/2024,CDO,PDOC,Docking / Undocking,Other tug provider,1/3/1900,10/2/2024,RML,,,marketing.officer@malayanmaritime.com,APPROVED,105,,APPROVED,,,,,,,,,,
10/2/2024,10/2/2024,10/2/2024,Viber,"GAC PHILIPPINES, INC",,SEAWAYS LONSDALE,Foreign,10/10/2024,LEYTE,VISPET,Docking / Undocking,Other tug provider,1/3/1900,10/2/2024,RML,,,marketing.officer@malayanmaritime.com,APPROVED,106,,APPROVED,,,,,,,,,,
10/3/2024,10/3/2024,10/3/2024,Email,FOUR DRAGONS SHIPPING SERVICES,,QUI CHI V.2416,Foreign,10/8/2024,SUBIC,PPC & PCSPC PIER,Docking / Undocking,Other tug provider,1/3/1900,10/3/2024,RML,,,marketing.officer@malayanmaritime.com,APPROVED,107,,APPROVED,,,,,,,,,,
10/3/2024,10/3/2024,10/3/2024,Viber,INSULAR OIL CORPORATION,,ESPADA V99,Local,10/4/2024,DAVAO,IOC,Docking / Undocking,MMSI,1/2/1900,10/3/2024,RML,,,marketing.officer@malayanmaritime.com,APPROVED,108,,APPROVED,,,,,,,,,,
10/3/2024,10/3/2024,10/3/2024,Viber,INSULAR OIL CORPORATION,,ESPADA V99,Local,10/4/2024,DAVAO,IOC,Tending,MMSI,1/1/1900,10/3/2024,RML,,,marketing.officer@malayanmaritime.com,APPROVED,109,,APPROVED,,,,,,,,,,
10/3/2024,10/3/2024,10/3/2024,Viber,INSULAR OIL CORPORATION,,ESPADA V100,Local,10/7/2024,DAVAO,IOC,Docking / Undocking,MMSI,1/2/1900,10/3/2024,RML,,,marketing.officer@malayanmaritime.com,APPROVED,110,,APPROVED,,,,,,,,,,
10/3/2024,10/3/2024,10/3/2024,Viber,INSULAR OIL CORPORATION,,ESPADA V100,Local,10/7/2024,DAVAO,IOC,Tending,MMSI,1/1/1900,10/3/2024,RML,,,marketing.officer@malayanmaritime.com,APPROVED,111,,APPROVED,,,,,,,,,,
10/3/2024,10/3/2024,10/3/2024,Viber,INSULAR OIL CORPORATION,,ESPADA V101,Local,10/15/2024,DAVAO,IOC,Docking / Undocking,MMSI,1/2/1900,10/3/2024,RML,,,marketing.officer@malayanmaritime.com,APPROVED,112,,APPROVED,,,,,,,,,,
10/3/2024,10/3/2024,10/3/2024,Viber,INSULAR OIL CORPORATION,,ESPADA V101,Local,10/15/2024,DAVAO,IOC,Tending,MMSI,1/1/1900,10/3/2024,RML,,,marketing.officer@malayanmaritime.com,APPROVED,113,,APPROVED,,,,,,,,,,
10/3/2024,10/3/2024,10/3/2024,Viber,INSULAR OIL CORPORATION,,ESPADA V102,Local,10/25/2024,DAVAO,IOC,Docking / Undocking,MMSI,1/2/1900,10/3/2024,RML,,,marketing.officer@malayanmaritime.com,APPROVED,114,,APPROVED,,,,,,,,,,
10/3/2024,10/3/2024,10/3/2024,Viber,INSULAR OIL CORPORATION,,ESPADA V102,Local,10/25/2024,DAVAO,IOC,Tending,MMSI,1/1/1900,10/3/2024,RML,,,marketing.officer@malayanmaritime.com,APPROVED,115,,APPROVED,,,,,,,,,,
10/3/2024,10/3/2024,10/3/2024,Viber,MAR-SHIPS AGENCY INC,,THERESA EMPAT,Foreign,10/8/2024,DAVAO,NDOM,Docking / Undocking,MMSI,1/3/1900,10/3/2024,RML,,,marketing.officer@malayanmaritime.com,APPROVED,116,,APPROVED,,,,,,,,,,
10/3/2024,10/3/2024,10/3/2024,Call,HERMA SHIPPING AND TRANSPORT CORPORATION,,MATIPUNO,Local,10/3/2024,BATANGAS,PETRON MABINI,Docking / Undocking,MMSI,1/1/1900,10/3/2024,RML,,,marketing.officer@malayanmaritime.com,APPROVED,117,,APPROVED,,,,,,,,,,
10/3/2024,10/3/2024,10/3/2024,Viber,"OMS SHIPPING SERVICES & LOGISTICS, INC.",,HOA BINH 09,Foreign,10/7/2024,DAVAO,KUDOS,Docking / Undocking,MMSI,1/2/1900,10/3/2024,RML,,,marketing.officer@malayanmaritime.com,APPROVED,118,,APPROVED,,,,,,,,,,
10/3/2024,10/3/2024,10/3/2024,Viber,"OMS SHIPPING SERVICES & LOGISTICS, INC.",,OCEAN 86,Foreign,10/10/2024,DAVAO,KUDOS,Docking / Undocking,MMSI,1/2/1900,10/3/2024,RML,,,marketing.officer@malayanmaritime.com,APPROVED,119,,APPROVED,,,,,,,,,,
10/5/2024,10/5/2024,10/5/2024,Call,INSULAR OIL CORPORATION,,ESPADA,Local,10/5/2024,DAVAO,PHOENIX,Docking / Undocking,MMSI,1/2/1900,10/5/2024,RML,,,marketing.officer@malayanmaritime.com,APPROVED,120,,APPROVED,,,,,,,,,,
10/8/2024,10/8/2024,10/8/2024,Viber,"OMS SHIPPING SERVICES & LOGISTICS, INC.",,VINH QUANG STAR,Foreign,10/15/2024,DAVAO,KUDOS,Docking / Undocking,MMSI,1/2/1900,10/8/2024,RML,,,marketing.officer@malayanmaritime.com,APPROVED,121,,APPROVED,,,,,,,,,,
10/8/2024,10/8/2024,10/8/2024,Viber,"OMS SHIPPING SERVICES & LOGISTICS, INC.",,AN THINH PHU 08,Foreign,10/15/2024,DAVAO,KUDOS,Docking / Undocking,MMSI,1/2/1900,10/8/2024,RML,,,marketing.officer@malayanmaritime.com,APPROVED,122,,APPROVED,0287,,,,,,,,,
10/8/2024,10/8/2024,10/8/2024,Viber,BEN LINE AGENCIES PHILS INC.,,CHANG HANG ZI JIN,Foreign,9/29/2024,LEYTE,VISPET,Docking / Undocking,Other tug provider,1/3/1900,10/9/2024,RML,,,marketing.officer@malayanmaritime.com,APPROVED,123,,APPROVED,0391,,,,,,,,,
10/8/2024,10/8/2024,10/8/2024,Call,FULLSTEAM SHIPPING,,OCEAN STAR,Foreign,10/9/2024,DAVAO,HOLCIM,Docking / Undocking,MMSI,1/2/1900,10/9/2024,RML,,,mmsi-admin@malayanmaritime.com,APPROVED,124,,APPROVED,,,,,,,,,,
10/9/2024,10/9/2024,10/9/2024,Email,WINDBAY SHIPPING AND LOGISTICS INC,,ANGEL STAR,Foreign,10/11/2024,CDO,PETRO DE ORO,Docking / Undocking,Other tug provider,1/3/1900,10/9/2024,RML,,,marketing.officer@malayanmaritime.com,APPROVED,125,,APPROVED,0400,,,,,,,,,
10/9/2024,10/9/2024,10/9/2024,Email,WINDBAY SHIPPING AND LOGISTICS INC,,ANGEL STAR,Foreign,10/11/2024,CDO,PETRO DE ORO,Tending,Other tug provider,1/2/1900,10/9/2024,RML,,,marketing.officer@malayanmaritime.com,APPROVED,126,,APPROVED,0400,,,,,,,,,
10/10/2024,10/10/2024,10/10/2024,Viber,PHIL-CEB MARINE SERVICES INC.,,SHUN TONG,Foreign,10/17/2024,DAVAO,TSI,Docking / Undocking,MMSI,1/2/1900,10/10/2024,RML,,,marketing.officer@malayanmaritime.com,APPROVED,127,,APPROVED,,,,,,,,,,
10/10/2024,10/10/2024,10/10/2024,Email,WINDBAY SHIPPING AND LOGISTICS INC,,ANGEL STAR,Foreign,10/14/2024,SUBIC,PPC,Docking / Undocking,Other tug provider,1/2/1900,10/10/2024,RML,,,marketing.officer@malayanmaritime.com,APPROVED,128,,APPROVED,0400,,,,,,,,,
10/11/2024,10/11/2024,10/11/2024,SMS,NARRA TANKER CORP,,NTC HARIBON,Local,10/15/2024,DAVAO,PETRON,Docking / Undocking,MMSI,1/2/1900,10/12/2024,RML,,,mmsi-admin@malayanmaritime.com,APPROVED,129,,APPROVED,,,,,,,,,,
10/11/2024,10/11/2024,10/11/2024,Viber,INSUALR OIL CORPORATION,,AVA V327,Local,10/13/2024,DAVAO,CPI,Docking / Undocking,MMSI,1/2/1900,10/12/2024,RML,,,marketing.officer@malayanmaritime.com,APPROVED,130,,APPROVED,0009,,,,,,,,,
10/11/2024,10/11/2024,10/11/2024,Viber,INSUALR OIL CORPORATION,,AVA V328,Local,10/16/2024,DAVAO,CPI,Docking / Undocking,MMSI,1/2/1900,10/12/2024,RML,,,marketing.officer@malayanmaritime.com,APPROVED,131,,APPROVED,0009,,,,,,,,,
10/11/2024,10/11/2024,10/11/2024,Viber,INSUALR OIL CORPORATION,,AVA V329,Local,10/21/2024,DAVAO,CPI,Docking / Undocking,MMSI,1/2/1900,10/12/2024,RML,,,marketing.officer@malayanmaritime.com,APPROVED,132,,APPROVED,0009,,,,,,,,,
10/11/2024,10/11/2024,10/11/2024,Viber,INSUALR OIL CORPORATION,,AVA V330,Local,10/25/2024,DAVAO,CPI,Docking / Undocking,MMSI,1/2/1900,10/12/2024,RML,,,marketing.officer@malayanmaritime.com,APPROVED,133,,APPROVED,0009,,,,,,,,,
10/11/2024,10/11/2024,10/11/2024,Viber,INSUALR OIL CORPORATION,,AVA V326,Local,10/5/2024,DAVAO,CPI,Docking / Undocking,MMSI,1/2/1900,10/12/2024,RML,,,marketing.officer@malayanmaritime.com,APPROVED,134,,APPROVED,0009,,,,,,,,,
10/11/2024,10/11/2024,10/11/2024,Viber,NARRA TANKER CORP,,NTC HARIBON,Local,10/15/2024,DAVAO,PETRON,Docking / Undocking,MMSI,1/2/1900,10/12/2024,RML,,,marketing.officer@malayanmaritime.com,APPROVED,135,,APPROVED,,,,,,,,,,
10/11/2024,10/11/2024,10/11/2024,Viber,  SITE RESOURCES DEVELOPMENT CORPORATION,,MARINGAL V286,Local,10/15/2024,CEBU,LAPU-LAPU,Docking / Undocking,MMSI,1/2/1900,10/12/2024,RML,,,marketing.officer@malayanmaritime.com,APPROVED,136,,APPROVED,,,,,,,,,,
10/11/2024,10/11/2024,10/11/2024,Viber,  SITE RESOURCES DEVELOPMENT CORPORATION,,PANGLAO V878,Local,10/18/2024,JIMENEZ,SRDC JIMENEZ,Docking / Undocking,MMSI,1/2/1900,10/12/2024,RML,,,marketing.officer@malayanmaritime.com,APPROVED,137,,APPROVED,,,,,,,,,,
10/12/2024,10/12/2024,10/12/2024,Viber,"OMS SHIPPING SERVICES & LOGISTICS, INC",,TUAN DUNG 36,Foreign,10/18/2024,DAVAO,KUDOS,Docking / Undocking,MMSI,1/2/1900,10/12/2024,RML,,,marketing.officer@malayanmaritime.com,APPROVED,138,,APPROVED,,,,,,,,,,
10/12/2024,10/12/2024,10/12/2024,Viber,INSULAR OIL CORPORATION,,CHELSEA ENDURANCE,Local,10/10/2024,CEBU,PITALO,Docking / Undocking,MMSI,1/2/1900,10/12/2024,RML,,,marketing.officer@malayanmaritime.com,APPROVED,139,,APPROVED,,,,,,,,,,
10/12/2024,10/12/2024,10/12/2024,Viber,MARSHIPS,,MT OTTOMANA,Foreign,10/24/2024,DAVAO,DBCOM,Docking / Undocking,MMSI,1/2/1900,10/12/2024,RML,,,mmsi-admin@malayanmaritime.com,APPROVED,140,,APPROVED,,,,,,,,,,
10/14/2024,10/14/2024,10/14/2024,Email,  WINDBAY SHIPPING AND LOGISTICS INC,,KM JAKARTA,Foreign,10/19/2024,DAVAO,LEGASPI OIL,Docking / Undocking,MMSI,1/3/1900,10/14/2024,RML,,,marketing.officer@malayanmaritime.com,APPROVED,141,,APPROVED,,,,,,,,,,
10/14/2024,10/14/2024,10/14/2024,Viber,"OMS SHIPPING SERVICES & LOGISTICS, INC",,THAI BINH 68,Foreign,10/20/2024,DAVAO,KUDOS,Docking / Undocking,MMSI,1/2/1900,10/14/2024,RML,,,marketing.officer@malayanmaritime.com,APPROVED,142,,APPROVED,,,,,,,,,,
10/14/2024,10/14/2024,10/14/2024,Email,FOUR DRAGONS SHIPPING SERVICES,,RELIABILITY V.8,Foreign,10/17/2024,SARIAYA,AHI,Docking / Undocking,Other tug provider,1/2/1900,10/14/2024,RML,,,marketing.officer@malayanmaritime.com,APPROVED,143,,APPROVED,,,,,,,,,,
10/14/2024,10/14/2024,10/14/2024,Viber,"WILHELMSEN-SMITH BELL SHIPPING, INC.",,PACIFIC COMRADE,Foreign,10/17/2024,DAVAO,HOLCIM,Docking / Undocking,MMSI,1/2/1900,10/16/2024,RML,,,marketing.officer@malayanmaritime.com,APPROVED,144,,APPROVED,,,,,,,,,,
10/15/2024,10/15/2024,10/15/2024,Email,"GAC PHILIPPINES, INC",,JIN HAI YING,Foreign,10/17/2024,LEYTE,VISPET,Docking / Undocking,Other tug provider,1/3/1900,10/16/2024,RML,,,marketing.officer@malayanmaritime.com,APPROVED,145,,APPROVED,,,,,,,,,,
10/15/2024,10/15/2024,10/15/2024,Email,"WILHELMSEN-SMITH BELL SHIPPING, INC.",,MP MR TANKER 2,Foreign,10/21/2024,LEYTE,VISPET,Docking / Undocking,Other tug provider,1/3/1900,10/16/2024,RML,,,marketing.officer@malayanmaritime.com,APPROVED,146,,APPROVED,,,,,,,,,,
10/16/2024,10/16/2024,10/16/2024,Viber,IOC,,CHELSEA ENDURANCE,Local,10/16/2024,CEBU,PITALO,Docking / Undocking,MMSI,1/2/1900,10/16/2024,RML,,,mmsi-admin@malayanmaritime.com,APPROVED,147,,APPROVED,,,,,,,,,,
10/16/2024,10/16/2024,10/16/2024,Viber,IOC,,CHELSEA ENDURANCE,Local,10/16/2024,CEBU,PITALO,Tending,MMSI,1/1/1900,10/16/2024,RML,,,mmsi-admin@malayanmaritime.com,APPROVED,148,,APPROVED,,,,,,,,,,
10/16/2024,10/16/2024,10/16/2024,Viber,SITE RESOURCES DEVELOPMENT CORPORATION,,PANGLAO,Local,10/15/2024,BATANGAS,SRDC BATANGAS,Docking / Undocking,MMSI,1/2/1900,10/16/2024,RML,,,marketing.officer@malayanmaritime.com,APPROVED,149,,APPROVED,,,,,,,,,,
10/16/2024,10/16/2024,10/16/2024,Viber,SITE RESOURCES DEVELOPMENT CORPORATION,,MALINGAP,Local,10/16/2024,BATANGAS,SRDC BATANGAS,Docking / Undocking,MMSI,1/2/1900,10/16/2024,RML,,,marketing.officer@malayanmaritime.com,APPROVED,150,,APPROVED,,,,,,,,,,
10/16/2024,10/16/2024,10/16/2024,Viber,SITE RESOURCES DEVELOPMENT CORPORATION,,MARINGAL,Local,10/20/2024,BATANGAS,SRDC BATANGAS,Docking / Undocking,MMSI,1/2/1900,10/16/2024,RML,,,marketing.officer@malayanmaritime.com,APPROVED,151,,APPROVED,,,,,,,,,,
10/16/2024,10/16/2024,10/16/2024,Viber,SITE RESOURCES DEVELOPMENT CORPORATION,,MALINGAP,Local,10/22/2024,BATANGAS,SRDC BATANGAS,Docking / Undocking,MMSI,1/2/1900,10/16/2024,RML,,,marketing.officer@malayanmaritime.com,APPROVED,152,,APPROVED,,,,,,,,,,
10/16/2024,10/16/2024,10/16/2024,Viber,INSULAR OIL CORPORATION,,CHELSEA ENDURANCE,Local,10/14/2024,LEYTE,VISPET,Docking / Undocking,Other tug provider,1/1/1900,10/16/2024,RML,,,marketing.officer@malayanmaritime.com,APPROVED,153,,APPROVED,,,,,,,,,,
10/16/2024,10/16/2024,10/16/2024,Viber,"SEADOVE MARITIME SERVICES, INC",,J BELLA,Foreign,9/26/2024,CDO,MACABALAN,Docking / Undocking,Other tug provider,1/1/1900,10/16/2024,RML,,,marketing.officer@malayanmaritime.com,APPROVED,154,,APPROVED,,,,,,,,,,
10/21/2024,10/29/2024,10/21/2024,Email,GAC,,STENA PRO MARINE,Foreign,10/29/2024,DAVAO,IOC,Docking / Undocking,MMSI,1/3/1900,10/21/2024,RML,,,mmsi-admin@malayanmaritime.com,APPROVED,155,,APPROVED,,,,,,,,,,
10/21/2024,10/21/2024,10/21/2024,Email,GAC SHIPPING,,STENA PRO MARINE,Foreign,10/29/2024,DAVAO,IOC,Tending,MMSI,1/2/1900,10/21/2024,RML,,,mmsi-admin@malayanmaritime.com,APPROVED,156,,APPROVED,,,,,,,,,,
10/21/2024,10/21/2024,10/21/2024,Call,INSULAR OIL CORPORATION,,BULUSAN,Local,10/22/2024,CDO,PDOC,Docking / Undocking,Other tug provider,1/1/1900,10/21/2024,RML,,,marketing.officer@malayanmaritime.com,APPROVED,157,,APPROVED,0010,,,,,,,,,
10/21/2024,10/21/2024,10/21/2024,Call,INSULAR OIL CORPORATION,,CHELSEA ENDURANCE,Local,10/24/2024,CDO,PDOC,Docking / Undocking,Other tug provider,1/2/1900,10/21/2024,RML,,,marketing.officer@malayanmaritime.com,APPROVED,158,,APPROVED,,,,,,,,,,
10/21/2024,10/21/2024,10/21/2024,Viber,INSULAR OIL CORPORATION,,CHELSEA ENDURANCE,Local,10/30/2024,CEBU,PITALO,Docking / Undocking,MMSI,1/2/1900,10/21/2024,RML,,,marketing.officer@malayanmaritime.com,APPROVED,159,,APPROVED,,,,,,,,,,
10/21/2024,10/21/2024,10/21/2024,Viber,INSULAR OIL CORPORATION,,BULUSAN 2,Local,10/17/2024,SUBIC,PPC,Docking / Undocking,Other tug provider,1/1/1900,10/22/2024,RML,,,marketing.officer@malayanmaritime.com,APPROVED,160,,APPROVED,0029,,,,,,,,,
10/21/2024,10/21/2024,10/21/2024,Viber,INSULAR OIL CORPORATION,,BULUSAN,Local,10/15/2024,CEBU,ARCTURA,Docking / Undocking,Other tug provider,1/1/1900,10/22/2024,RML,,,marketing.officer@malayanmaritime.com,APPROVED,161,,APPROVED,0010,,,,,,,,,
10/22/2024,10/22/2024,10/22/2024,SMS,NARRA TANKER CORP,,NTC HERON,Local,10/24/2024,DAVAO,PETRON,Docking / Undocking,MMSI,1/2/1900,10/22/2024,RML,,,mmsi-admin@malayanmaritime.com,APPROVED,162,,APPROVED,,,,,,,,,,
10/22/2024,10/22/2024,10/22/2024,Viber,  SITE RESOURCES DEVELOPMENT CORPORATION,,PANGLAO 3 V879,Local,10/28/2024,DAVAO,SRDC SASA,Docking / Undocking,MMSI,1/2/1900,10/22/2024,RML,,,marketing.officer@malayanmaritime.com,APPROVED,163,,APPROVED,,,,,,,,,,
10/22/2024,10/22/2024,10/22/2024,Viber,INSULAR OIL CORPORATION,,AVA V329,Local,10/21/2024,DAVAO,IOC,Docking / Undocking,MMSI,1/2/1900,10/22/2024,RML,,,marketing.officer@malayanmaritime.com,APPROVED,164,,APPROVED,0009,,,,,,,,,
10/22/2024,10/22/2024,10/22/2024,Viber,INSULAR OIL CORPORATION,,AVA V329,Local,10/21/2024,DAVAO,IOC,Tending,MMSI,1/1/1900,10/22/2024,RML,,,marketing.officer@malayanmaritime.com,APPROVED,165,,APPROVED,0009,,,,,,,,,
10/22/2024,10/22/2024,10/22/2024,Viber,INSULAR OIL CORPORATION,,AVA V330,Local,10/25/2024,DAVAO,IOC,Docking / Undocking,MMSI,1/2/1900,10/22/2024,RML,,,marketing.officer@malayanmaritime.com,APPROVED,166,,APPROVED,0009,,,,,,,,,
10/22/2024,10/22/2024,10/22/2024,Viber,INSULAR OIL CORPORATION,,AVA V330,Local,10/25/2024,DAVAO,IOC,Tending,MMSI,1/1/1900,10/22/2024,RML,,,marketing.officer@malayanmaritime.com,APPROVED,167,,APPROVED,0009,,,,,,,,,
10/22/2024,10/22/2024,10/22/2024,Viber,INSULAR OIL CORPORATION,,AVA V331,Local,11/2/2024,DAVAO,IOC,Docking / Undocking,MMSI,1/2/1900,10/22/2024,RML,,,marketing.officer@malayanmaritime.com,APPROVED,168,,APPROVED,0009,,,,,,,,,
10/22/2024,10/22/2024,10/22/2024,Viber,INSULAR OIL CORPORATION,,AVA V331,Local,11/2/2024,DAVAO,IOC,Tending,MMSI,1/1/1900,10/22/2024,RML,,,marketing.officer@malayanmaritime.com,APPROVED,169,,APPROVED,0009,,,,,,,,,
10/22/2024,10/22/2024,10/22/2024,Viber,INSULAR OIL CORPORATION,,AVA V331,Local,11/2/2024,DAVAO,PHOENIX (amended 28Oct),Docking / Undocking,MMSI,1/2/1900,10/22/2024,RML,,,marketing.officer@malayanmaritime.com,APPROVED,170,,APPROVED,0009,,,,,,,,,
10/22/2024,10/22/2024,10/22/2024,Viber,SITE RESOURCES DEVELOPMENT CORPORATION,,MALINGAP V361,Local,10/25/2024,CEBU,LAPU-LAPU,Docking / Undocking,MMSI,1/2/1900,10/22/2024,RML,,,marketing.officer@malayanmaritime.com,APPROVED,171,,APPROVED,,,,,,,,,,
10/23/2024,10/23/2024,10/23/2024,Viber,INSULAR OIL CORPORATION,,ALICE DL,Local,10/24/2024,LEYTE,VISPET,Docking / Undocking,Other tug provider,1/1/1900,10/23/2024,RML,,,marketing.officer@malayanmaritime.com,APPROVED,172,,APPROVED,0008,,,,,,,,,
10/23/2024,10/23/2024,10/23/2024,Email,"GAC PHILIPPINES, INC.",,LUCKY MAY,Foreign,10/30/2024,DAVAO,IOC,Docking / Undocking,MMSI,1/3/1900,10/23/2024,RML,,,marketing.officer@malayanmaritime.com,APPROVED,173,,APPROVED,,,,,,,,,,
10/23/2024,10/23/2024,10/23/2024,Email,"GAC PHILIPPINES, INC.",,LUCKY MAY,Foreign,10/30/2024,DAVAO,IOC,Tending,MMSI,1/2/1900,10/23/2024,RML,,,marketing.officer@malayanmaritime.com,APPROVED,174,,APPROVED,,,,,,,,,,
10/23/2024,10/23/2024,10/23/2024,Viber,"WILHELMSEN-SMITH BELL SHIPPING, INC.",,TRUST STAR,Foreign,10/23/2024,DAVAO,STA. ANA ANCHORAGE,Ferry Service,MMSI,1/1/1900,10/23/2024,RML,,,marketing.officer@malayanmaritime.com,APPROVED,175,,APPROVED,,,,,,,,,,
10/24/2024,10/24/2024,10/24/2024,Viber,INSULAR OIL CORPORATION,,CASANDRA,Local,10/25/2024,DAVAO,IOC,Docking / Undocking,MMSI,1/2/1900,10/24/2024,RML,,,marketing.officer@malayanmaritime.com,APPROVED,176,,APPROVED,0031,,,,,,,,,
10/24/2024,10/24/2024,10/24/2024,Viber,INSULAR OIL CORPORATION,,CASANDRA,Local,10/25/2024,DAVAO,IOC,Tending,MMSI,1/1/1900,10/24/2024,RML,,,marketing.officer@malayanmaritime.com,APPROVED,177,,APPROVED,0031,,,,,,,,,
10/28/2024,10/28/2024,10/28/2024,Viber,"OMS SHIPPING SERVICES & LOGISTICS, INC",,DONG AN,Foreign,10/28/2024,DAVAO,KUDOS,Docking / Undocking,MMSI,1/2/1900,10/28/2024,RML,,,marketing.officer@malayanmaritime.com,APPROVED,178,,APPROVED,,,,,,,,,,
10/28/2024,10/28/2024,10/28/2024,Viber,WINDBAY SHIPPING AND LOGISTICS INC,,SEIYO SPRING,Foreign,11/2/2024,DAVAO,LEGASPI OIL,Docking / Undocking,MMSI,1/2/1900,10/28/2024,RML,,,marketing.officer@malayanmaritime.com,APPROVED,179,,,,,,,,,,,,
10/29/2024,10/29/2024,10/29/2024,Call,HERMA SHIPPING AND TRANSPORT CORPORATION,,MALOLOS,Local,10/29/2024,BATANGAS,PETRON MABINI,Docking / Undocking,MMSI,1/1/1900,10/29/2024,RML,,,marketing.officer@malayanmaritime.com,APPROVED,180,,,,,,,,,,,,
10/29/2024,10/29/2024,10/29/2024,Email,"GAC PHILIPPINES, INC",,GRAND ACE 6,Foreign,11/7/2024,DAVAO,IOC,Docking / Undocking,MMSI,1/3/1900,10/29/2024,RML,,,marketing.officer@malayanmaritime.com,APPROVED,181,,,,,,,,,,,,
10/29/2024,10/29/2024,10/29/2024,Email,"GAC PHILIPPINES, INC",,GRAND ACE 6,Foreign,11/7/2024,DAVAO,IOC,Tending,MMSI,1/2/1900,10/29/2024,RML,,,marketing.officer@malayanmaritime.com,APPROVED,182,,,,,,,,,,,,
10/30/2024,10/30/2024,10/30/2024,Viber,FOUR DRAGONS SHIPPING SERVICES,,PYXIS KARTERIA V. 47,Foreign,11/5/2024,SUBIC,PPC,Docking / Undocking,Other tug provider,1/3/1900,11/1/2024,RML,,,marketing.officer@malayanmaritime.com,APPROVED,183,,,,,,,,,,,,
10/31/2024,10/31/2024,10/31/2024,Viber,INSULAR OIL CORPORATION,,AVA V332,Local,11/1/2024,DAVAO,CPI,Docking / Undocking,MMSI,1/2/1900,11/1/2024,RML,,,marketing.officer@malayanmaritime.com,APPROVED,184,,,,,,,,,,,,
10/31/2024,10/31/2024,10/31/2024,Viber,INSULAR OIL CORPORATION,,AVA V332,Local,11/1/2024,DAVAO,IOC,Docking / Undocking,MMSI,1/2/1900,11/1/2024,RML,,,marketing.officer@malayanmaritime.com,APPROVED,185,,,,,,,,,,,,
10/31/2024,10/31/2024,10/31/2024,Viber,INSULAR OIL CORPORATION,,AVA V332,Local,11/1/2024,DAVAO,IOC,Tending,MMSI,1/1/1900,11/1/2024,RML,,,marketing.officer@malayanmaritime.com,APPROVED,186,,,,,,,,,,,,
10/31/2024,10/31/2024,10/31/2024,Viber,INSULAR OIL CORPORATION,,AVA V333,Local,11/4/2024,DAVAO,CPI,Docking / Undocking,MMSI,1/2/1900,11/1/2024,RML,,,marketing.officer@malayanmaritime.com,APPROVED,187,,,,,,,,,,,,
10/31/2024,10/31/2024,10/31/2024,Viber,INSULAR OIL CORPORATION,,AVA V333,Local,11/4/2024,DAVAO,IOC,Docking / Undocking,MMSI,1/2/1900,11/1/2024,RML,,,marketing.officer@malayanmaritime.com,APPROVED,188,,,,,,,,,,,,
10/31/2024,10/31/2024,10/31/2024,Viber,INSULAR OIL CORPORATION,,AVA V333,Local,11/4/2024,DAVAO,IOC,Tending,MMSI,1/1/1900,11/1/2024,RML,,,marketing.officer@malayanmaritime.com,APPROVED,189,,,,,,,,,,,,
10/31/2024,10/31/2024,10/31/2024,Viber,INSULAR OIL CORPORATION,,AVA V334,Local,11/7/2024,DAVAO,CPI,Docking / Undocking,MMSI,1/2/1900,11/1/2024,RML,,,marketing.officer@malayanmaritime.com,APPROVED,190,,,,,,,,,,,,
10/31/2024,10/31/2024,10/31/2024,Viber,INSULAR OIL CORPORATION,,AVA V334,Local,11/7/2024,DAVAO,IOC,Docking / Undocking,MMSI,1/2/1900,11/1/2024,RML,,,marketing.officer@malayanmaritime.com,APPROVED,191,,,,,,,,,,,,
10/31/2024,10/31/2024,10/31/2024,Viber,INSULAR OIL CORPORATION,,AVA V334,Local,10/7/2024,DAVAO,IOC,Tending,MMSI,1/1/1900,11/1/2024,RML,,,marketing.officer@malayanmaritime.com,APPROVED,192,,,,,,,,,,,,
10/31/2024,10/31/2024,10/31/2024,Viber,INSULAR OIL CORPORATION,,AVA V335,Local,11/11/2024,DAVAO,CPI,Docking / Undocking,MMSI,1/2/1900,11/1/2024,RML,,,marketing.officer@malayanmaritime.com,APPROVED,193,,,,,,,,,,,,
10/31/2024,10/31/2024,10/31/2024,Viber,INSULAR OIL CORPORATION,,AVA V335,Local,11/11/2024,DAVAO,IOC,Docking / Undocking,MMSI,1/2/1900,11/1/2024,RML,,,marketing.officer@malayanmaritime.com,APPROVED,194,,,,,,,,,,,,
10/31/2024,10/31/2024,10/31/2024,Viber,INSULAR OIL CORPORATION,,AVA V335,Local,11/11/2024,DAVAO,IOC,Tending,MMSI,1/1/1900,11/1/2024,RML,,,marketing.officer@malayanmaritime.com,APPROVED,195,,,,,,,,,,,,
10/31/2024,10/31/2024,10/31/2024,Viber,INSULAR OIL CORPORATION,,AVA V336,Local,11/15/2024,DAVAO,CPI,Docking / Undocking,MMSI,1/2/1900,11/1/2024,RML,,,marketing.officer@malayanmaritime.com,APPROVED,196,,,,,,,,,,,,
10/31/2024,10/31/2024,10/31/2024,Viber,INSULAR OIL CORPORATION,,AVA V336,Local,11/15/2024,DAVAO,IOC,Docking / Undocking,MMSI,1/2/1900,11/1/2024,RML,,,marketing.officer@malayanmaritime.com,APPROVED,197,,,,,,,,,,,,
10/31/2024,10/31/2024,10/31/2024,Viber,INSULAR OIL CORPORATION,,AVA V336,Local,11/15/2024,DAVAO,IOC,Tending,MMSI,1/1/1900,11/1/2024,RML,,,marketing.officer@malayanmaritime.com,APPROVED,198,,,,,,,,,,,,
10/31/2024,10/31/2024,10/31/2024,Viber,INSULAR OIL CORPORATION,,AVA V337,Local,10/31/2024,DAVAO,CPI,Docking / Undocking,MMSI,1/2/1900,11/1/2024,RML,,,marketing.officer@malayanmaritime.com,APPROVED,199,,,,,,,,,,,,
10/31/2024,10/31/2024,10/31/2024,Viber,INSULAR OIL CORPORATION,,AVA V337,Local,11/19/2024,DAVAO,IOC,Docking / Undocking,MMSI,1/2/1900,11/1/2024,RML,,,marketing.officer@malayanmaritime.com,APPROVED,200,,,,,,,,,,,,
10/31/2024,10/31/2024,10/31/2024,Viber,INSULAR OIL CORPORATION,,AVA V337,Local,11/19/2024,DAVAO,IOC,Tending,MMSI,1/1/1900,11/1/2024,RML,,,marketing.officer@malayanmaritime.com,APPROVED,201,,,,,,,,,,,,
10/31/2024,10/31/2024,10/31/2024,Viber,INSULAR OIL CORPORATION,,AVA V338,Local,11/23/2024,DAVAO,CPI,Docking / Undocking,MMSI,1/2/1900,11/1/2024,RML,,,marketing.officer@malayanmaritime.com,APPROVED,202,,,,,,,,,,,,
10/31/2024,10/31/2024,10/31/2024,Viber,INSULAR OIL CORPORATION,,AVA V338,Local,11/23/2024,DAVAO,IOC,Docking / Undocking,MMSI,1/2/1900,11/1/2024,RML,,,marketing.officer@malayanmaritime.com,APPROVED,203,,,,,,,,,,,,
10/31/2024,10/31/2024,10/31/2024,Viber,INSULAR OIL CORPORATION,,AVA V338,Local,11/23/2024,DAVAO,IOC,Tending,MMSI,1/1/1900,11/1/2024,RML,,,marketing.officer@malayanmaritime.com,APPROVED,204,,,,,,,,,,,,
10/31/2024,10/31/2024,10/31/2024,Call,"SEADOVE MARITIME SERVICES, INC",,HONG TAI V2438,Foreign,11/5/2024,CEBU,NAGA,Docking / Undocking,MMSI,1/2/1900,11/1/2024,RML,,,marketing.officer@malayanmaritime.com,APPROVED,205,,,,,,,,,,,,
11/1/2024,11/1/2024,11/1/2024,Viber,SITE RESOURCES DEVELOPMENT CORPORATION,,PANGLAO 2 V880,Local,11/9/2024,CEBU,LAPU-LAPU,Docking / Undocking,MMSI,1/2/1900,11/1/2024,RML,,,marketing.officer@malayanmaritime.com,APPROVED,206,,,,,,,,,,,,
11/1/2024,11/1/2024,11/1/2024,Viber,SITE RESOURCES DEVELOPMENT CORPORATION,,MARINGAL V291,Local,11/12/2024,CEBU,LAPU-LAPU,Docking / Undocking,MMSI,1/2/1900,11/1/2024,RML,,,marketing.officer@malayanmaritime.com,APPROVED,207,,,,,,,,,,,,
11/1/2024,11/1/2024,11/1/2024,Viber,SITE RESOURCES DEVELOPMENT CORPORATION,,PANGLAO 3 V879,Local,11/1/2024,JIMENEZ,SRDC JIMENEZ,Docking / Undocking,Other tug provider,1/1/1900,11/1/2024,RML,,,marketing.officer@malayanmaritime.com,APPROVED,208,,,,,,,,,,,,
11/1/2024,11/1/2024,11/1/2024,Viber,SITE RESOURCES DEVELOPMENT CORPORATION,,PANGLAO 1 V880,Local,11/7/2024,JIMENEZ,SRDC JIMENEZ,Docking / Undocking,Other tug provider,1/1/1900,11/1/2024,RML,,,marketing.officer@malayanmaritime.com,APPROVED,209,,,,,,,,,,,,
11/1/2024,11/1/2024,11/1/2024,Viber,SITE RESOURCES DEVELOPMENT CORPORATION,,MALINGAP V362,Local,11/1/2024,BATANGAS,SRDC BATANGAS,Docking / Undocking,MMSI,1/2/1900,11/1/2024,RML,,,marketing.officer@malayanmaritime.com,APPROVED,210,,,,,,,,,,,,
11/1/2024,11/1/2024,11/1/2024,Viber,"OMS SHIPPING SERVICES & LOGISTICS, INC",,THAI BINH 68,Foreign,11/1/2024,DAVAO,KUDOS,Docking / Undocking,MMSI,1/2/1900,11/1/2024,RML,,,marketing.officer@malayanmaritime.com,APPROVED,211,,,,,,,,,,,,
11/4/2024,11/4/2024,11/4/2024,Call,"PACIFICROSE SHIPPING SERVICES, INC.",,MURE MURE,Foreign,11/5/2024,JIMENEZ,TMOMI,Docking / Undocking,Other tug provider,1/1/1900,11/4/2024,RML,,,marketing.officer@malayanmaritime.com,APPROVED,212,,,,,,,,,,,,
11/4/2024,11/4/2024,11/4/2024,Viber,"OMS SHIPPING SERVICES & LOGISTICS, INC.",,DOLPHIN 18,Foreign,11/8/2024,DAVAO,KUDOS,Docking / Undocking,MMSI,1/2/1900,11/4/2024,RML,,,marketing.officer@malayanmaritime.com,APPROVED,213,,,,,,,,,,,,
11/4/2024,11/4/2024,11/4/2024,Viber,MAR-SHIPS AGENCY INC,,THERESA TIGA,Foreign,11/8/2024,DAVAO,INDOM,Docking / Undocking,MMSI,1/3/1900,11/4/2024,RML,,,marketing.officer@malayanmaritime.com,APPROVED,214,,,,,,,,,,,,
11/4/2024,11/4/2024,11/4/2024,Viber,"WILHELMSEN-SMITH BELL SHIPPING, INC.",,SEA HAWK,Foreign,11/8/2024,DAVAO ,HOLCIM,Docking / Undocking,MMSI,1/2/1900,11/4/2024,RML,,,marketing.officer@malayanmaritime.com,APPROVED,215,,,,,,,,,,,,
11/5/2024,11/5/2024,11/5/2024,Viber,SITE RESOURCES DEVELOPMENT CORPORATION,,MARINGAL V292,Local,11/17/2024,CEBU,LAPU-LAPU,Docking / Undocking,MMSI,1/2/1900,11/5/2024,RML,,,marketing.officer@malayanmaritime.com,APPROVED,216,,,,,,,,,,,,
11/5/2024,11/5/2024,11/5/2024,Viber,SITE RESOURCES DEVELOPMENT CORPORATION,,PANGLAO 3 V881,Local,11/17/2024,JIMENEZ,SRDC JIMENEZ,Docking / Undocking,MMSI T20,1/1/1900,11/5/2024,RML,,,marketing.officer@malayanmaritime.com,APPROVED,217,,,,,,,,,,,,
11/5/2024,11/5/2024,11/5/2024,Email,FOUR DRAGONS SHIPPING SERVICES,,TORM ASTRID,Foreign,11/11/2024,SARIAYA,AHI,Docking / Undocking,Other tug provider,1/2/1900,11/5/2024,RML,,,marketing.officer@malayanmaritime.com,APPROVED,218,,,,,,,,,,,,
11/6/2024,11/6/2024,11/6/2024,Viber,SITE RESOURCES DEVELOPMENT CORPORATION,,MARINGAL V291,Local,11/9/2024,BATANGAS,SRDC BATANGAS,Docking / Undocking,MMSI,1/2/1900,11/7/2024,RML,,,marketing.officer@malayanmaritime.com,APPROVED,219,,,,,,,,,,,,
11/6/2024,11/6/2024,11/6/2024,Viber,INSULAR OIL CORPORATION,,CHELSEA ENDURANCE,Local,11/7/2024,CEBU,PITALO,Docking / Undocking,MMSI,1/2/1900,11/7/2024,RML,,,marketing.officer@malayanmaritime.com,APPROVED,220,,,,,,,,,,,,
11/6/2024,11/6/2024,11/6/2024,Viber,INSULAR OIL CORPORATION,,CHELSEA ENDURANCE,Local,11/7/2024,CEBU,PITALO,Tending,MMSI,1/1/1900,11/7/2024,RML,,,marketing.officer@malayanmaritime.com,APPROVED,221,,,,,,,,,,,,
11/6/2024,11/6/2024,11/6/2024,Call,NARRA TANKER CORP,,NTC FALCON,Local,11/8/2024,DAVAO,PETRON,Docking / Undocking,MMSI,1/2/1900,11/7/2024,RML,,,mmsi-admin@malayanmaritime.com,APPROVED,222,,,,,,,,,,,,
11/7/2024,11/7/2024,11/7/2024,SMS,NARRA TANKER CORP,,NTC HERON,Local,11/11/2024,DAVAO,PETRON,Docking / Undocking,MMSI,1/2/1900,11/7/2024,RML,,,mmsi-admin@malayanmaritime.com,APPROVED,223,,,,,,,,,,,,
11/7/2024,11/7/2024,11/7/2024,Viber,INSULAR OIL CORPORATION,,BULUSAN,Local,11/7/2024,CEBU,PITALO,Docking / Undocking,MMSI,1/2/1900,11/7/2024,RML,,,marketing.officer@malayanmaritime.com,APPROVED,224,,,,,,,,,,,,
11/7/2024,11/7/2024,11/7/2024,Viber,INSULAR OIL CORPORATION,,BULUSAN,Local,11/7/2024,CEBU,PITALO,Tending,MMSI,1/1/1900,11/7/2024,RML,,,marketing.officer@malayanmaritime.com,APPROVED,225,,,,,,,,,,,,
11/8/2024,11/8/2024,11/8/2024,Viber,"OMS SHIPPING SERVICES & LOGISTICS, INC",,PRINCE GOLD,Foreign,11/14/2024,DAVAO,KUDOS,Docking / Undocking,MMSI,1/2/1900,11/9/2024,RML,,,marketing.officer@malayanmaritime.com,APPROVED,226,,,,,,,,,,,,
11/9/2024,11/9/2024,11/9/2024,Viber,INSULAR OIL CORPORATION,,ESPADA,Local,11/9/2024,DAVAO,IOC,Docking / Undocking,MMSI,1/2/1900,11/9/2024,RML,,,marketing.officer@malayanmaritime.com,APPROVED,227,,,,,,,,,,,,
11/9/2024,11/9/2024,11/9/2024,Viber,INSULAR OIL CORPORATION,,ESPADA,Local,11/9/2024,DAVAO,IOC,Tending,MMSI,1/1/1900,11/9/2024,RML,,,marketing.officer@malayanmaritime.com,APPROVED,228,,,,,,,,,,,,
11/9/2024,11/9/2024,11/9/2024,Email,"GAC PHILIPPINES, INC.",,MORNING SPARROW,Foreign,11/17/2024,DAVAO,IOC,Docking / Undocking,MMSI,1/2/1900,11/9/2024,RML,,,marketing.officer@malayanmaritime.com,APPROVED,229,,,,,,,,,,,,
11/9/2024,11/9/2024,11/9/2024,Email,"GAC PHILIPPINES, INC.",,MORNING SPARROW,Foreign,11/17/2024,DAVAO,IOC,Tending,MMSI,1/1/1900,11/9/2024,RML,,,marketing.officer@malayanmaritime.com,APPROVED,230,"For billing purposes, Pls check if IOC or direct GAC billing. Receiver of cargo is Chevron??",,,,,,,,,,,
11/11/2024,11/11/2024,11/11/2024,Viber,INSULAR OIL CORPORATION,,ESPADA,Local,11/11/2024,DAVAO,PHOENIX,Docking / Undocking,MMSI,1/2/1900,11/12/2024,RML,,,marketing.officer@malayanmaritime.com,APPROVED,231,,,,,,,,,,,,
11/11/2024,11/11/2024,11/11/2024,Viber,INSULAR OIL CORPORATION,,AVA V339,Local,11/29/2024,DAVAO,CPI,Docking / Undocking,MMSI,1/2/1900,11/12/2024,RML,,,marketing.officer@malayanmaritime.com,APPROVED,232,,,,,,,,,,,,
11/11/2024,11/11/2024,11/11/2024,Viber,INSULAR OIL CORPORATION,,AVA V339,Local,11/29/2024,DAVAO,IOC,Docking / Undocking,MMSI,1/2/1900,11/12/2024,RML,,,marketing.officer@malayanmaritime.com,APPROVED,233,,,,,,,,,,,,
11/11/2024,11/11/2024,11/11/2024,Viber,INSULAR OIL CORPORATION,,AVA V339,Local,11/29/2024,DAVAO,IOC,Tending,MMSI,1/1/1900,11/12/2024,RML,,,marketing.officer@malayanmaritime.com,APPROVED,234,,,,,,,,,,,,
11/11/2024,11/11/2024,11/11/2024,Viber,INSULAR OIL CORPORATION,,ESPADA V104,Local,11/12/2024,DAVAO,IOC,Docking / Undocking,MMSI,1/2/1900,11/12/2024,RML,,,marketing.officer@malayanmaritime.com,APPROVED,235,,,,,,,,,,,,
11/11/2024,11/11/2024,11/11/2024,Viber,INSULAR OIL CORPORATION,,ESPADA V104,Local,11/12/2024,DAVAO,IOC,Tending,MMSI,1/1/1900,11/12/2024,RML,,,marketing.officer@malayanmaritime.com,APPROVED,236,,,,,,,,,,,,
11/11/2024,11/11/2024,11/11/2024,Viber,INSULAR OIL CORPORATION,,CHELSEA ENDURANCE V242,Local,11/14/2024,DAVAO,IOC,Docking / Undocking,MMSI,1/2/1900,11/12/2024,RML,,,marketing.officer@malayanmaritime.com,APPROVED,237,,,,,,,,,,,,
11/11/2024,11/11/2024,11/11/2024,Viber,"SEADOVE MARITIME SERVICES, INC",,GAS MARELLA V1824,Foreign,11/12/2024,CEBU,NAGA,Docking / Undocking,MMSI,1/2/1900,11/12/2024,RML,,,marketing.officer@malayanmaritime.com,APPROVED,238,,,,,,,,,,,,
11/12/2024,11/12/2024,11/12/2024,Email,WINDBAY SHIPPING AND LOGISTICS INC,,GHARAPURI ISLAND,Foreign,11/17/2024,DAVAO,LEGASPI OIL,Docking / Undocking,MMSI,1/3/1900,11/12/2024,RML,,,marketing.officer@malayanmaritime.com,APPROVED,239,,,,,,,,,,,,
11/13/2024,11/13/2024,11/13/2024,Viber,  SITE RESOURCES DEVELOPMENT CORPORATION,,PANGLAO 2 V881,Local,11/16/2024,CEBU,SRDC LAPU-LAPU,Docking / Undocking,MMSI,1/2/1900,11/13/2024,RML,,,marketing.officer@malayanmaritime.com,APPROVED,240,,,,,,,,,,,,
11/13/2024,11/13/2024,11/13/2024,Viber,  SITE RESOURCES DEVELOPMENT CORPORATION,,MARINGAL V293,Local,11/24/2024,CEBU,SRDC LAPU-LAPU,Docking / Undocking,MMSI,1/2/1900,11/13/2024,RML,,,marketing.officer@malayanmaritime.com,APPROVED,241,,,,,,,,,,,,
11/13/2024,11/13/2024,11/13/2024,Viber,  SITE RESOURCES DEVELOPMENT CORPORATION,,PANGLAO 3 V882,Local,11/24/2024,JIMENEZ,SRDC JIMENEZ,Docking / Undocking,MMSI T20,1/1/1900,11/13/2024,RML,,,marketing.officer@malayanmaritime.com,APPROVED,242,,,,,,,,,,,,
11/14/2024,11/14/2024,11/14/2024,Viber,"OMS SHIPPING SERVICES & LOGISTICS, INC",,STAR 16,Foreign,11/20/2024,DAVAO,KUDOS,Docking / Undocking,MMSI,1/2/1900,11/15/2024,RML,,,marketing.officer@malayanmaritime.com,APPROVED,243,,,,,,,,,,,,
11/16/2024,11/16/2024,11/16/2024,Call,"PACIFICROSE SHIPPING SERVICES, INC.",,JIN FU XING,Foreign,11/17/2024,JIMENEZ,TMOMI,Docking / Undocking,MMSI T20,1/1/1900,11/16/2024,RML,,,marketing.officer@malayanmaritime.com,APPROVED,244,,,,,,,,,,,,
11/18/2024,11/18/2024,11/18/2024,Email,"GAC PHILIPPINES, INC.",,PHILOXENIA,Foreign,11/24/2024,CDO,PDOC,Docking / Undocking,Other tug provider,1/3/1900,11/18/2024,RML,,,marketing.officer@malayanmaritime.com,APPROVED,245,,,,,,,,,,,,
11/18/2024,11/18/2024,11/18/2024,Email,"GAC PHILIPPINES, INC.",,PHILOXENIA,Foreign,11/26/2024,LEYTE,VISPET,Docking / Undocking,Other tug provider,1/3/1900,11/18/2024,RML,,,marketing.officer@malayanmaritime.com,APPROVED,246,,,,,,,,,,,,
11/18/2024,11/18/2024,11/18/2024,Email,INSULAR OIL CORPORATION,,CHELSEA ENDURANCE,Local,11/19/2024,DAVAO,IOC,Docking / Undocking,MMSI,1/2/1900,11/18/2024,RML,,,marketing.officer@malayanmaritime.com,APPROVED,247,,,,,,,,,,,,
11/18/2024,11/18/2024,11/18/2024,Email,INSULAR OIL CORPORATION,,CHELSEA ENDURANCE,Local,11/19/2024,DAVAO,IOC,Tending,MMSI,1/1/1900,11/18/2024,RML,,,marketing.officer@malayanmaritime.com,APPROVED,248,,,,,,,,,,,,
11/19/2024,11/19/2024,11/19/2024,Viber,INSULAR OIL CORPORATION,,CASANDRA,Local,11/20/2024,LEYTE,VISPET,Docking / Undocking,Other tug provider,1/1/1900,11/20/2024,RML,,,marketing.officer@malayanmaritime.com,APPROVED,249,,,,,,,,,,,,
11/20/2024,11/20/2024,11/20/2024,Email,INSULAR OIL CORPORATION,,AVA V340,Local,12/3/2024,DAVAO,CPI,Docking / Undocking,MMSI,1/2/1900,11/20/2024,RML,,,marketing.officer@malayanmaritime.com,APPROVED,250,,,,,,,,,,,,
11/20/2024,11/20/2024,11/20/2024,Email,INSULAR OIL CORPORATION,,AVA V340,Local,12/3/2024,DAVAO,IOC,Docking / Undocking,MMSI,1/2/1900,11/20/2024,RML,,,marketing.officer@malayanmaritime.com,APPROVED,251,,,,,,,,,,,,
11/20/2024,11/20/2024,11/20/2024,Email,INSULAR OIL CORPORATION,,AVA V340,Local,12/3/2024,DAVAO,IOC,Tending,MMSI,1/1/1900,11/20/2024,RML,,,marketing.officer@malayanmaritime.com,APPROVED,252,,,,,,,,,,,,
11/20/2024,11/20/2024,11/20/2024,Email,  SITE RESOURCES DEVELOPMENT CORPORATION,,MARINGAL V293,Local,11/30/2024,DAVAO,SRDC SASA,Docking / Undocking,MMSI,1/2/1900,11/20/2024,RML,,,marketing.officer@malayanmaritime.com,APPROVED,253,,,,,,,,,,,,
11/20/2024,11/20/2024,11/20/2024,Email,  SITE RESOURCES DEVELOPMENT CORPORATION,,PANGLAO V883,Local,12/2/2024,JIMENEZ,SRDC JIMENEZ,Docking / Undocking,MMSI/T20,1/1/1900,11/20/2024,RML,,,marketing.officer@malayanmaritime.com,APPROVED,254,,,,,,,,,,,,
11/20/2024,11/20/2024,11/20/2024,Email,FOUR DRAGONS SHIPPING SERVICES,,STOLT ALM,Foreign,12/4/2024,DAVAO,IOC,Docking / Undocking,MMSI,1/3/1900,11/21/2024,RML,,,marketing.officer@malayanmaritime.com,APPROVED,255,,,,,,,,,,,,
11/20/2024,11/20/2024,11/20/2024,Email,FOUR DRAGONS SHIPPING SERVICES,,STOLT ALM,Foreign,12/4/2024,DAVAO,IOC,Tending,MMSI,1/2/1900,11/21/2024,RML,,,marketing.officer@malayanmaritime.com,APPROVED,256,,,,,,,,,,,,
11/21/2024,11/21/2024,11/21/2024,Email,"GAC PHILIPPINES, INC.",,SUPER HERO,Foreign,11/28/2024,LEYTE,VISPET,Docking / Undocking,Other tug provider,1/2/1900,11/23/2024,RML,,,marketing.officer@malayanmaritime.com,APPROVED,257,Disport Agent -Benline,,,,,,,,,,,
11/22/2024,11/22/2024,11/22/2024,Viber,"OMS SHIPPING SERVICES & LOGISTICS, INC",,HOA BINH 45,Foreign,11/23/2024,DAVAO,KUDOS,Docking / Undocking,MMSI,1/2/1900,11/23/2024,RML,,,marketing.officer@malayanmaritime.com,APPROVED,258,,,,,,,,,,,,
11/22/2024,11/22/2024,11/22/2024,Viber,"OMS SHIPPING SERVICES & LOGISTICS, INC",,SUNRISE 69,Foreign,11/23/2024,DAVAO,KUDOS,Docking / Undocking,MMSI,1/2/1900,11/23/2024,RML,,,marketing.officer@malayanmaritime.com,APPROVED,259,,,,,,,,,,,,
11/22/2024,11/22/2024,11/22/2024,SMS,NARRA TANKER CORP,,NTC HARIBON,Local,11/24/2024,DAVAO,PETRON,Docking / Undocking,MMSI,1/2/1900,11/23/2024,RML,,,mmsi-admin@malayanmaritime.com,APPROVED,260,,,,,,,,,,,,
11/27/2024,11/27/2024,11/27/2024,Email,WINDBAY SHIPPING AND LOGISTICS INC,,SUPER HERO,Foreign,11/30/2024,CDO,PDOC,Docking / Undocking,Other tug provider,1/3/1900,11/27/2024,RML,,,marketing.officer@malayanmaritime.com,APPROVED,261,,,,,,,,,,,,
11/27/2024,11/27/2024,11/27/2024,Viber,PHIL-CEB MARINE SERVICES INC.,,THAI BINH 02,Foreign,12/1/2024,DAVAO,SASA,Docking / Undocking,MMSI,1/2/1900,11/27/2024,RML,,,marketing.officer@malayanmaritime.com,APPROVED,262,,,,,,,,,,,,
11/28/2024,11/28/2024,11/28/2024,Viber,PHIL-CEB MARINE SERVICES INC.,,LUGANO STAR,Foreign,12/3/2024,DAVAO,TSI,Docking / Undocking,MMSI,1/2/1900,11/29/2024,RML,,,marketing.officer@malayanmaritime.com,APPROVED,263,,,,,,,,,,,,
11/28/2024,11/28/2024,11/28/2024,Email,INSULAR OIL CORPORATION,,AVA V341,Local,12/4/2024,DAVO,CPI,Docking / Undocking,MMSI,1/2/1900,11/29/2024,RML,,,marketing.officer@malayanmaritime.com,APPROVED,264,,,,,,,,,,,,
11/28/2024,11/28/2024,11/28/2024,Email,INSULAR OIL CORPORATION,,AVA V341,Local,12/4/2024,DAVO,IOC,Docking / Undocking,MMSI,1/2/1900,11/29/2024,RML,,,marketing.officer@malayanmaritime.com,APPROVED,265,,,,,,,,,,,,
11/28/2024,11/28/2024,11/28/2024,Email,INSULAR OIL CORPORATION,,AVA V341,Local,12/4/2024,DAVAO,IOC,Tending,MMSI,1/1/1900,11/29/2024,RML,,,marketing.officer@malayanmaritime.com,APPROVED,266,,,,,,,,,,,,
11/28/2024,11/28/2024,11/28/2024,Email,INSULAR OIL CORPORATION,,AVA V342,Local,12/7/2024,DAVAO,CPI,Docking / Undocking,MMSI,1/2/1900,11/29/2024,RML,,,marketing.officer@malayanmaritime.com,APPROVED,267,,,,,,,,,,,,
11/28/2024,11/28/2024,11/28/2024,Email,INSULAR OIL CORPORATION,,AVA V342,Local,12/7/2024,DAVAO,IOC,Docking / Undocking,MMSI,1/2/1900,11/29/2024,RML,,,marketing.officer@malayanmaritime.com,APPROVED,268,,,,,,,,,,,,
11/28/2024,11/28/2024,11/28/2024,Email,INSULAR OIL CORPORATION,,AVA V342,Local,12/7/2024,DAVAO,IOC,Tending,MMSI,1/1/1900,11/29/2024,RML,,,marketing.officer@malayanmaritime.com,APPROVED,269,,,,,,,,,,,,
11/28/2024,11/28/2024,11/28/2024,Email,INSULAR OIL CORPORATION,,AVA V343,Local,12/11/2024,DAVAO,CPI,Docking / Undocking,MMSI,1/2/1900,11/29/2024,RML,,,marketing.officer@malayanmaritime.com,APPROVED,270,,,,,,,,,,,,
11/28/2024,11/28/2024,11/28/2024,Email,INSULAR OIL CORPORATION,,AVA V343,Local,12/11/2024,DAVAO,IOC,Docking / Undocking,MMSI,1/2/1900,11/29/2024,RML,,,marketing.officer@malayanmaritime.com,APPROVED,271,,,,,,,,,,,,
11/28/2024,11/28/2024,11/28/2024,Email,INSULAR OIL CORPORATION,,AVA V343,Local,12/11/2024,DAVAO,IOC,Tending,MMSI,1/1/1900,11/29/2024,RML,,,marketing.officer@malayanmaritime.com,APPROVED,272,,,,,,,,,,,,
11/28/2024,11/28/2024,11/28/2024,Email,SITE RESOURCES DEVELOPMENT CORPORATION,,MARINGAL V293,Local,12/1/2024,DAVAO,SRDC SASA,Docking / Undocking,MMSI,1/2/1900,11/29/2024,RML,,,marketing.officer@malayanmaritime.com,APPROVED,273,,,,,,,,,,,,
11/28/2024,11/28/2024,11/28/2024,Email,SITE RESOURCES DEVELOPMENT CORPORATION,,PANGALAO V883,Local,12/3/2024,CEBU,SRDC LAPU-LAPU,Docking / Undocking,MMSI,1/2/1900,11/29/2024,RML,,,marketing.officer@malayanmaritime.com,APPROVED,274,,,,,,,,,,,,
11/28/2024,11/28/2024,11/28/2024,Email,SITE RESOURCES DEVELOPMENT CORPORATION,,PANGALAO V884,Local,12/7/2024,CEBU,SRDC LAPU-LAPU,Docking / Undocking,MMSI,1/2/1900,11/29/2024,RML,,,marketing.officer@malayanmaritime.com,APPROVED,275,,,,,,,,,,,,
11/28/2024,11/28/2024,11/28/2024,Email,SITE RESOURCES DEVELOPMENT CORPORATION,,MALINGAP V336,Local,12/12/2024,CEBU,SRDC LAPU-LAPU,Docking / Undocking,MMSI,1/2/1900,11/29/2024,RML,,,marketing.officer@malayanmaritime.com,APPROVED,276,,,,,,,,,,,,
11/29/2024,11/29/2024,11/29/2024,Email,"WILHELMSEN-SMITH BELL SHIPPING, INC.",,MP MR TANKER 3,Foreign,12/3/2024,SUBIC,PPC,Docking / Undocking,Other tug provider,1/3/1900,11/29/2024,RML,,,marketing.officer@malayanmaritime.com,APPROVED,277,,,,,,,,,,,,
11/29/2024,11/29/2024,11/29/2024,Email,"SEADOVE MARITIME SERVICES, INC",,MP MR TANKER 3,Foreign,12/4/2024,SARIAYA,AHI,Docking / Undocking,Other tug provider,1/2/1900,11/29/2024,RML,,,marketing.officer@malayanmaritime.com,APPROVED,278,,,,,,,,,,,,
12/1/2024,12/1/2024,12/1/2024,Call,NARRA TANKER CORP,,NTC FALCON,Local,12/2/2024,DAVAO,PETRON,Docking / Undocking,MMSI,1/2/1900,12/1/2024,RML,,,mmsi-admin@malayanmaritime.com,APPROVED,279,,,,,,,,,,,,
12/2/2024,12/2/2024,12/2/2024,Viber,PHIL-CEB MARINE SERVICES INC.,,GENERAL NATIVIDAD,Local,12/5/2024,DAVAO,SASA,Docking / Undocking,MMSI,1/2/1900,12/3/2024,RML,,,marketing.officer@malayanmaritime.com,APPROVED,280,,,,,,,,,,,,
12/4/2024,12/4/2024,12/4/2024,Viber,INSULAR OIL CORPORATION,,AVA V344,Local,12/16/2024,DAVAO,CPI,Docking / Undocking,MMSI,1/2/1900,12/4/2024,RML,,,marketing.officer@malayanmaritime.com,APPROVED,281,,,,,,,,,,,,
12/4/2024,12/4/2024,12/4/2024,Viber,INSULAR OIL CORPORATION,,AVA V344,Local,12/16/2024,DAVAO,IOC,Docking / Undocking,MMSI,1/2/1900,12/4/2024,RML,,,marketing.officer@malayanmaritime.com,APPROVED,282,,,,,,,,,,,,
12/4/2024,12/4/2024,12/4/2024,Viber,INSULAR OIL CORPORATION,,AVA V344,Local,12/16/2024,DAVAO,IOC,Tending,MMSI,1/1/1900,12/4/2024,RML,,,marketing.officer@malayanmaritime.com,APPROVED,283,,,,,,,,,,,,
12/4/2024,12/4/2024,12/4/2024,Viber,INSULAR OIL CORPORATION,,AVA V345,Local,12/4/2024,DAVAO,CPI,Docking / Undocking,MMSI,1/2/1900,12/4/2024,RML,,,marketing.officer@malayanmaritime.com,APPROVED,284,,,,,,,,,,,,
12/4/2024,12/4/2024,12/4/2024,Viber,INSULAR OIL CORPORATION,,AVA V345,Local,12/19/2024,DAVAO,IOC,Docking / Undocking,MMSI,1/2/1900,12/4/2024,RML,,,marketing.officer@malayanmaritime.com,APPROVED,285,,,,,,,,,,,,
12/4/2024,12/4/2024,12/4/2024,Viber,INSULAR OIL CORPORATION,,AVA V345,Local,12/19/2024,DAVAO,IOC,Tending,MMSI,1/1/1900,12/4/2024,RML,,,marketing.officer@malayanmaritime.com,APPROVED,286,,,,,,,,,,,,
12/4/2024,12/4/2024,12/4/2024,Viber,INSULAR OIL CORPORATION,,AVA V346,Local,12/23/2024,DAVAO,CPI,Docking / Undocking,MMSI,1/2/1900,12/4/2024,RML,,,marketing.officer@malayanmaritime.com,APPROVED,287,,,,,,,,,,,,
12/4/2024,12/4/2024,12/4/2024,Viber,INSULAR OIL CORPORATION,,AVA V346,Local,12/23/2024,DAVAO,IOC,Docking / Undocking,MMSI,1/2/1900,12/4/2024,RML,,,marketing.officer@malayanmaritime.com,APPROVED,288,,,,,,,,,,,,
12/4/2024,12/4/2024,12/4/2024,Viber,INSULAR OIL CORPORATION,,AVA V346,Local,12/23/2024,DAVAO,IOC,Tending,MMSI,1/1/1900,12/4/2024,RML,,,marketing.officer@malayanmaritime.com,APPROVED,289,,,,,,,,,,,,
12/4/2024,12/4/2024,12/4/2024,Viber,INSULAR OIL CORPORATION,,AVA V347,Local,12/27/2024,DAVAO,CPI,Docking / Undocking,MMSI,1/2/1900,12/4/2024,RML,,,marketing.officer@malayanmaritime.com,APPROVED,290,,,,,,,,,,,,
12/4/2024,12/4/2024,12/4/2024,Viber,INSULAR OIL CORPORATION,,AVA V347,Local,12/27/2024,DAVAO,IOC,Docking / Undocking,MMSI,1/2/1900,12/4/2024,RML,,,marketing.officer@malayanmaritime.com,APPROVED,291,,,,,,,,,,,,
12/4/2024,12/4/2024,12/4/2024,Viber,INSULAR OIL CORPORATION,,AVA V347,Local,12/27/2024,DAVAO,IOC,Tending,MMSI,1/1/1900,12/4/2024,RML,,,marketing.officer@malayanmaritime.com,APPROVED,292,,,,,,,,,,,,
12/4/2024,12/4/2024,12/4/2024,Viber,INSULAR OIL CORPORATION,,AVA V348,Local,12/30/2024,DAVAO,CPI,Docking / Undocking,MMSI,1/2/1900,12/4/2024,RML,,,marketing.officer@malayanmaritime.com,APPROVED,293,,,,,,,,,,,,
12/4/2024,12/4/2024,12/4/2024,Viber,INSULAR OIL CORPORATION,,AVA V348,Local,12/30/2024,DAVAO,IOC,Docking / Undocking,MMSI,1/2/1900,12/4/2024,RML,,,marketing.officer@malayanmaritime.com,APPROVED,294,,,,,,,,,,,,
12/4/2024,12/4/2024,12/4/2024,Viber,INSULAR OIL CORPORATION,,AVA V348,Local,12/30/2024,DAVAO,IOC,Tending,MMSI,1/1/1900,12/4/2024,RML,,,marketing.officer@malayanmaritime.com,APPROVED,295,,,,,,,,,,,,
12/4/2024,12/4/2024,12/4/2024,Viber,INSULAR OIL CORPORATION,,CHELSEA ENDURANCE V244,Local,12/6/2024,DAVAO,IOC,Docking / Undocking,MMSI,1/2/1900,12/4/2024,RML,,,marketing.officer@malayanmaritime.com,APPROVED,296,,,,,,,,,,,,
12/4/2024,12/4/2024,12/4/2024,Viber,INSULAR OIL CORPORATION,,CHELSEA ENDURANCE V244,Local,12/6/2024,DAVAO,IOC,Tending,MMSI,1/1/1900,12/5/2024,RML,,,marketing.officer@malayanmaritime.com,APPROVED,297,,,,,,,,,,,,
12/5/2024,12/5/2024,12/5/2024,Viber,INSULAR OIL CORPORATION,,BULUSAN II,Local,12/6/2024,CEBU,PITALO,Docking / Undocking,MMSI,1/2/1900,12/5/2024,RML,,,marketing.officer@malayanmaritime.com,APPROVED,298,,,,,,,,,,,,
12/5/2024,12/5/2024,12/5/2024,Viber,INSULAR OIL CORPORATION,,BULUSAN II,Local,12/6/2024,CEBU,PITALO,Tending,MMSI,1/1/1900,12/5/2024,RML,,,marketing.officer@malayanmaritime.com,APPROVED,299,,,,,,,,,,,,
12/5/2024,12/5/2024,12/5/2024,Viber,SITE RESOURCES DEVELOPMENT CORPORATION,,MARINGAL V293,Local,12/7/2024,BATANGAS,SRDC BATANGAS,Docking / Undocking,MMSI,1/2/1900,12/5/2024,RML,,,marketing.officer@malayanmaritime.com,APPROVED,300,,,,,,,,,,,,
12/5/2024,12/5/2024,12/5/2024,Viber,SITE RESOURCES DEVELOPMENT CORPORATION,,MARINGAL V294,Local,12/7/2024,BATANGAS,SRDC BATANGAS,Docking / Undocking,MMSI,1/2/1900,12/5/2024,RML,,,marketing.officer@malayanmaritime.com,APPROVED,301,,,,,,,,,,,,
12/6/2024,12/6/2024,12/6/2024,Email,FOUR DRAGONS SHIPPING SERVICES,,JAG POOJA,Foreign,12/10/2024,SUBIC,PPC,Docking / Undocking,Other tug provider,1/3/1900,12/6/2024,RML,,,marketing.officer@malayanmaritime.com,APPROVED,302,,,,,,,,,,,,
12/6/2024,12/6/2024,12/6/2024,Viber,SITE RESOURCES DEVELOPMENT CORPORATION,,MARINGAL V295,Local,12/9/2024,BATANGAS,SRDC BATANGAS,Docking / Undocking,MMSI,1/2/1900,12/6/2024,RML,,,marketing.officer@malayanmaritime.com,APPROVED,303,,,,,,,,,,,,
12/6/2024,12/6/2024,12/6/2024,Viber,HERMA SHIPPING AND TRANSPORT CORPORATION,,MALINGAP,Local,12/5/2024,BATANGAS,PETRON MABINI,Docking / Undocking,MMSI,1/1/1900,12/6/2024,RML,,,marketing.officer@malayanmaritime.com,APPROVED,304,,,,,,,,,,,,
12/6/2024,12/6/2024,12/6/2024,Email,FOUR DRAGONS SHIPPING SERVICES,,NAVIG8 GAUNTLET,Foreign,12/13/2024,SARIAYA,AHI,Docking / Undocking,Other tug provider,1/2/1900,12/6/2024,RML,,,marketing.officer@malayanmaritime.com,APPROVED,305,,,,,,,,,,,,
12/6/2024,12/6/2024,12/6/2024,SMS,SMC SHIPPING AND LIGHTERAGE CORP,,SL TINDALO,Local,12/7/2024,DAVAO,PETRON,Docking / Undocking,MMSI,1/2/1900,12/6/2024,RML,,,mmsi-admin@malayanmaritime.com,APPROVED,306,,,,,,,,,,,,
12/7/2024,12/7/2024,12/7/2024,Email,WINDBAY SHIPPING AND LOGISTICS INC,,LOWLANDS LUCK,Foreign,12/14/2024,DAVAO,LEGASPI OIL,Docking / Undocking,MMSI,1/3/1900,12/7/2024,RML,,,marketing.officer@malayanmaritime.com,APPROVED,307,,,,,,,,,,,,
12/7/2024,12/7/2024,12/7/2024,Call,NARRA TANKER CORP,,NTC HERON,Local,12/9/2024,DAVAO,PETRON,Docking / Undocking,MMSI,1/2/1900,12/7/2024,RML,,,mmsi-admin@malayanmaritime.com,APPROVED,308,,,,,,,,,,,,
12/7/2024,12/7/2024,12/7/2024,Viber,MAR-SHIPS AGENCY INC,,CHAMPION PULA,Foreign,12/21/2024,DAVAO,DBCOM,Docking / Undocking,MMSI,1/2/1900,12/7/2024,RML,,,marketing.officer@malayanmaritime.com,APPROVED,309,,,,,,,,,,,,
12/7/2024,12/7/2024,12/7/2024,Viber,MAR-SHIPS AGENCY INC,,STO LOBELIA,Foreign,12/15/2024,DAVAO,SEAOIL STA. CRUZ,Docking / Undocking,MMSI,1/2/1900,12/7/2024,RML,,,marketing.officer@malayanmaritime.com,APPROVED,310,Cancelled.,,,,,,,,,,,
12/7/2024,12/7/2024,12/7/2024,Viber,"OMS SHIPPING SERVICES & LOGISTICS, INC",,DONG THINH,Foreign,12/12/2024,DAVAO,KUDOS,Docking / Undocking,MMSI,1/2/1900,12/7/2024,RML,,,marketing.officer@malayanmaritime.com,APPROVED,311,,,,,,,,,,,,
12/9/2024,12/9/2024,12/9/2024,Email,"WILHELMSEN-SMITH BELL SHIPPING, INC.",,CENTENNIAL MATSUYAMA,Foreign,12/16/2024,LEYTE,VISPET,Docking / Undocking,Other tug provider,1/3/1900,12/9/2024,RML,,,marketing.officer@malayanmaritime.com,APPROVED,312,Billed to Smithbell ,,,,,,,,,,,
12/10/2024,12/10/2024,12/10/2024,Email,MAR-SHIPS AGENCY INC,,MONT BLANC I,Foreign,12/17/2024,LEYTE,VISPET,Docking / Undocking,Other tug provider,1/3/1900,12/10/2024,RML,,,marketing.officer@malayanmaritime.com,APPROVED,313,Billed to Marsh\ps,,,,,,,,,,,
12/12/2024,12/12/2024,12/12/2024,Viber,PHIL-CEB MARINE SERVICES INC.,,LORCON DUMAGUETE,Local,12/12/2024,DAVAO,SASA,Docking / Undocking,MMSI,1/2/1900,12/12/2024,RML,,,marketing.officer@malayanmaritime.com,APPROVED,314,,,,,,,,,,,,
12/12/2024,12/12/2024,12/12/2024,Viber,INSULAR OIL CORPORATION,,CASANDRA,Local,12/12/2024,LEYTE,VISPET,Docking / Undocking,Other tug provider,1/1/1900,12/12/2024,RML,,,marketing.officer@malayanmaritime.com,APPROVED,315,,,,,,,,,,,,
12/12/2024,12/12/2024,12/12/2024,Viber,INSULAR OIL CORPORATION,,JEWEL FAITH,Local,12/13/2024,CEBU,ARCTURA,Docking / Undocking,Other tug provider,1/1/1900,12/12/2024,RML,,,marketing.officer@malayanmaritime.com,APPROVED,316,,,,,,,,,,,,
12/13/2024,12/13/2024,12/13/2024,Email,"WILHELMSEN-SMITH BELL SHIPPING, INC.",,CENTENNIAL MATSUYAMA,Foreign,12/14/2024,CDO,PDOC,Docking / Undocking,Other tug provider,1/3/1900,12/13/2024,RML,,,marketing.officer@malayanmaritime.com,APPROVED,317,,,,,,,,,,,,
12/13/2024,12/13/2024,12/13/2024,Viber,FOUR DRAGONS SHIPPING SERVICES,,DIAMOND EXPRESS,Foreign,12/18/2024,CEBU,PITALO,Docking / Undocking,MMSI,1/3/1900,12/13/2024,RML,,,marketing.officer@malayanmaritime.com,APPROVED,318,,,,,,,,,,,,
12/14/2024,12/14/2024,12/14/2024,Email,  SITE RESOURCES DEVELOPMENT CORPORATION,,PANGLAO V886,Local,12/20/2024,JIMENEZ,SRDC JIMENEZ,Docking / Undocking,Other tug provider,1/1/1900,12/14/2024,RML,,,marketing.officer@malayanmaritime.com,APPROVED,319,,,,,,,,,,,,
12/14/2024,12/14/2024,12/14/2024,Email,  SITE RESOURCES DEVELOPMENT CORPORATION,,MALINGAP V368,Local,12/17/2024,CEBU,SRDC LAPU-LAPU,Docking / Undocking,MMSI,1/1/1900,12/14/2024,RML,,,marketing.officer@malayanmaritime.com,APPROVED,320,,,,,,,,,,,,
12/14/2024,12/14/2024,12/14/2024,Email,  SITE RESOURCES DEVELOPMENT CORPORATION,,MARINGAL 295,Local,12/18/2024,CEBU,SRDC LAPU-LAPU,Docking / Undocking,MMSI,1/1/1900,12/14/2024,RML,,,marketing.officer@malayanmaritime.com,APPROVED,321,,,,,,,,,,,,
12/14/2024,12/14/2024,12/14/2024,Email,  SITE RESOURCES DEVELOPMENT CORPORATION,,PANGLAO V887,Local,12/26/2024,CEBU,SRDC LAPU-LAPU,Docking / Undocking,MMSI,1/1/1900,12/14/2024,RML,,,marketing.officer@malayanmaritime.com,APPROVED,322,,,,,,,,,,,,
12/14/2024,12/14/2024,12/14/2024,Email,  SITE RESOURCES DEVELOPMENT CORPORATION,,MARINGAL 297,Local,12/28/2024,CEBU,SRDC LAPU-LAPU,Docking / Undocking,MMSI,1/1/1900,12/14/2024,RML,,,marketing.officer@malayanmaritime.com,APPROVED,323,,,,,,,,,,,,
12/14/2024,12/14/2024,12/17/2024,SMS,BENLINE AGENCES PHILS,SHENGHANG GLOBAL MARINE (HONGKONG) LIMITED,Sheng Hang 003 V. 2406,Foreign,12/17/2024,BATANGAS,BBTI,Docking / Undocking,MMSI,1/2/1900,12/17/2024,RML,,,cesariolao.01@gmail.com,APPROVED,324,169K per move/46K per hour boarding (Incl BAF),,,,,,,,,,,
12/17/2024,12/17/2024,12/17/2024,Email,WINDBAY SHIPPING AND LOGISTICS INC,,SEAWAYS ROSE,Foreign,12/19/2024,CDO,PDOC,Docking / Undocking,Other tug provider,1/3/1900,12/17/2024,RML,,,marketing.officer@malayanmaritime.com,APPROVED,325,,,,,,,,,,,,
12/17/2024,12/17/2024,12/17/2024,Email,WINDBAY SHIPPING AND LOGISTICS INC,,SEAWAYS ROSE,Foreign,12/19/2024,CDO,PDOC,Tending,Other tug provider,1/2/1900,12/17/2024,RML,,,marketing.officer@malayanmaritime.com,APPROVED,326,,,,,,,,,,,,
12/17/2024,12/17/2024,12/17/2024,Email,FOUR DRAGONS SHIPPING SERVICES,,LUCKY MAY,Foreign,12/20/2024,DAVAO,IOC,Docking / Undocking,MMSI,1/3/1900,12/17/2024,RML,,,marketing.officer@malayanmaritime.com,APPROVED,327,,,,,,,,,,,,
12/17/2024,12/17/2024,12/17/2024,Email,FOUR DRAGONS SHIPPING SERVICES,,LUCKY MAY,Foreign,12/20/2024,DAVAO,IOC,Tending,MMSI,1/2/1900,12/17/2024,RML,,,marketing.officer@malayanmaritime.com,APPROVED,328,,,,,,,,,,,,
12/18/2024,12/18/2024,12/18/2024,Call,SMC SHIPPING AND LIGHTERAGE CORP,,SL TINDALO,Local,12/18/2024,DAVAO,PETRON,Docking / Undocking,MMSI,1/2/1900,12/20/2024,RML,,,mmsi-admin@malayanmaritime.com,APPROVED,329,,,,,,,,,,,,
12/18/2024,12/18/2024,12/18/2024,Email,WINDBAY SHIPPING AND LOGISTICS INC,,SEAWAYS ROSE,Foreign,12/20/2024,DAVAO,IOC,Docking / Undocking,MMSI,1/3/1900,12/20/2024,RML,,,marketing.officer@malayanmaritime.com,APPROVED,330,,,,,,,,,,,,
12/18/2024,12/18/2024,12/18/2024,Email,WINDBAY SHIPPING AND LOGISTICS INC,,SEAWAYS ROSE,Foreign,12/20/2024,DAVAO,IOC,Tending,MMSI,1/2/1900,12/20/2024,RML,,,marketing.officer@malayanmaritime.com,APPROVED,331,,,,,,,,,,,,
12/19/2024,12/19/2024,12/19/2024,Viber,"OMS SHIPPING SERVICES & LOGISTICS, INC",,TUAN DUNG 36,Foreign,12/27/2024,DAVAO,KUDOS,Docking / Undocking,MMSI,1/2/1900,12/20/2024,RML,,,marketing.officer@malayanmaritime.com,APPROVED,332,,,,,,,,,,,,
12/20/2024,12/20/2024,12/20/2024,Call,NARRA TANKER CORP,,NTC HERON,Local,12/22/2024,DAVAO,PETRON,Docking / Undocking,MMSI,1/2/1900,12/20/2024,RML,,,mmsi-admin@malayanmaritime.com,APPROVED,333,,,,,,,,,,,,
12/21/2024,12/21/2024,12/21/2024,Viber,PHIL-CEB MARINE SERVICES INC.,,LORCON GENERAL SANTOS,Local,12/23/2024,DAVAO,SASA,Docking / Undocking,MMSI,1/2/1900,12/22/2024,RML,,,marketing.officer@malayanmaritime.com,APPROVED,334,,,,,,,,,,,,
12/21/2024,12/21/2024,12/21/2024,Viber,PHIL-CEB MARINE SERVICES INC.,,HC GLORY,Foreign,12/26/2024,DAVAO,TSI,Docking / Undocking,MMSI,1/2/1900,12/22/2024,RML,,,marketing.officer@malayanmaritime.com,APPROVED,335,,,,,,,,,,,,
12/22/2024,12/22/2024,12/22/2024,Call,FANRONG SHIPPING CORP,,MT JOY 120,Local,12/22/2024,DAVAO,STA ANA ANCHORAGE,Towing,MMSI,1/1/1900,12/22/2024,RML,,,mmsi-admin@malayanmaritime.com,APPROVED,336,,,,,,,,,,,,
12/23/2024,12/23/2024,12/23/2024,Viber,BENLINE AGENCES PHILS,,CENTENNIAL MATSUYAMA,Foreign,12/20/2024,CEBU,PITALO,Docking / Undocking,MMSI,1/3/1900,12/23/2024,RML,,,marketing.officer@malayanmaritime.com,APPROVED,337,,,,,,,,,,,,
12/25/2024,12/25/2024,12/25/2024,Call,NARRA TANKER CORP,,NTC FLAMINGO,Local,12/26/2024,DAVAO,PETRON,Docking / Undocking,MMSI,1/2/1900,12/25/2024,RML,,,mmsi-admin@malayanmaritime.com,APPROVED,338,,,,,,,,,,,,
12/26/2024,12/26/2024,12/26/2024,Call,ANIMO MARINE ,,MTKR MARISEL,Local,12/26/2024,DAVAO,PHOENIX,Docking / Undocking,MMSI,1/1/1900,12/26/2024,RML,,,mmsi-admin@malayanmaritime.com,APPROVED,339,,,,,,,,,,,,
12/29/2024,12/29/2024,12/29/2024,SMS,SMC SHIPPING,,SL TINDALO,Local,12/30/2024,DAVAO,PETRON,Docking / Undocking,MMSI,2,12/230/2024,RML,,,mmsi-admin@malayanmaritime.com,APPROVED,340,,,,,,,,,,,,
12/30/2024,12/30/2024,12/30/2024,Viber,"WILHELMSEN-SMITH BELL SHIPPING, INC.",,MT MARAN GAS PSARA,Foreign,12/29/2024,DAVAO,STA ANA ANCHORAGE,Rescue,MMSI,1,12/230/2024,RML,,,mmsi-admin@malayanmaritime.com,APPROVED,341,Per Hour; Basic+BAF;Station-to-Station,,,,,,,,,,,
12/30/2024,12/30/2024,12/30/2024,Email,WINDBAY SHIPPING AND LOGISTICS INC,,Mt QUI CHI,Local,1/4/2025,DAVAO,IOC,Docking / Undocking,MMSI,3,12/230/2024,RML,,,mmsi-admin@malayanmaritime.com,APPROVED,342,,,,,,,,,,,,
12/30/2024,12/30/2024,12/30/2024,Email,WINDBAY SHIPPING AND LOGISTICS INC,,MT QUI CHI,Foreign,1/4/2025,DAVAO,IOC,Tending,MMSI,2,12/230/2024,RML,,,mmsi-admin@malayanmaritime.com,APPROVED,343,,,,,,,,,,,,
1/1/2025,12/31/2024,12/31/2024,Viber,HERMA SHIPPING AND TRANSPORT CORPORATION,,MT MAGINOO,Local,12/31/2024,BATANGAS,PETRON MABINI,Docking / Undocking,MMSI,1/1/1900,1/1/2025,RML,,,mmsi-admin@malayanmaritime.com,APPROVED,344,Petron Mabini rate,,,,,,,,,,,
1/1/2025,1/1/2025,1/1/2025,Viber,PHIL-CEB MARINE SERVICES INC.,,MV CARL OLDENDORFF,Foreign,1/9/2025,DAVAO,TSI,Docking / Undocking,MMSI,1/2/1900,1/1/2025,RML,,,mms-admin@malayanmaritime.com,APPROVED,345,,,,,,,,,,,,
1/2/2025,1/2/2025,1/2/2025,Email,MAR-SHIPS AGENCY INC,,MT THERESA DUA,Foreign,1/5/2025,DAVAO,NEW DAVAO OIL MILL,Docking / Undocking,MMSI,1/3/1900,1/2/2025,RML,,,mmsi-admin@malayanmaritime.com,APPROVED,346,,,,,,,,,,,,
1/2/2025,1/2/2025,1/2/2025,Viber,HERMA SHIPPING AND TRANSPORT CORPORATION,,MTKR MAALAB,Local,1/2/2025,BATANGAS,PETRON,Docking / Undocking,MMSI,1/1/1900,1/3/2025,RML,,,mmsi-admin@malayanmaritime.com,APPROVED,347,Petron Mabini rate,,,,,,,,,,,
1/4/2025,1/4/2025,1/4/2025,Email,INSULAR OIL CORPORATION,,AVA V349,Local,1/4/2025,Davao,IOC,Docking / Undocking,MMSI,2,1/4/2025,RML,,,mmsi-ops@malayanmaritime.com,APPROVED,348,,,,,,,,,,,,
1/6/2025,1/6/2025,1/6/2025,Email,"WILHELMSEN-SMITH BELL SHIPPING, INC.",,MV GOLD RIVER,Foreign,1/11/2025,DAVAO,HOLCIM,Docking / Undocking,MMSI,2,1/6/2025,RML,,,mmsi-admin@malayanmaritime.com,APPROVED,349,,,,,,,,,,,,
1/7/2025,1/7/2025,1/7/2025,Email,Mar Ships,,MP MR TANKER 3,Foreign,1/7/2025,CDO,PETRO DE ORO,Docking / Undocking,Other tug provider,3,1/7/2025,RML,,,mmsi-ops@malayanmaritime.com,APPROVED,350,,,,,,,,,,,,
1/7/2025,1/7/2025,1/6/2025,Viber,Insular Oil,,MT Casandra,Local,1/7/2025,Leyte,VISPET,Docking / Undocking,Other tug provider,1,1/7/2025,RML,,,mmsi-ops@malayanmaritime.com,APPROVED,351,,,,,,,,,,,,
1/7/2025,1/7/2025,1/6/2025,Email,Insular Oil,,MT Ava V350,Local,1/10/2025,Davao,IOC Sasa,Docking / Undocking,MMSI,2,1/7/2025,RML,,,mmsi-ops@malayanmaritime.com,APPROVED,352,,,,,,,,,,,,
1/7/2025,1/7/2025,1/6/2025,Email,SRDC,,MT Panglao Island V889,Local,1/6/2025,Batangas,SRDC Batangas,Docking / Undocking,MMSI,1,1/7/2025,RML,,,mmsi-ops@malayanmaritime.com,APPROVED,353,,,,,,,,,,,,
1/7/2025,1/7/2025,1/7/2025,Viber,OMS,,TTC Hai Phong,Foreign,1/13/2025,Davao,Kudos,Docking / Undocking,MMSI,2,1/7/2025,RML,,,mmsi-ops@malayanmaritime.com,APPROVED,354,,,,,,,,,,,,
1/7/2025,1/7/2025,1/7/2025,Viber,PhilCeb,,MV Lorcon Dumaguete,Local,1/8/2025,Davao,Sasa,Docking / Undocking,MMSI,2,1/7/2025,RML,,,mmsi-ops@malayanmaritime.com,APPROVED,355,,,,,,,,,,,,
1/7/2025,1/7/2025,1/7/2025,Viber,PHIL CEB,,LORCON DUMAGUETE,Local,1/8/2025,DAVAO,SASA,Docking / Undocking,MMSI,2,1/8/2025,RML,,,mmsi-admin@malayanmaritime.com,APPROVED,356,,,,,,,,,,,,
1/7/2025,1/7/2025,1/7/2025,SMS,SMC SHIPPING AND LIGHTERAGE CORP,,SL TINDALO,Local,1/11/2025,DAVAO,PETRON,Docking / Undocking,MMSI,2,1/8/2025,RML,,,mmsi-admin@malayanmaritime.com,APPROVED,357,,,,,,,,,,,,
1/8/2025,1/8/2025,1/8/2025,Email,FOUR DRAGONS SHIPPING SERVICES,,MT STOLT LIND,Foreign,1/18/2025,DAVAO,IOC DAVAO,Docking / Undocking,MMSI,3,1/9/2025,RML,,,mmsi-admin@malayanmaritime.com,APPROVED,358,,,,,,,,,,,,
1/8/2025,1/8/2025,1/8/2025,Email,FOUR DRAGONS SHIPPING SERVICES,,MT STOLT LIND,Foreign,1/18/2025,DAVAO,IOC DAVAO,Tending,MMSI,2,1/9/2025,RML,,,mmsi-admin@malayanmaritime.com,APPROVED,359,,,,,,,,,,,,
1/8/2025,1/8/2025,1/8/2025,Call,ANIMO MARINE,,MTKR MARISEL,Local,1/11/2025,DAVAO,PHOENIX,Docking / Undocking,MMSI,1,1/9/2025,RML,,,mmsi-admin@malayanmaritime.com,APPROVED,360,,,,,,,,,,,,
1/9/2025,1/9/2025,1/9/2025,Call,ESGUERRA SHIPPING CORP (Herma),,MT Maginoo,Local,1/9/2025,Batangas,Petron Mabini,Docking / Undocking,MMSI,1,1/10/2025,RML,,,mmsi-ops@malayanmaritime.com,APPROVED,361,,,,,,,,,,,,
1/9/2025,1/9/2025,1/9/2025,Viber,CLIO SHIPPING,,MV FULVIA,Foreign,1/15/2025,DAVAO,SASA,Docking / Undocking,MMSI,2,1/10/2025,RML,,,mmsi-admin@malayanmaritime.com,APPROVED,362,,,,,,,,,,,,
1/9/2025,1/9/2025,1/9/2025,Viber,CLIO SHIPPING,,MV FU XING LUN,Foreign,1/16/2025,DAVAO,Sasa,Docking / Undocking,MMSI,2,1/10/2025,RML,,,mmsi-admin@malayanmaritime.com,APPROVED,363,,,,,,,,,,,,
1/9/2025,1/9/2025,1/9/2025,Viber,PHILHUA SHIPPING,,MV AN CHANGE,Foreign,1/16/2025,DAVAO,SASA,Docking / Undocking,MMSI,2,1/10/2025,RML,,,mmsi-admin@malayanmaritime.com,APPROVED,364,,,,,,,,,,,,
1/10/2025,1/10/2025,1/8/2025,Email,SRDC,,MT MARINGAL V298,Local,1/11/2025,Batangas,SRDC,Docking / Undocking,MMSI,2,1/10/2025,RML,,,mmsi-ops@malayanmaritime.com,APPROVED,365,,,,,,,,,,,,
1/10/2025,1/10/2025,1/10/2025,Email,Insular Oil,,MT Ava V351,Local,1/15/2025,Davao,Insular Oil,Docking / Undocking,MMSI,2,1/10/2025,RML,,,mmsi-ops@malayanmaritime.com,APPROVED,366,,,,,,,,,,,,
1/11/2025,1/11/2025,1/11/2025,Viber,BENLINE,,MP MR TANKER 3,Foreign,1/9/2025,CEBU,SPEC PITALO,Docking / Undocking,MMSI,3,1/11/2025,RML,,,mmsi-admin@malayanmaritime.com,APPROVED,367,,,,,,,,,,,,
1/12/2025,1/12/2025,1/12/2025,Email,FOUR DRAGONS SHIPPING SERVICES,,MT AUGENSTERN,Foreign,1/13/2025,SARIAYA,AZORA,Docking / Undocking,Other tug provider,2,1/13/2025,RML,,,mmsi-admin@malayanmaritime.com,APPROVED,368,,,,,,,,,,,,
1/12/2025,1/12/2025,1/12/2025,Email,FOUR DRAGONS SHIPPING SERVICES,,MT AUGENSTERN,Foreign,1/15/2025,SUBIC,PPC,Docking / Undocking,Other tug provider,3,1/13/2025,RML,,,mmsi-admin@malayanmaritime.com,APPROVED,369,,,,,,,,,,,,
1/13/2025,1/13/2025,1/13/2025,Email,SRDC,,MT Maringal V371,Local,1/13/2025,Batangas,SRDC Batangas,Docking / Undocking,MMSI,2,1/13/2025,RML,,,mmsi-ops@malayanmaritime.com,APPROVED,370,,,,,,,,,,,,
1/13/2025,1/13/2025,1/13/2025,Email,Insular,,MT Ava V352,Local,1/17/2025,Davao,IOC Sasa,Docking / Undocking,MMSI,2,1/13/2025,RML,,,mmsi-ops@malayanmaritime.com,APPROVED,371,,,,,,,,,,,,
1/13/2025,1/13/2025,1/13/2025,Viber,Insular,,MT Casandra,Local,1/14/2025,Davao,IOC Sasa,Docking / Undocking,MMSI,2,1/13/2025,RML,,,mmsi-ops@malayanmaritime.com,APPROVED,372,,,,,,,,,,,,
1/13/2025,1/13/2025,1/13/2025,Email,WINDBAY SHIPPING AND LOGISTICS INC,,MV BULK MUSTIQUE,Foreign,1/17/2025,DAVAO,LEGASPI OIL,Docking / Undocking,MMSI,3,1/13/2025,RML,,,mmsi-admin@malayanmaritime.com,APPROVED,373,,,,,,,,,,,,
1/13/2025,1/13/2025,1/13/2025,Viber,CLIO SHIPPING,,MV RU CHENG SHAN,Foreign,1/25/2025,DAVAO,SASA,Docking / Undocking,MMSI,2,1/14/2025,RML,,,mmsi-admin@malayanmaritime.com,APPROVED,374,,,,,,,,,,,,
1/13/2025,1/13/2025,1/13/2025,Viber,SOUTHWEST SHIPPING,,FENG YI 3,Foreign,1/18/2025,DAVAO,ISLA DAVAO (SHELL),Docking / Undocking,MMSI,2,1/14/2025,RML,,,mmsi-admin@malayanmaritime.com,APPROVED,375,,,,,,,,,,,,
1/14/2025,1/14/2025,1/14/2025,Viber,BENLINE AGENCIES,,MV CAMBERWELL,Foreign,1/20/2025,DAVAO ,SASA,Docking / Undocking,MMSI,2,1/14/2025,RML,,,mmsi-admin@malayanmaritime.com,APPROVED,376,,,,,,,,,,,,
1/15/2025,1/15/2025,1/15/2025,Viber,PHIL TRANSWORLD,,PRINCESS TOPAZ,Foreign,1/20/2025,BATANGAS,BBTI,Docking / Undocking,MMSI,2,1/15/2024,RML,,,mmsi-admin@malayanmaritime.com,APPROVED,377,,,,,,,,,,,,
1/15/2025,1/15/2025,1/15/2025,Email,GAC SHIPPING,,STI GRAMERCY,Foreign,1/18/2025,DAVAO,INSULAR OIL,Docking / Undocking,MMSI,3,1/15/2024,RML,,,mmsi-admin@malayanmaritime.com,APPROVED,378, d/u and tending rates at IOC applies. No discount,,,,,,,,,,,
1/15/2025,1/15/2025,1/15/2025,Email,GAC SHIPPING,,STI GRAMERCY,Foreign,1/18/2025,DAVAO,INSULAR OIL,Tending,MMSI,2,1/15/2024,RML,,,mmsi-admin@malayanmaritime.com,APPROVED,379, d/u and tending rates at IOC applies. No discount,,,,,,,,,,,
1/16/2025,1/16/2025,1/16/2025,Email,SRDC,,MT Maringal V299,Local,1/16/2025,Batangas,SRDC Batangas,Docking / Undocking,MMSI,2,1/17/2025,RML,,,mmsi-ops@malayanmaritime.com,APPROVED,380,,,,,,,,,,,,
1/17/2025,1/17/2025,1/17/2025,Email,SRDC,,MT Panglao Island V890,Local,1/17/2025,Batangas,SRDC Batangas,Docking / Undocking,MMSI,2,1/17/2025,RML,,,mmsi-ops@malayanmaritime.com,APPROVED,381,,,,,,,,,,,,
1/17/2025,1/17/2025,1/17/2025,Email,SRDC,,MT Maringal v300,Local,1/20/2025,Batangas,SRDC Batangas,Docking / Undocking,MMSI,2,1/18/2027,RML,,,mmsi-ops@malayanmaritime.com,APPROVED,382,,,,,,,,,,,,
1/17/2025,1/17/2025,1/17/2025,SMS,PRS,,MT SK Line 1,Foreign,1/17/2025,Jimenez,TMOMI,Docking / Undocking,Other tug provider,1,,,,,mmsi-ops@malayanmaritime.com,,,Cancelled,,,,,,,,,,,
1/17/2025,1/17/2025,1/17/2025,Viber,PHIL CEB MARINE,,MV RASALAS,Local,1/17/2025,DAVAO,SASA,Docking / Undocking,MMSI,2,1/18/2027,RML,,,mmsi-admin@malayanmaritime.com,APPROVED,383,,,,,,,,,,,,
1/20/2025,1/20/2025,1/20/2025,Email,SRDC,,MT Panglao Island V891,Local,1/27/2025,Davao,IOC Sasa,Docking / Undocking,MMSI,2,1/20/2025,RML,,,mmsi-ops@malayanmaritime.com,APPROVED,384,,,,,,,,,,,,
1/20/2025,1/20/2025,1/20/2025,Email,SEADOVE MARITIME SERVICES INC,,LPGC ESMERALDA,Foreign,1/24/2025,DAVAO,"SHELL,SASA",Docking / Undocking,MMSI,2,1/20/2025,RML,,,mmsi-admin@malayanmaritime.com,APPROVED,385,,,,,,,,,,,,
1/20/2025,1/20/2025,1/20/2025,Email,Insular Oil,,MT Ava v353,Local,1/22/2025,Davao,IOC Sasa,Docking / Undocking,MMSI,2,1/20/2025,RML,,,mmsi-ops@malayanmaritime.com,APPROVED,386,,,,,,,,,,,,
1/21/2025,1/21/2025,1/21/2025,Email,Insular,,MT Ava v354,Local,1/29/2025,Davao,IOC Sasa,Docking / Undocking,MMSI,2,1/21/2025,RML,,,mmsi-ops@malayanmaritime.com,APPROVED,387,,,,,,,,,,,,
1/21/2025,1/21/2025,1/21/2025,Email,Insular,,MT AVa v355,Local,1/29/2025,Davao,IOC Sasa,Docking / Undocking,MMSI,2,1/21/2025,RML,,,mmsi-ops@malayanmaritime.com,APPROVED,388,,,,,,,,,,,,
1/22/2025,1/22/2025,1/22/2025,Call,Insular Oil,,MT Cally,Local,1/22/2025,CDO,PDOC,Docking / Undocking,Other tug provider,2,1/22/2025,RML,,,mmsi-ops@malayanmaritime.com,APPROVED,389,,,,,,,,,,,,
1/25/2025,1/25/2025,1/19/2025,Call,Insular Oil,,MT Casandra,Local,1/19/2025,CDO,PDOC,Docking / Undocking,Other tug provider,2,1/25/2025,RML,,,mmsi-ops@malayanmaritime.com,APPROVED,340,,,,,,,,,,,,
1/25/2025,1/25/2025,1/25/2025,Viber,Sharport,,MV Sampow Palm,Foreign,1/28/2025,Davao,KTC,Docking / Undocking,MMSI,2,1/25/2025,RML,,,mmsi-ops@malayanmaritime.com,APPROVED,341,,,,,,,,,,,,
1/26/2025,1/26/2025,1/26/2025,Call,Esguerra Shipping,,MT Maginoo,Local,1/26/2025,Batangas,Petron Mabini,Docking / Undocking,MMSI,1,1/26/2025,RML,,,mmsi-ops@malayanmaritime.com,APPROVED,342,,,,,,,,,,,,
1/28/2025,1/28/2025,1/26/2025,Viber,OMS,,MV Sunrise 69,Foreign,1/28/2025,Davao,Kudos,Docking / Undocking,MMSI,2,1/28/2025,RML,,,mmsi-ops@malayanmaritime.com,APPROVED,343,,,,,,,,,,,,
1/29/2025,1/29/2025,1/29/2025,Email,Insular Oil,,MT Maringal v302,Local,1/30/2025,Davao,IOC Sasa,Docking / Undocking,MMSI,2,1/29/2025,RML,,,mmsi-ops@malayanmaritime.com,APPROVED,344,,,,,,,,,,,,
1/29/2025,1/29/2025,1/28/2025,Viber,Phil Ceb,,MV Rasalas,Local,1/31/2025,Davao,Sasa Global Port,Docking / Undocking,MMSI,2,1/29/2025,RML,,,mmsi-ops@malayanmaritime.com,APPROVED,345,,,,,,,,,,,,
1/29/2025,1/29/2025,1/28/2025,Viber,Insular Oil,,MT Cally,Local,1/29/2025,Cebu,Arctura,Docking / Undocking,Other tug provider,1,1/29/2025,RML,,,mmsi-ops@malayanmaritime.com,APPROVED,346,,,,,,,,,,,,
1/29/2025,1/29/2025,1/29/2025,Call,Petrotrade Phil Inc.,,MT Maunlad,Local,1/29/2025,Batangas,Chevron Batangas,Docking / Undocking,MMSI,1,1/29/2025,RML,,,mmsi-ops@malayanmaritime.com,APPROVED,347,37k ptpm,,,,,,,,,,,
1/30/2025,1/30/2025,1/30/2025,SMS,YANGTZE PACIFIC SHIPPING LINES,,MT GIRONA,Local,1/31/2025,DAVAO,INSULAR OIL,Docking / Undocking,MMSI,1,1/30/2025,RML,,,mmsi-admin@malayanmaritime.com,APPROVED,348,,,,,,,,,,,,
1/30/2025,1/30/2025,1/30/2025,Email,WINDBAY SHIPPING AND LOGISTICS INC,,MT MISSION,Foreign,2/1/2025,SUBIC,PPC,Docking / Undocking,Other tug provider,2,1/30/2025,RML,,,mmsi-admin@malayanmaritime.com,APPROVED,349,,,,,,,,,,,,
1/31/2025,1/31/2025,1/31/2025,Email,WINDBAY SHIPPING AND LOGISTICS INC,,MT ARIADNI,Foreign,2/9/2025,DAVAO,LEGASPI OIL,Docking / Undocking,MMSI,3,1/31/2025,RML,,,mmsi-admin@malayanmaritime.com,APPROVED,350,,,,,,,,,,,,
1/31/2025,1/31/2025,1/25/2025,Viber,PHILHUA,,MV Tan An Honesty,Foreign,1/31/2025,Davao,Sasa Global Port,Docking / Undocking,MMSI,2,1/31/2025,RML,,,mmsi-ops@malayanmaritime.com,APPROVED,351,,,,,,,,,,,,
1/31/2025,1/31/2025,1/25/2025,Viber,Philhua,,MV Aris Lucky,Foreign,2/1/2025,Davao,Sasa Global Port,Docking / Undocking,MMSI,2,1/31/2025,RML,,,mmsi-ops@malayanmaritime.com,APPROVED,352,,,,,,,,,,,,
1/31/2025,1/31/2025,1/25/2025,Viber,Clio Shipping,,MV Ru Cheng San,Foreign,2/1/2025,Davao,Sasa Global Port,Docking / Undocking,MMSI,2,1/31/2025,RML,,,mmsi-ops@malayanmaritime.com,APPROVED,353,,,,,,,,,,,,
2/3/2025,2/3/2025,2/3/2025,Email,Insular Oil,,MT Panglao Island v892,Local,2/3/2025,Davao,IOC Sasa,Docking / Undocking,MMSI,2,2/3/2025,RML,,,mmsi-ops@malayanmaritime.com,APPROVED,354,,,,,,,,,,,,
2/3/2025,2/3/2025,2/3/2025,Viber,OMS,,MV Tan An Confidence,Foreign,2/4/2025,Davao,Kudos,Docking / Undocking,MMSI,2,2/3/2025,RML,,,mmsi-ops@malayanmaritime.com,APPROVED,355,,,,,,,,,,,,
2/3/2025,2/3/2025,2/3/2025,Email,Insular Oil,,MT Maringal v303,Local,2/6/2025,Davao,Insular Oil,Docking / Undocking,MMSI,2,2/3/2025,RML,,,mmsi-ops@malayanmaritime.com,APPROVED,356,,,,,,,,,,,,
2/3/2025,2/3/2025,2/3/2025,Email,Insular Oil,,MT Ava v356,Local,2/7/2025,Davao,IOC Sasa,Docking / Undocking,MMSI,2,2/4/2023,RML,,,mmsi-ops@malayanmaritime.com,APPROVED,357,,,,,,,,,,,,
2/3/2025,2/3/2025,2/3/2025,Call,INSULAR OIL CORPORATION,,MT CHELSEA ENDURANCE,Local,2/3/2025,DAVAO,PHOENIX,Docking / Undocking,MMSI,2,2/4/2023,RML,,,mmsi-admin@malayanmaritime.com,APPROVED,358,,,,,,,,,,,,
2/3/2025,2/3/2025,2/3/2025,Call,Herma Shipping,,MT Maalab,Local,2/3/2025,Batangas,Petron Mabini,Docking / Undocking,MMSI,1,2/4/2023,RML,,,mmsi-ops@malayanmaritime.com,APPROVED,359,,,,,,,,,,,,
2/3/2025,2/3/2025,2/3/2025,Viber,BAI SHIPPING,,MV AP QUEEN,Foreign,2/3/2025,DAVAO,TEFASCO,Docking / Undocking,MMSI,2,2/4/2023,RML,,,mmsi-admin@malayanmaritime.com,APPROVED,360,,,,,,,,,,,,
2/4/2025,2/4/2025,2/4/2025,Viber,BENLINE ,,MV FOREVER GLORY,Foreign,1/31/2025,SUBIC,PPC,Docking / Undocking,Other tug provider,2,2/4/2023,RML,,,mmsi-admin@malayanmaritime.com,APPROVED,361,,,,,,,,,,,,
2/4/2025,2/4/2025,2/4/2025,Viber,OMS SHIPPING SERVICES,,MV TAN AN CONFIDENCE,Foreign,2/5/2025,DAVAO,KUDOS,Docking / Undocking,MMSI,2,2/4/2023,RML,,,mmsi-admin@malayanmaritime.com,APPROVED,362,,,,,,,,,,,,
2/4/2025,2/4/2025,2/4/2025,Viber,OMS SHIPPING SERVICES,,MV STAR 55,Foreign,2/5/2025,DAVAO,KUDOS,Docking / Undocking,MMSI,2,2/4/2023,RML,,,mmsi-admin@malayanmaritime.com,APPROVED,363,,,,,,,,,,,,
2/5/2025,2/5/2025,2/4/2025,Call,Petrotrade,,MT Maunlad,Local,2/4/2025,Batangas,SRDC Batangas,Docking / Undocking,MMSI,2,2/8/2023,RML,,,mmsi-ops@malayanmaritime.com,APPROVED,364,,,,,,,,,,,,
2/5/2025,2/5/2025,2/5/2025,SMS,Insular Oil,,MT Casandra,Local,2/6/2025,CDO,PDOC,Docking / Undocking,Other tug provider,2,2/8/2023,RML,,,mmsi-ops@malayanmaritime.com,APPROVED,365,,,,,,,,,,,,
2/5/2025,2/5/2025,2/4/2025,Viber,Phil-Ceb,,MV Lorcon Dumaguete,Local,2/6/2025,Davao,Sasa Global Port,Docking / Undocking,MMSI,2,2/8/2023,RML,,,mmsi-ops@malayanmaritime.com,APPROVED,366,,,,,,,,,,,,
2/5/2025,2/5/2025,2/5/2025,SMS,ANIMO MARINE HAULER,,MTKR MARISEL,Local,2/6/2025,DAVAO,PHOENIX,Docking / Undocking,MMSI,1,2/8/2023,RML,,,mmsi-admin@malayanmaritime.com,APPROVED,367,,,,,,,,,,,,
2/5/2025,2/5/2025,2/6/2025,Call,SMC SHIPPING AND LOGISTICS INC,,SL TINDALO,Local,2/6/2025,DAVAO,PETRON,Docking / Undocking,MMSI,2,2/8/2023,RML,,,mmsi-admin@malayanmaritime.com,APPROVED,368,,,,,,,,,,,,
2/5/2025,2/5/2025,2/5/2025,Viber,OMS,,MV STar 55,Foreign,2/5/2025,Davao,Kudos,Docking / Undocking,MMSI,2,2/8/2023,RML,,,mmsi-ops@malayanmaritime.com,APPROVED,369,,,,,,,,,,,,
2/5/2025,2/5/2025,2/5/2025,Call,Petrotrade,,MT Sasa,Local,2/5/2025,Batangas,SRDC Sasa,Docking / Undocking,MMSI,2,2/8/2023,RML,,,mmsi-ops@malayanmaritime.com,APPROVED,370,,,,,,,,,,,,
2/7/2025,2/7/2025,2/6/2025,Viber,Ben Line,,BW Batangas,Foreign,2/6/2025,Batangas,BW Batangas,Ferry Service /Cargo Transfer,MMSI,1,2/8/2023,RML,,,mmsi-ops@malayanmaritime.com,APPROVED,371,,,,,,,,,,,,
2/10/2025,2/10/2025,2/10/2025,Call,Insular Oil,,MT Ava v357,Local,2/10/2025,Davao,IOC Sasa,Docking / Undocking,MMSI,2,2/11/2025,RML,,,mmsi-ops@malayanmaritime.com,APPROVED,372,,,,,,,,,,,,
2/10/2025,2/10/2025,2/7/2025,Email,Insular Oil,,MT Pamnglao Island v893,Local,2/10/2025,Davao,IOC Sasa,Docking / Undocking,MMSI,2,2/11/2025,RML,,,mmsi-ops@malayanmaritime.com,APPROVED,373,,,,,,,,,,,,
2/10/2025,2/10/2025,2/8/2025,Viber,Benline,,BW Batangas,Foreign,2/10/2025,Batangas,BW Batangas,Towing,MMSI,1,2/11/2025,RML,,,mmsi-ops@malayanmaritime.com,APPROVED,374,,,,,,,,,,,,
2/10/2025,2/10/2025,2/10/2025,Email,SRDC,,MT Maringal v304,Local,2/15/2025,Batangas,SRDC Batangas,Docking / Undocking,MMSI,2,2/11/2025,RML,,,mmsi-ops@malayanmaritime.com,APPROVED,375,,,,,,,,,,,,
2/10/2025,2/10/2025,2/7/2025,Call,Insular Oil,,MT Chelsea Endurance,Local,2/12/2025,SURIGAO,CORALES DEPOT,Docking / Undocking,MMSI,2,2/11/2025,RML,,,mmsi-ops@malayanmaritime.com,APPROVED,376,,,,,,,,,,,,
2/10/2025,2/10/2025,2/10/2025,Email,BEN LINE AGENCIES PHILS.,,DORIC COURAGE,Foreign,2/12/2025,SARIAYA,AZORA,Docking / Undocking,Other tug provider,2,2/11/2025,RML,,,mmsi-admin@malayanmaritime.com,APPROVED,378,,,,,,,,,,,,
2/10/2025,2/10/2025,2/10/2025,Email,BEN LINE AGENCIES PHILS.,,ATLANTIC T,Foreign,2/15/2025,DAVAO,INSULAR OIL,Docking / Undocking,MMSI,3,2/11/2025,RML,,,mmsi-admin@malayanmaritime.com,APPROVED,379,,,,,,,,,,,,
2/10/2025,2/10/2025,2/10/2025,Email,BEN LINE AGENCIES PHILS.,,ATLANTIC T,Foreign,2/15/2025,DAVAO,INSULAR OIL,Tending,MMSI,2,2/11/2025,RML,,,mmsi-admin@malayanmaritime.com,APPROVED,380,,,,,,,,,,,,
2/11/2025,2/11/2025,2/11/2025,Viber,Insular Oil,,MT Chelsea Endurance,Local,2/13/2025,Surigao,Corales Depot,Docking / Undocking,MMSI,2,2/11/2025,RML,,,mmsi-ops@malayanmaritime.com,APPROVED,381,,,,,,,,,,,,
2/11/2025,2/11/2025,2/11/2025,Email,Insular Oil,,MT Casandra v374,Local,2/13/2025,Davao,IOC Sasa,Docking / Undocking,MMSI,2,2/12/2025,RML,,,mmsi-ops@malayanmaritime.com,APPROVED,382,,,,,,,,,,,,
2/11/2025,2/11/2025,2/11/2025,Email,SRDC,,MT Malingap v373,Local,2/11/2025,Batangas,SRDC Batangas,Docking / Undocking,MMSI,2,2/12/2025,RML,,,mmsi-ops@malayanmaritime.com,APPROVED,383,,,,,,,,,,,,
2/12/2025,2/12/2025,2/12/2025,Viber,PHIL CEB,,MV HG PERTH,Foreign,2/14/2025,DAVAO,GLOBAL PORT,Docking / Undocking,MMSI,2,2/12/2025,RML,,,mmsi-admin@malayanmaritime.com,APPROVED,384,,,,,,,,,,,,
2/12/2025,2/12/2025,2/12/2025,Call,Petrotrade,,MT Sasa,Local,2/12/2025,Batangas,SRDC Batangas,Docking / Undocking,MMSI,1,2/14/2025,RML,,,mmsi-ops@malayanmaritime.com,APPROVED,385,,,,,,,,,,,,
2/13/2025,2/13/2025,2/13/2025,Email,Smithbell,,MT Weco Malou,Foreign,2/13/2025,CDO,PDOC,Docking / Undocking,Other tug provider,3,2/14/2025,RML,,,mmsi-ops@malayanmaritime.com,APPROVED,386,,,,,,,,,,,,
2/13/2025,2/13/2025,2/13/2025,SMS,NARRA TANKERS CORP,,NTC HARIBON,Local,2/19/2025,DAVAO,PETRON,Docking / Undocking,MMSI,2,2/14/2025,RML,,,mmsi-admin@malayanmaritime.com,APPROVED,387,,,,,,,,,,,,
2/14/2025,2/14/2025,2/14/2025,Email,Insular Oil,,MT Casandra v375,Local,2/17/2025,Davao,IOC Sasa,Docking / Undocking,MMSI,2,2/14/2025,RML,,,mmsi-ops@malayanmaritime.com,APPROVED,389,,,,,,,,,,,,
2/14/2025,2/14/2025,2/14/2025,Call,NARRA TANKER CORP,,NTC FALCON,Local,2/18/2025,DAVAO,PETRON,Docking / Undocking,MMSI,2,2/15/2025,RML,,,mmsi-admin@malayanmaritime.com,APPROVED,390,,,,,,,,,,,,
2/15/2025,2/15/2025,2/15/2025,Email,SRDC,,MT Panglao Island v894,Local,2/15/2025,Batangas,SRDC Batangas,Docking / Undocking,MMSI,2,2/17/2025,RML,,,mmsi-ops@malayanmaritime.com,APPROVED,391,,,,,,,,,,,,
2/17/2025,2/17/2025,2/17/2025,Email,WINDBAY SHIPPING AND LOGISTICS INC,,MV DIMIJOHN A,Foreign,2/27/2025,DAVAO,LEGASPI,Docking / Undocking,MMSI,3,2/17/2025,RML,,,mmsi-admin@malayanmaritime.com,APPROVED,392,,,,,,,,,,,,
2/17/2025,2/17/2025,2/17/2025,Viber,PHIL CEB,,MV WU ZHOU 8,Foreign,2/22/2025,DAVAO,THERMA SOUTH,Docking / Undocking,MMSI,2,2/17/2025,RML,,,mmsi-admin@malayanmaritime.com,APPROVED,393,,,,,,,,,,,,
2/17/2025,2/17/2025,2/16/2025,Viber,OMS,,TAN AN DYNAMIC,Foreign,2/21/2025,Davao,Kudos,Docking / Undocking,MMSI,2,2/18/2025,RML,,,mmsi-ops@malayanmaritime.com,APPROVED,384,,,,,,,,,,,,
2/17/2025,2/17/2025,2/16/2025,Viber,OMS,,OCean Bright,Foreign,2/19/2025,Davao,Kudos,Docking / Undocking,MMSI,2,2/18/2025,RML,,,mmsi-ops@malayanmaritime.com,APPROVED,385,,,,,,,,,,,,
2/17/2025,2/17/2025,2/17/2025,Email,Benline,,MT Jag Pooja,Foreign,2/19/2025,Davao,IOC Sasa,Docking / Undocking,MMSI,3,2/18/2025,RML,,,mmsi-ops@malayanmaritime.com,APPROVED,386,Plus rewatering 75 tons (3 trips @ 25 tons/trip)- P414K,,,,,,,,,,,
2/17/2025,2/17/2025,2/17/2025,Email,MARSHIPS,,MT PARTRIDGE PACIFIC,Foreign,2/18/2025,DAVAO,DB COM,Docking / Undocking,MMSI,2,2/18/2025,RML,,,mmsi-admjn@malayanmaritime.com,APPROVED,387,,,,,,,,,,,,
2/17/2025,2/17/2025,2/17/2025,Email,MAR SHIPS,,MT AQUILA,Foreign,2/19/2025,DAVAO,DBcom,Docking / Undocking,MMSI,2,2/18/2025,RML,,,mmsi-admin@malayanmaritime.com,APPROVED,388,,,,,,,,,,,,
2/18/2025,2/18/2025,2/18/2025,Email,Insular Oil,,MT Casandra v376,Local,2/24/2025,Davao,IOC Sasa,Docking / Undocking,MMSI,2,2/18/2025,RML,,,mmsi-ops@malayanmaritime.com,APPROVED,389,,,,,,,,,,,,
2/18/2025,2/18/2025,2/18/2025,Email,Insular,,MT Maringal v305,Local,2/22/2025,Davao,IOC Sasa,Docking / Undocking,MMSI,2,2/18/2025,RML,,,mmsi-ops@malayanmaritime.com,APPROVED,390,,,,,,,,,,,,
2/19/2025,2/19/2025,2/19/2025,SMS,ANIMO HAULERS,,MTKR MARISEL,Local,2/19/2025,DAVAO,PHOENIX,Docking / Undocking,MMSI,1,2/19/2025,RML,,,mmsi-admin@malayanmaritime.com,APPROVED,391,,,,,,,,,,,,
2/19/2025,2/19/2025,2/19/2025,Email,SRDC,,MT Panglao Island v895,Local,2/20/2025,Batangas,SRDC Batangas,Docking / Undocking,MMSI,2,2/20/2025,RML,,,mmsi-ops@malayanmaritime.com,APPROVED,392,,,,,,,,,,,,
2/19/2025,2/19/2025,2/19/2025,Call,SMC SHIPPING,,SL TINDALO,Local,2/20/2025,DAVAO,PETRON,Docking / Undocking,MMSI,2,2/20/2025,RML,,,mmsi-admin@malayanmaritime.com,APPROVED,393,,,,,,,,,,,,
2/25/2025,2/25/2025,2/25/2025,Viber,SOUTHWEST SHIPPING,,FENG YI 3,Foreign,2/27/2025,DAVAO,SHELL,Docking / Undocking,MMSI,2,2/25/2025,RML,,,mmsi-admin@malayanmaritime.com,APPROVED,394,,,,,,,,,,,,
2/25/2025,2/25/2025,2/25/2025,Viber,CLIO SHIPPING,,SPRING SHINE,Foreign,3/1/2025,DAVAO,SASA,Docking / Undocking,MMSI,2,2/25/2025,RML,,,mmsi-admin@malayanmaritime.com,APPROVED,395,,,,,,,,,,,,
2/25/2025,2/25/2025,2/25/2025,Viber,PHIL CEB,,MV RASALAS,Local,2/28/2025,DAVAO,SASA,Docking / Undocking,MMSI,2,2/25/2025,RML,,,mmsi-admin@malayanmaritime.com,APPROVED,396,,,,,,,,,,,,
2/27/2025,2/27/2025,2/27/2025,Viber,OMS,,TTC HAI PHONG,Foreign,3/1/2025,DAVAO,KUDOS,Docking / Undocking,MMSI,2,2/28/2025,RML,,,mmsi-admin@malayanmaritime.com,APPROVED,340,,,,,,,,,,,,
2/27/2025,2/27/2025,2/27/2025,Viber,OMS,,SUNRISE 69,Foreign,3/6/2025,DAVAO,KUDOS,Docking / Undocking,MMSI,2,2/28/2025,RML,,,mmsi-admin@malayanmaritime.com,APPROVED,341,,,,,,,,,,,,
3/1/2025,3/1/2025,3/1/2025,Viber,FULLSTEAM,,MV BAROSSA,Foreign,3/4/2025,DAVAO,HOLCIM,Docking / Undocking,MMSI,2,3/1/2025,RML,,,mmsi-admin@malayanmaritime.com,APPROVED,342,,,,,,,,,,,,
3/1/2025,3/1/2025,3/1/2025,Viber,GAC,,MV AFRICAN FLAMINHO,Foreign,3/4/2025,DAVAO,SASA,Docking / Undocking,MMSI,2,3/1/2025,RML,,,mmsi-admin@malayanmaritime.com,APPROVED,343,,,,,,,,,,,,
3/3/2025,3/3/2025,3/3/2025,Call,DAVAO,,SL TINDALO,Local,3/4/2025,DAVAO,PETRON,Docking / Undocking,MMSI,2,3/5/2025,RML,,,mmsi-admin@malayanmaritime.com,APPROVED,344,,,,,,,,,,,,
3/3/2025,3/3/2025,3/3/2025,Viber,PHIL CEB,,MV QUANG MINH 29,Foreign,3/4/2025,DAVAO,SASA,Docking / Undocking,MMSI,2,3/5/2025,RML,,,mmsi-admin@malayanmaritime.com,APPROVED,345,,,,,,,,,,,,
3/5/2025,3/5/2025,3/5/2025,Email,WINDBAY SHIPPING AND LOGISTICS INC,,MT KOURION,Foreign,3/10/2025,SURIGAO,CORRALES,Docking / Undocking,MMSI,3,3/7/2025,RML,,,mmsi-admin@malayanmaritime.com,APPROVED,346,,,,,,,,,,,,
3/5/2025,3/5/2025,3/5/2025,Email,WINDBAY SHIPPING AND LOGISTICS INC,,MT KOURION,Foreign,3/10/2025,SURIGAO,CORRALES,Standby,MMSI,2,3/7/2025,RML,,,mmsi-admin@malayanmaritime.com,APPROVED,347,Standby included on Rate Per mOVe Per Tug,,,,,,,,,,,
3/7/2025,3/7/2025,3/7/2025,Viber,MARSHIPS,,MT YANEE,Foreign,3/12/2025,DAVAO,SEA OIL STA CRUZ,Docking / Undocking,MMSI,2,3/7/2025,RML,,,mmsi-admin@malayanmaritime.com,APPROVED,348,,,,,,,,,,,,
3/8/2025,3/8/2025,3/8/2025,Call,SOUTHWEST SHIPPING,,FENG YI 3,Foreign,3/8/2025,DAVAO,SHELL,Docking / Undocking,MMSI,2,3/8/2025,RML,,,mmsi-admin@malayanmaritime.com,APPROVED,349,,,,,,,,,,,,
3/10/2025,3/10/2025,3/10/2025,SMS,NARRA TANKER CORP,,NTC FALCON,Local,3/13/2025,DAVAO,PETRON,Docking / Undocking,MMSI,2,3/10/2025,RML,,,mmsi-admin@malayanmaritime.com,APPROVED,350,,,,,,,,,,,,
3/10/2025,3/10/2025,3/10/2025,Email,FOUR DRAGONS SHIPPING SERVICES,,MT STOLT DUGONG,Foreign,3/30/2025,DAVAO,IOC,Docking / Undocking,MMSI,3,3/10/2025,RML,,,mmsi-admin@malayanmaritime.com,APPROVED,351,,,,,,,,,,,,
3/10/2025,3/10/2025,3/10/2025,Email,FOUR DRAGONS SHIPPING SERVICES,,MT STOLT DUGONG,Foreign,3/30/2025,DAVAO,IOC,Tending,MMSI,2,3/10/2025,RML,,,mmsi-admin@malayanmaritime.com,APPROVED,352,,,,,,,,,,,,
3/10/2025,3/10/2025,3/10/2025,Viber,PHIL CEB,,SPAN ASIA 55,Local,3/12/2025,DAVAO,Sasa,Docking / Undocking,MMSI,2,3/10/2025,RML,,,mmsi-admin@malayanmaritime.com,APPROVED,353,,,,,,,,,,,,
3/10/2025,3/10/2025,3/10/2025,Viber,PHIL CEB,,SPAN ASIA 72,Local,3/13/2025,DAVAO,SASA,Docking / Undocking,MMSI,2,3/10/2025,RML,,,mmsi-admin@malayanmaritime.com,APPROVED,354,,,,,,,,,,,,
3/14/2025,3/14/2025,3/14/2025,Viber,PHIL CEB,,MV MAGIC ECLIPSE,Foreign,3/15/2025,DAVAO,TSI,Docking / Undocking,MMSI,2,3/15/2025,RML,,,mmsi-admin@malayanmaritime.com,APPROVED,355,,,,,,,,,,,,
3/14/2025,3/14/2025,3/14/2025,Viber,PHIL CEB,,MV RASALAS,Local,3/16/2025,DAVAO,SASA,Docking / Undocking,MMSI,2,3/15/2025,RML,,,mmsi-admin@malayanmaritime.com,APPROVED,356,,,,,,,,,,,,
3/14/2025,3/14/2025,3/14/2025,Viber,CLIO SHIPPING,,AE VENUS,Foreign,3/13/2025,DAVAO,SASA,Docking / Undocking,MMSI,2,3/15/2025,RML,,,mmsi-admin@malayanmaritime.com,APPROVED,357,,,,,,,,,,,,
3/14/2025,3/14/2025,3/14/2025,Viber,PHILHUA,,NEW XA LA,Foreign,3/15/2025,DAVAO,Sasa,Docking / Undocking,MMSI,2,3/15/2025,RML,,,mmsi-admin@malayanmaritime.com,APPROVED,358,,,,,,,,,,,,
3/14/2025,3/14/2025,3/14/2025,Viber,CLIO SHIPPING,,Tong Mao,Foreign,3/15/2025,DAVAO,SASA,Docking / Undocking,MMSI,2,3/15/2025,RML,,,mmsi-admin@malayanmaritime.com,APPROVED,359,,,,,,,,,,,,
3/14/2025,3/14/2025,3/14/2025,Viber,PHILHUA,,GN RUBY,Foreign,3/17/2025,DAVAO,Sasa,Docking / Undocking,MMSI,2,3/15/2025,RML,,,mmsi-admin@malayanmaritime.com,APPROVED,360,,,,,,,,,,,,
3/15/2025,3/15/2025,3/15/2025,SMS,SMC SHIPPING AND LIGHTERAGE CORP,,SL TINDALO,Local,3/16/2025,DAVAO,PETRON,Docking / Undocking,MMSI,2,3/15/2025,RML,,,mmsi-admin@malayanmaritime.com,APPROVED,370,,,,,,,,,,,,
3/17/2025,3/18/2025,3/17/2025,SMS,ANIMO HAULERS,,MT MARISEL,Local,3/18/2025,DAVAO,PHOENIX,Docking / Undocking,MMSI,1,3/18/2025,RML,,,mmsi-admin@malayanmaritime.com,APPROVED,371,,,,,,,,,,,,
3/19/2025,3/19/2025,3/19/2025,SMS,Philhua,,YONG DING HE,Foreign,3/19/2025,DAVAO,Tefasco,Docking / Undocking,MMSI,2,3/20/2025,RML,,,mmsi-admin@malayanmaritime.com,APPROVED,372,,,,,,,,,,,,
3/19/2025,3/19/2025,3/19/2025,Viber,PHIL CEB,,SPAN ASIA 50,Local,3/20/2025,DAVAO,GLOBAL PORT,Docking / Undocking,MMSI,2,3/20/2025,RML,,,mmsi-admin@malayanmaritime.com,APPROVED,373,,,,,,,,,,,,
3/19/2025,3/19/2025,3/19/2025,SMS,NARRA TANKER CORP,,NTC FALCON,Local,3/22/2025,DAVAO,PETRON,Docking / Undocking,MMSI,2,3/20/2025,RML,,,mmsi-admin@malayanmaritime.com,APPROVED,374,,,,,,,,,,,,
3/19/2025,3/19/2025,3/19/2025,Viber,Mar ships,,MT YANEE,Foreign,3/20/2025,BATANGAS,MABINI,Docking / Undocking,MMSI,2,3/20/2025,RML,,,mmsi-admin@malayanmaritime.com,APPROVED,375,,,,,,,,,,,,
3/19/2025,3/19/2025,3/19/2025,Viber,PHIL CEB,,SPAN ASIA 73,Local,3/21/2025,DAVAO,GLOBAL PORT,Docking / Undocking,MMSI,2,3/20/2025,RML,,,mmsi-admin@malayanmaritime.com,APPROVED,376,,,,,,,,,,,,
3/21/2025,3/21/2025,3/21/2025,Viber,PHIL CEB,,MV LORCON BACOLOD,Local,3/21/2025,DAVAO,GLOBAL PORT,Docking / Undocking,MMSI,2,3/21/2025,RML,,,mmsi-admin@malayanmaritime.com,APPROVED,377,,,,,,,,,,,,
3/21/2025,3/21/2025,3/21/2025,SMS,SMC SHIPPING AND LIGHTERAGE CORP,,SL TINDALO,Local,3/26/2025,DAVAO,PETRON,Docking / Undocking,MMSI,2,3/21/2025,RML,,,mmsi-admin@malayanmaritime.com,APPROVED,378,,,,,,,,,,,,
3/23/2025,3/23/2025,3/23/2025,Call,SOUTHWEST SHIPPING,,FENG YI 6,Foreign,3/23/2025,DAVAO,SHELL,Docking / Undocking,MMSI,2,3/24/2025,RML,,,mmsi-admin@malayanmaritime.com,APPROVED,379,,,,,,,,,,,,
3/24/2025,3/24/2025,3/24/2025,Email,Mar Shipa,,MT Theresa Empat,Foreign,4/3/2025,DAVAO,NDOMILL,Docking / Undocking,MMSI,2,3/24/2025,RML,,,mmsi-admin@malayanmaritime.com,APPROVED,380,,,,,,,,,,,,
3/26/2025,3/26/2025,3/26/2025,Viber,BENLINE,,MV BELINDA,Foreign,4/3/2025,DAVAO,GLOBAL PORT,Docking / Undocking,MMSI,2,3/26/2025,RML,,,mmsi-admin@malayanmaritime.com,APPROVED,381,,,,,,,,,,,,
3/29/2025,3/29/2025,3/29/2025,Email,MARSHIPS,,MT THERESA TIGA,Foreign,4/6/2025,DAVAO,KTC,Docking / Undocking,MMSI,3,3/29/2025,RML,,,mmsi-admin@malayanmaritime.com,APPROVED,382,,,,,,,,,,,,
3/30/2025,3/30/2025,3/30/2025,Call,PHILHUA,,OCEAN HIRYU,Foreign,3/30/2025,DAVAO,GLOBAL PORT,Docking / Undocking,MMSI,3,3/31/2025,RML,,,mmsi-admin@malayanmaritime.com,APPROVED,383,,,,,,,,,,,,
3/31/2025,3/31/2025,3/31/2025,SMS,NARRA TANLER CORP,,NTC FALMINGO,Local,4/3/2025,DAVAO,PETRON,Docking / Undocking,MMSI,2,3/31/2025,RML,,,mmsi-admin@malayanmaritime.com,APPROVED,384,,,,,,,,,,,,
3/31/2025,3/31/2025,3/31/2025,Viber,PHIL CEB,,SPAN ASIA 50,Local,4/1/2025,DAVAO,GLOBAL PORT,Docking / Undocking,MMSI,2,4/2/2025,RML,,,mmsi-admin@malayanmaritime.com,APPROVED,385,,,,,,,,,,,,
4/2/2025,4/2/2025,4/2/2025,Call,CLIO SHIPPING,,OCEAN SEAGULL,Foreign,4/2/2025,DAVAO,Global port,Docking / Undocking,MMSI,2,4/5/2025,RML,,,mmsi-admin@malayanmaritime.com,APPROVED,386,,,,,,,,,,,,
4/3/2025,4/3/2025,4/3/2025,SMS,SOUTHWEST SHIPPING,,FENG YI 3,Foreign,4/6/2025,DAVAO,Shell,Docking / Undocking,MMSI,2,4/5/2025,RML,,,mmsi-admin@malayanmaritime.com,APPROVED,387,,,,,,,,,,,,
4/3/2025,4/3/2025,4/3/2025,SMS,PHILHUA,,LONG TAN 5,Foreign,4/12/2025,DAVAO,GLOBAL PORT,Docking / Undocking,MMSI,2,4/5/2025,RML,,,mmsi-admin@malayanmaritime.com,APPROVED,388,,,,,,,,,,,,
4/7/2025,4/7/2025,4/7/2025,SMS,SMC SHIPPING ,,SL TINDALO,Local,4/10/2025,DAVAO,PETRON,Docking / Undocking,MMSI,2,4/7/2025,RML,,,mmsi-admin@malayanmaritime.com,APPROVED,389,,,,,,,,,,,,
4/7/2025,4/7/2025,4/7/2025,Viber,PHIL CEB,,SPAN ASIA 70,Local,4/8/2025,DAVAO,GLOBAL PORT,Docking / Undocking,MMSI,2,4/7/2025,RML,,,mmsi-admin@malayanmaritime.com,APPROVED,390,,,,,,,,,,,,
4/7/2025,4/7/2025,4/7/2025,Viber,PHIL CEB,,PHC GLORY,Foreign,4/13/2025,DAVAO,GLOBAL PORT,Docking / Undocking,MMSI,2,4/7/2025,RML,,,mmsi-admin@malayanmaritime.com,APPROVED,391,,,,,,,,,,,,
4/7/2025,4/7/2025,4/7/2025,Viber,PHIL CEB,,MV JIA DA,Foreign,4/10/2025,DAVAO,TSI,Docking / Undocking,MMSI,2,4/7/2025,RML,,,mmsi-admin@malayanmaritime.com,APPROVED,392,,,,,,,,,,,,
4/7/2025,4/7/2025,4/7/2025,Viber,MAR SHIPS,,VSM UNITY,Foreign,4/11/2025,DAVAO,SEA OIL STA CRUZ,Docking / Undocking,MMSI,1,4/7/2025,RML,,,mmsi-admin@malayanmaritime.com,APPROVED,393,,,,,,,,,,,,
4/7/2025,4/7/2025,4/7/2025,Viber,MAR SHIPS,,MV CHAMPIONEVONY,Foreign,4/22/2025,DAVAO,DB COM,Docking / Undocking,MMSI,2,4/7/2025,RML,,,mmsi-admin@malayanmaritime.com,APPROVED,394,,,,,,,,,,,,
4/11/2025 1245H,4/11/2025 1245H,4/11/2025 1245H,Viber,MAR SHIPS,,VSM UNITY,Foreign,4/14/2025,BATANGAS,SEAOIL STA. CRUZ,Docking / Undocking,MMSI,2,4/11/2025,RML,,,,APPROVED,395,,,,,,,,,,,,
4/11/2025,4/11/2025,4/11/2025,Viber,PHILCEB,,MV JC TREASURE,Foreign,4/17/2025,DAVAO,GLOBAL PORT,Docking / Undocking,MMSI,2,4/12/2025,RML,,,mmsi-admin@malayanmaritime.com,APPROVED,396,,,,,,,,,,,,
4/11/2025,4/11/2025,4/11/2025,Email,SEADOVE MARITIME SERVICES INC,,MT WOOJIN ELVIS,Foreign,4/16/2025,DAVAO,INSULAR OIL,Docking / Undocking,MMSI,2,4/12/2025,RML,,,mmsi-admin@malayanmaritime.com,APPROVED,397,,,,,,,,,,,,
4/11/2025,4/11/2025,4/11/2025,Email,SEADOVE MARITIME,,MV WOOJIN ELVIS,Foreign,4/16/2025,DAVAO,INSULAR OIL,Tending,MMSI,1,4/12/2025,RML,,,mmsi-admin@malayanmaritime.com,APPROVED,398,,,,,,,,,,,,
4/15/2025,4/15/2025,4/15/2025,Viber,PHIL CEB,,SPAN ASIA 55,Local,4/15/2025,DAVAO,GLLOBAL PORT,Docking / Undocking,MMSI,2,4/16/2025,RML,,,mmsi-admin@malayanmaritime.com,APPROVED,400,,,,,,,,,,,,
4/15/2025,4/15/2025,4/15/2025,Viber,PHIL CEB ,,RASALAS,Local,4/17/2025,DAVAO,GLOBAL PORT,Docking / Undocking,MMSI,2,4/16/2025,RML,,,mmsi-admin@malayanmaritime.com,APPROVED,401,,,,,,,,,,,,
4/16/2025,4/16/2025,4/16/2025,SMS,ANIMO MARINE,,MT MARISEL,Local,4/16/2025,DAVAO,PHOENIX,Docking / Undocking,MMSI,1,4/18/2025,RML,,,mmsi-admin@malayanmaritime.com,APPROVED,402,,,,,,,,,,,,
4/17/2025,4/17/2025,4/17/2025,Call,SOUTHWEST SHIPPING,,FENG YI 6,Foreign,4/17/2025,Davao,SHELL,Docking / Undocking,MMSI,2,4/18/2025,RML,,,mmsi-admin@malayanmaritime.com,APPROVED,403,,,,,,,,,,,,
4/19/2025,4/19/2025,4/19/2025,SMS,NARRA TANKER CORP,,NTC FALCON,Local,4/24/2025,DAVAO,PETRON,Docking / Undocking,MMSI,2,4/21/2025,RML,,,mmsi-admin@malayanmaritime.com,APPROVED,404,,,,,,,,,,,,
4/21/2025,4/21/2025,4/21/2025,Viber,PHIL CEB,,SPAN ASIA 70,Local,4/22/2025,DAVAO,GLOBAL PORT,Docking / Undocking,MMSI,2,4/21/2025,RML,,,mmsi-admin@malayanmaritime.com,APPROVED,405,,,,,,,,,,,,
4/22/2025,4/22/2025,4/22/2025,Viber,PHILHUA,,CHAMG HANG HAO HAI,Foreign,4/17/2025,DAVAO,GLOBAL PORT,Docking / Undocking,MMSI,3,4/21/2025,RML,,,mmsi-admin@malayanmaritime.com,APPROVED,406,,,,,,,,,,,,
4/22/2025,4/22/2025,4/22/2025,Call,PHILHUA,,EVER CHAMPION,Foreign,4/22/2025,DAVAO,GLOBAL PORT,Docking / Undocking,MMSI,2,4/21/2025,RML,,,mmsi-admin@malayanmaritime.com,APPROVED,407,,,,,,,,,,,,
4/23/2025,4/23/2025,4/23/2025,Call,SHARPORT ,,RM 5,Foreign,4/23/2025,DAVAO,KTC,Docking / Undocking,MMSI,2,4/23/2025,RML,,,mmsi-admin@malayanmaritime.com,APPROVED,408,,,,,,,,,,,,
4/23/2025,4/23/2025,4/23/2025,SMS,CLIO SHIPPING,,SHENG JI HAI,Foreign,4/24/2025,DAVAO ,GLOBAL PORT,Docking / Undocking,MMSI,3,4/23/2025,RML,,,mmsi-admin@malayanmaritime.com,APPROVED,409,,,,,,,,,,,,
4/23/2025,4/23/2025,4/23/2025,Viber,BENLINE,,MV CLIPPER MEDWAY,Foreign,5/1/2025,DAVAO,GLOBAL PORT,Docking / Undocking,MMSI,2,4/23/2025,RML,,,mmsi-admin@malayanmaritime.com,APPROVED,410,,,,,,,,,,,,
4/23/2025,4/23/2025,4/23/2025,Viber,PHIL CEB,,MV RUI NING 21,Foreign,5/2/2025,DAVAO,THERMA SOUTH,Docking / Undocking,MMSI,2,4/24/2025,RML,,,mmsi-admin@malayanmaritime.com,APPROVED,411,,,,,,,,,,,,
4/24/2025,4/24/2025,4/24/2025,SMS,NARRA TANKER CORP,,NTC HERON,Local,4/28/2025,DAVAO,PETRON,Docking / Undocking,MMSI,2,4/24/2025,RML,,,mmsi-admin@malayanmaritime.com,APPROVED,412,,,,,,,,,,,,
4/24/2025,4/24/2025,4/24/2025,Call,OMS,,LUCKY STAR,Foreign,4/24/2025,DAVAO,KUDOS,Docking / Undocking,MMSI,2,4/25/2025,RML,,,mmsi-admin@malayanmaritime.com,APPROVED,413,,,,,,,,,,,,
4/24/2025,4/24/2025,4/24/2025,SMS,SMC SHIPPING AND LIGHTERAGE CORP,,SL TINDALO,Local,4/25/2025,DAVAO,PETRON,Docking / Undocking,MMSI,2,4/25/2025,RML,,,mmsi-admin@malayanmaritime.com,APPROVED,414,,,,,,,,,,,,
4/25/2025,4/25/2025,4/29/2025,SMS,NARRA TANKER CORP,,NTC HARIBON,Local,4/29/2025,DAVAO,PETRON,Docking / Undocking,MMSI,2,4/26/2025,RML,,,mmsi-admin@malayanmaritime.com,APPROVED,415,,,,,,,,,,,,
4/29/2025,4/29/2025,4/29/2025,Viber,PHIL CEB,,SPAN ASIA 55,Local,4/29/2025,DAVAO,GLOBAL PORT,Docking / Undocking,MMSI,2,4/30/2025,RML,,,mmsi-admin@malayanmaritime.com,APPROVED,416,,,,,,,,,,,,
4/29/2025,4/29/2025,4/29/2025,Viber,MARSHIPS,,MT THERESA LIMA,Foreign,5/6/2025,DAVAO,NDOMILL,Docking / Undocking,MMSI,3,4/30/2025,RML,,,mmsi-admin@malayanmaritime.com,APPROVED,417,,,,,,,,,,,,
4/29/2025,4/29/2025,4/29/2025,Viber,PHIL CEB,,MV RASALAS,Local,4/30/2025,DAVAO,GLOBAL PORT,Docking / Undocking,MMSI,2,4/30/2025,RML,,,mmsi-admin@malayanmaritime.com,APPROVED,418,,,,,,,,,,,,
4/30/2025,4/30/2025,4/30/2025,Call,SOUTHWEST SHIPPING,,FENG YI 3,Foreign,5/1/2025,DAVAO,SHELL,Docking / Undocking,MMSI,2,4/30/2025,RML,,,mmsi-admin@malayanmaritime.com,APPROVED,419,,,,,,,,,,,,
4/30/2025,4/30/2025,4/30/2025,Call,SMC SHIPPING & LIGHTERAGE CORP,,SL NARRA,Local,5/1/2025,DAVAO,PETRON,Docking / Undocking,MMSI,2,4/30/2025,RML,,,mmsi-admin@malayanmaritime.com,APPROVED,420,,,,,,,,,,,,
5/1/2025,5/1/2025,5/1/2025,Call,PHILHUA,,Hoa Binh,Foreign,5/1/2025,DAVAO,GLOBAL PORT,Docking / Undocking,MMSI,2,5/3/2025,RML,,,mmsi-admin@malayanmaritime.com,APPROVED,421,,,,,,,,,,,,
5/2/2025,5/2/2025,5/2/2025,Viber,PHIL CEB,,MV DS PROSPERITY,Foreign,5/4/2025,DAVAO,GLOBAL PORT,Docking / Undocking,MMSI,2,5/3/2025,RML,,,mmsi-admin@malayanmaritime.com,APPROVED,422,,,,,,,,,,,,
5/3/2025,5/3/2025,5/3/2025,Email,WINDBAY SHIPPING AND LOGISTICS INC,,MT NAVE VELOCITY,Foreign,5/8/2025,DAVAO,IOC DAVAO,Docking / Undocking,MMSI,3,5/5/2025,RML,,,mmsi-admin@malayanmaritime.com,APPROVED,423,,,,,,,,,,,,
5/3/2025,5/3/2025,5/3/2025,Viber,WINDBAY SHIPPING AND LOGISTICS INC,,MT NAVE VELOCITY,Foreign,5/8/2025,DAVAO,IOC DAVAO,Tending,MMSI,2,5/5/2025,RML,,,mmsi-admin@malayanmaritime.com,APPROVED,424,,,,,,,,,,,,
5/5/2025,5/5/2025,5/5/2025,Viber,PHILCEB,,MV 2GO MASINAG,Local,5/6/2025,DAVAO,GLOBAL PORT,Docking / Undocking,MMSI,2,5/5/2025,RML,,,mmsi-admin@malayanmaritime.com,APPROVED,425,,,,,,,,,,,,
5/5/2025,5/5/2025,5/5/2025,Viber,PHILCEB,,MV SPAN ASIA 75,Local,5/5/2025,DAVAO,GLOBAL PORT,Docking / Undocking,MMSI,2,5/5/2025,RML,,,mmsi-admin@malayanmaritime.com,APPROVED,426,,,,,,,,,,,,
5/7/2025,5/7/2025,5/7/2025,Viber,PHIL CEB,,MV SAILBOARD,Foreign,5/11/2025,DAVAO,GLOBAL PORT,Docking / Undocking,MMSI,2,5/8/2025,RML,,,mmsi-admin@malayanmaritime.com,APPROVED,427,,,,,,,,,,,,
5/7/2025,5/7/2025,5/7/2025,Email,WINDBAY SHIPPING AND LOGISTICS INC,,SSI INTERCEPTOR,Foreign,5/15/2025,DAVAO,LEGASPI OIL,Docking / Undocking,MMSI,3,5/8/2025,RML,,,mmsi-admin@malayanmaritime.com,APPROVED,428,,,,,,,,,,,,
5/8/2025,5/8/2025,5/8/2025,SMS,SMC SHIPPING AND LIGHTERAGE CORP,,SL MOLAVE,Local,5/13/2025,DAVAO,PETRON,Docking / Undocking,MMSI,2,5/8/2025,RML,,,mmsi-admin@malayanmaritime.com,APPROVED,429,,,,,,,,,,,,
5/8/2025,5/8/2025,5/8/2025,Viber,SOUTHWEST SHIPPING,,FENG YI 6,Foreign,5/13/2025,DAVAO,SHELL,Docking / Undocking,MMSI,2,5/9/2025,RML,,,mmsi-admin@malayanmaritime.com,APPROVED,430,,,,,,,,,,,,
5/8/2025,5/8/2025,5/8/2025,Viber,CLIO SHIPPING,,MAGESTIC MARINA,Foreign,5/13/2025,DAVAO,GLOBAL PORT,Docking / Undocking,MMSI,2,5/9/2025,RML,,,mmsi-admin@malayanmaritime.com,APPROVED,431,,,,,,,,,,,,
5/8/2025,5/8/2025,5/8/2025,Viber,BENLINE,,PVT AROMA,Foreign,5/21/2025,CDO,MACABALAN,Docking / Undocking,MMSI,2,,RML,,,mmsi-admin@malayanmaritime.com,PENDING,,checking rates to offer Benline (incl company discount for Benline),,,,,,,,,,,
5/10/2025,5/10/2025,5/10/2025,Viber,PHIL CEB,,2GO MASINAG,Local,5/12/2025,DAVAO,GLOBAL PORT,Docking / Undocking,MMSI,2,5/12/2025,RML,,,mmsi-admin@malayanmaritime.com,APPROVED,,,,,,,,,,,,,
5/12/2025,5/12/2025,5/12/2025,Call,FULL STEAM,,TAN BINH 234,Foreign,5/13/2025,DAVAO,HOLCIM,Docking / Undocking,MMSI,2,5/15/2025,RML,,,mmsi-admin@malayanmaritime.com,APPROVED,,,,,,,,,,,,,
5/13/2025,5/13/2025,5/13/2025,Viber,PHIL CEB,,MV SPAN ASIA 12,Local,5/14/2025,DAVAO,GLOBAL PORT,Docking / Undocking,MMSI,2,5/15/2025,RML,,,mmsi-admin@malayanmaritime.com,APPROVED,,,,,,,,,,,,,
5/13/2025,5/13/2025,5/13/2025,Email,MAR SHIPS,,MT GATEWAY,Foreign,5/17/2025,DAVAO,IOC ,Docking / Undocking,MMSI,3,5/15/2025,RML,,,mmsi-admin@malayanmaritime.com,APPROVED,,,,,,,,,,,,,
5/13/2025,5/13/2025,5/13/2025,Email,MAR SHIPS,,MT GATEWAY,Foreign,5/17/2025,DAVAO,IOC,Tending,MMSI,2,5/15/2025,RML,,,mmsi-admin@malayanmaritime.com,APPROVED,,,,,,,,,,,,,
5/14/2025,5/14/2025,5/14/2025,Email,SMITH BELL SHIPPING,,MV PORT ALBERNI,Foreign,5/27/2025,DAVAO,GLOBAL PORT,Docking / Undocking,MMSI,2,5/15/2025,RML,,,mmsi-admin@malayanmaritime.com,APPROVED,,,,,,,,,,,,,
5/14/2025,5/14/2025,5/14/2025,Call,ANIMO MARINE,,MTKR MARISEL,Local,5/14/2025,DAVAO,PHOENIX,Docking / Undocking,MMSI,1,5/15/2025,RML,,,mmsi-admin@malayanmaritime.com,APPROVED,,,,,,,,,,,,,
5/15/2025,5/15/2025,5/15/2025,Viber,PHILCEB,,MV MERCURY,Foreign,5/17/2025,DAVAO,GLOBAL PORT,Docking / Undocking,MMSI,2,5/16/2025,RML,,,mmsi-admin@malayanmaritime.com,APPROVED,,,,,,,,,,,,,
5/15/2025,5/15/2025,5/15/2025,Viber,PHILCEB,,GENERAL NATIVIDAD,Local,5/15/2025,DAVAO,GLOBAL PORT,Docking / Undocking,MMSI,2,5/16/2025,RML,,,mmsi-admin@malayanmaritime.com,APPROVED,,,,,,,,,,,,,
5/16/2025,5/16/2025,5/16/2025,Email,FOUR DRAGONS,,STOLT COURAGE,Foreign,5/27/2025,Davao,IOC,Docking / Undocking,MMSI,3,5/16/2025,RML,,,mmsi-admin@malayanmaritime.com,APPROVED,,,,,,,,,,,,,
5/16/2025,5/16/2025,5/16/2025,Email,FOUR DRAGONS,,STOLT COURAGE,Foreign,5/27/2025,DAVAO,IOC DAVAO,Tending,MMSI,2,5/16/2025,RML,,,mmsi-admin@malayanmaritime.com,APPROVED,,,,,,,,,,,,,
5/19/2025,5/19/2025,5/19/2025,Email,SMITHBELL,,MV CLIPPER CLYDE,Foreign,5/25/2025,DAVAO,HOLCIM,Docking / Undocking,MMSI,2,5/21/2025,RML,,,mmsi-admin@malayanmaritime.com,APPROVED,,,,,,,,,,,,,
5/19/2025,5/19/2025,5/19/2025,SMS,SHARPORT,,MT S SAHAMIT 3,Foreign,5/25/2025,DAVAO,KTC,Docking / Undocking,MMSI,2,5/21/2025,RML,,,mmsi-admin@malayanmaritime.com,APPROVED,,,,,,,,,,,,,
5/20/2025,5/20/2025,5/20/2025,Viber,MARSHIPS,,MT ZY GALAXY,Foreign,5/25/2025,BATANGAS,SEA OIL MABINI,Docking / Undocking,MMSI,2,5/21/2025,RML,,,mmsi-admin@malayanmaritime.com,APPROVED,,,,,,,,,,,,,
5/20/2025,5/20/2025,5/20/2025,Viber,MARSHIPS,,MT THERESA GALAXY,Foreign,5/31/2025,DAVAO,DBCOM,Docking / Undocking,MMSI,2,5/21/2025,RML,,,mmsi-admin@malayanmaritime.com,APPROVED,,,,,,,,,,,,,
5/20/2025,5/20/2025,5/20/2025,SMS,SMC SHIPPING,,SL TINDALO,Local,5/21/2025,DAVAO,PETRON,Docking / Undocking,MMSI,2,5/21/2025,RML,,,mmsi-admin@malayanmaritime.com,APPROVED,,,,,,,,,,,,,
5/20/2025,5/20/2025,5/20/2025,Viber,PHIL CEB,,RASALAS,Local,5/22/2025,DAVAO,GLOBAL PORT,Docking / Undocking,MMSI,2,5/21/2025,RML,,,mmsi-admin@malayanmaritime.com,APPROVED,,,,,,,,,,,,,
5/21/2025,5/21/2025,5/21/2025,Viber,PHIL CEB,,RASALAS,Local,5/22/2025,DAVAO,GLOBAL PORT,Docking / Undocking,MMSI,2,5/21/2025,RML,,,mmsi-admin@malayanmaritime.com,APPROVED,,,,,,,,,,,,,
5/22/2025,5/22/2025,5/22/2025,Email,SEADOVE MARITIME SERVICES INC,,LPGC ESMERALDA,Foreign,5/29/2025,DAVAO,SHELL,Docking / Undocking,MMSI,2,5/23/2025,RML,,,mmsi-admin@malayanmaritime.com,APPROVED,,,,,,,,,,,,,
5/26/2025,5/26/2025,5/26/2025,Viber,BENLINE,,SEAWAYS OLIVE,Foreign,5/15/2025,SUBIC,PPC,Docking / Undocking,Subcon,2,5/26/2025,RML,,,mmsi-admin@malayanmaritime.com,APPROVED,,,,,,,,,,,,,
5/26/2025,5/26/2025,5/26/2025,Viber,PHIL CEB,,SPAN ASIA 71,Local,5/27/2025,DAVAO,GLOBAL PORT,Docking / Undocking,MMSI,2,5/27/2025,RML,,,mmsi-admin@malayanmaritime.com,APPROVED,,,,,,,,,,,,,
5/27/2025,5/27/2025,5/27/2025,Viber,PHIL CEB,,ILLAWARA FORTUNE,Foreign,5/31/2025,DAVAO,THERMA SOUTH,Docking / Undocking,MMSI,2,5/27/2025,RML,,,mmsi-admin@malayanmaritime.com,APPROVED,,,,,,,,,,,,,
5/28/2025,5/28/2025,5/28/2025,Viber,PHIL CEB,,LORCON BACOLOD,Local,5/28/2025,DAVAO,GLOBAL PORT,Docking / Undocking,MMSI,2,5/27/2025,RML,,,mmsi-admin@malayanmaritime.com,APPROVED,,,,,,,,,,,,,
5/28/2025,5/25/2025,5/26/2025,SMS,Mar-Ship agent,,2502,Foreign,5/26/2025,Port of batangas,Seaoil Mabini terminal ,Docking / Undocking,MMSI,2,5/27/2025,RML,,,cesariolao.01@gmail.com,APPROVED,,,,,,,,,,,,,
5/28/2025,5/28/2025,5/28/2025,Call,CLIO SHIPPING,,YONG SHENG 98,Foreign,5/28/2025,DAVAO,GLOBAL PORT,Docking / Undocking,MMSI,2,5/30/2025,RML,,,mmsi-admin@malayanmaritime.com,APPROVED,,,,,,,,,,,,,
6/2/2025,6/2/2025,6/2/2025,Viber,MARSHIPS,,VSM UNITY,Foreign,6/11/2025,LEYTE,VISPET,Docking / Undocking,MMSI,1,6/2/2025,RML,,,mmsi-admin@malayanmaritime.com,APPROVED,,,,,,,,,,,,,
6/2/2025,6/2/2025,6/5/2025,Email,SMITHBELL,,CHANG HANG CHENG GONG,Foreign,6/5/2025,SUBIC,PPC,Docking / Undocking,Subcon,2,6/3/2025,RML,,,mmsi-admin@malayanmaritime.com,APPROVED,,,,,,,,,,,,,
6/2/2025,6/2/2025,6/2/2025,Viber,PHILCEB,,SPAN ASIA 75,Local,6/5/2025,DAVAO,GLOBAL PORT,Docking / Undocking,MMSI,2,6/3/2025,RML,,,mmsi-admin@malayanmaritime.com,APPROVED,,,,,,,,,,,,,
6/3/2025,6/3/2025,6/3/2025,Email,SMITHBELL,,MT FALCON MAGESTIC,Foreign,6/5/2025,SARIAYA,AZORA,Docking / Undocking,Subcon,2,6/4/2025,RML,,,mmsi-admin@malayanmaritime.com,APPROVED,,,,,,,,,,,,,
6/3/2025,6/3/2025,6/3/2025,Viber,OMS,,MP STAR,Foreign,6/6/2025,DAVAO,KUDOS,Docking / Undocking,MMSI,2,6/4/2025,RML,,,mmsi-admin@malayanmaritime.com,APPROVED,,,,,,,,,,,,,
6/3/2025,6/3/2025,6/3/2025,Email,WINDBAY SHIPPING AND LOGISTICS INC,,MV PORT BELMONTE,Foreign,6/19/2025,DAVAO,STA CRUZ,Docking / Undocking,MMSI,3,6/4/2025,RML,,,mmsi-admin@malayanmaritime.com,APPROVED,,,,,,,,,,,,,
6/3/2025,6/3/2025,6/3/2025,Call,CLIO SHIPPING,,BAO LAI,Foreign,6/6/2025,DAVAO,GLOBAL PORT,Docking / Undocking,MMSI,2,6/4/2025,RML,,,mmsi-admin@malayanmaritime.com,APPROVED,,,,,,,,,,,,,
6/3/2025,6/3/2025,6/3/2025,Call,PHILHUA,,TAO TREASURE,Foreign,6/7/2025,DAVAO,GLOBAL PORT,Docking / Undocking,MMSI,2,6/4/2025,RML,,,mmsi-admin@malayanmaritime.com,APPROVED,,,,,,,,,,,,,
6/3/2025,6/3/2025,6/3/2025,Call,PHILHUA,,JAGUAR,Foreign,6/8/2025,DAVAO,GLOBAL PORT,Docking / Undocking,MMSI,2,6/4/2025,RML,,,mmsi-admin@malayanmaritime.com,APPROVED,,,,,,,,,,,,,
6/5/2025,6/5/2025,6/5/2025,Email,MAR-SHIPS,,MT LEONORA VICTORY,Foreign,6/16/2025,DAVAO,DBCOM,Docking / Undocking,MMSI,2,6/5/2025,RML,,,mmsi-admin@malayanmaritime.com,APPROVED,,,,,,,,,,,,,
6/5/2025,6/5/2025,6/5/2025,Call,SMC SHIPPING,,SL TINDALO,Local,6/6/2025,DAVAO,PETRON,Docking / Undocking,MMSI,2,6/7/2025,RML,,,mmsi-admin@malayanmaritime.com,APPROVED,,,,,,,,,,,,,
6/6/2025,6/6/2025,6/6/2025,SMS,YANGTZE PACIFIC SHIPPING LINES,,MT GIRONA,Local,6/12/2025,DAVAO,IOC DAVAO,Docking / Undocking,MMSI,1,6/7/2025,RML,,,mmsi-admin@malayanmaritime.com,APPROVED,,,,,,,,,,,,,
6/6/2025,6/6/2025,6/6/2025,Viber,PHIL CEB,,MV RASALAS,Local,6/7/2025,DAVAO,GLOBAL PORT,Docking / Undocking,MMSI,2,6/7/2025,RML,,,mmsi-admin@malayanmaritime.com,APPROVED,,,,,,,,,,,,,
6/6/2025,6/6/2025,6/6/2025,Email,MARSHIPS,,MT FALCON MAJESTIC,Foreign,6/9/2025,LEYTE,VISPET,Docking / Undocking,MMSI,3,6/7/2025,RML,,,mmsi-admin@malayanmaritime.com,APPROVED,,,,,,,,,,,,,
6/8/2025,6/8/2025,6/8/2025,Email,WINDBAY SHIPPING AND LOGISTICE.INC,,MT MAERSK MISSSISIPPI,Foreign,6/12/2025,DAVAO,IOC DAVAO,Docking / Undocking,MMSI,3,6/14/2025,RML,,,mmsi-admin@malayanmaritime.com,APPROVED,,,,,,,,,,,,,
6/8/2025,6/8/2025,6/8/2025,Email,WINDBAY SHIPPING AND LOGISTICS INC,,MT  MAERSK MISSISSIPPI,Foreign,6/12/2025,DAVAO,IOC DAVAO,Tending,MMSI,2,6/14/2025,RML,,,mmsi-admin@malayanmaritime.com,APPROVED,,,,,,,,,,,,,
6/9/2025,6/9/2025,6/9/2025,SMS,NARRA TANKER CORP,,NTC FLAMINGO,Local,6/11/2025,DAVAO,PETRON,Docking / Undocking,MMSI,2,6/14/2025,RML,,,mmsi-admin@malayanmaritime.com,APPROVED,,,,,,,,,,,,,
6/9/2025,6/9/2025,6/9/2025,Viber,MARSHIPS,,MT GOLDEN DENISE,Foreign,6/23/2025,BATANGAS,SEA OIL,Docking / Undocking,MMSI,2,6/14/2025,RML,,,mmsi-admin@malayanmaritime.com,APPROVED,,,,,,,,,,,,,
6/9/2025,6/9/2025,6/9/2025,Viber,PHIL CEB,,SPAN ASIA 70,Local,6/10/2025,DAVAO,GLOBAL PORT,Docking / Undocking,MMSI,2,6/14/2025,RML,,,mmsi-admin@malayanmaritime.com,APPROVED,,,,,,,,,,,,,
6/11/2025,6/11/2025,6/11/2025,Viber,PHIL CEB,,MV QUEEN YAN,Foreign,6/12/2025,DAVAO,GLOBAL PORT,Docking / Undocking,MMSI,2,6/14/2025,RML,,,mmsi-admin@malayanmaritime.com,APPROVED,,,,,,,,,,,,,
6/13/2025,6/13/2025,6/13/2025,Viber,PHIL CEB,,MV LORCON BACOLOD,Local,6/14/2025,DAVAO ,GLOBAL PORT,Docking / Undocking,MMSI,2,6/14/2025,RML,,,mmsi-admin@malayanmaritime.com,APPROVED,,,,,,,,,,,,,
6/13/2025,6/13/2025,6/14/2025,Viber,OMS,,MP STAR,Foreign,6/14/2025,DAVAO,KUDOS,Docking / Undocking,MMSI,2,6/14/2025,RML,,,mmsi-admin@malayanmaritime.com,APPROVED,,,,,,,,,,,,,
6/13/2025,6/13/2025,6/13/2025,Email,WINDBAY SHIPPING AND LOGISTICS INC,,MT TORM ALMENA,Foreign,6/18/2025,DAVAO,IOC ,Docking / Undocking,MMSI,3,6/14/2025,RML,,,mmsi-admin@malayanmaritime.com,APPROVED,,,,,,,,,,,,,
6/13/2025,6/13/2025,6/13/2025,Email,WINDBAY SHIPPING AND LOGISTICS INC,,MT TORM ALMENA,Foreign,6/18/2025,DAVAO,IOC,Tending,MMSI,2,6/14/2025,RML,,,mmsi-admin@malayanmaritime.com,APPROVED,,,,,,,,,,,,,
6/15/2025,6/15/2025,6/15/2025,SMS,ANIMO MARINE HAULERS ,,MTKR MARISEL,Local,6/15/2025,DAVAO,PHOENIX,Docking / Undocking,MMSI,1,6/17/2025,RML,,,mmsi-admjn@malayanmaritime.com,APPROVED,,,,,,,,,,,,,
6/17/2025,6/17/2025,6/17/2025,Email,FOUR DRAGONS SHIPPING SERVICES,,MT HAFNIA COUGAR,Foreign,6/20/2025,SARIAYA,AZORA,Docking / Undocking,MMSI  Subcon,2,6/17/2025,RML,,,mmsi-admin@malayanmaritime.com,APPROVED,,,,,,,,,,,,,
6/17/2025,6/17/2025,6/17/2025,Viber,SOUTHWEST SHIPPING,,FENG YI 3,Foreign,6/22/2025,DAVAO,SHELL,Docking / Undocking,MMSI,2,6/17/2025,RML,,,mmsi-admin@malayanmaritime.com,APPROVED,,,,,,,,,,,,,
6/17/2025,6/17/2025,6/17/2025,Viber,PHILHUA,,OCEAN SMOOTH,Foreign,6/24/2025,DAVAO,GLOBAL,Docking / Undocking,MMSI,2,6/17/2025,RML,,,mmsi-admin@malayanmaritime.com,APPROVED,,,,,,,,,,,,,
6/18/2025,6/18/2025,6/18/2025,SMS,SMC SHIPPING AND LIGHTERAGE CORP,,SL TINDALO,Local,6/20/2025,DAVAO,PETRON,Docking / Undocking,MMSI,2,6/20/2025,RML,,,mmsi-admin@malayanmaritime.com,APPROVED,,,,,,,,,,,,,
6/18/2025,6/18/2025,6/18/2025,Call,SMC SHIPPING AND LIGHTERAGE CORP,,SL MOLAVE,Local,6/22/2025,DAVAO,PETRON,Docking / Undocking,MMSI,2,6/20/2025,RML,,,mmsi-admin@malayanmaritime.com,APPROVED,,,,,,,,,,,,,
6/19/2025,6/19/2025,6/19/2025,Viber,PHIL CEB,,MV RASALAS,Local,6/20/2025,DAVAO,Global Port,Docking / Undocking,MMSI,2,6/20/2025,RML,,,mmsi-admin@malayanmaritime.com,APPROVED,,,,,,,,,,,,,
6/19/2025,6/19/2025,6/19/2025,Viber,PHILCEB,,SPAN ASIA 25,Local,6/20/2025,DAVAO,GLOBAL PORT,Docking / Undocking,MMSI,2,6/20/2025,RML,,,mmsi-admin@malayanmaritime.com,APPROVED,,,,,,,,,,,,,
6/23/2025,6/23/2025,6/23/2025,Viber,BENLINE,,BH HENGSHUI,Foreign,7/3/2025,DAVAO,GLOBAL PORT,Docking / Undocking,MMSI,2,6/25/2025,RML,,,mmsi-admin@malayanmaritime.com,APPROVED,,,,,,,,,,,,,
6/23/2025,6/23/2025,6/23/2025,SMS,SOUTHWEST SHIPPING,,FENG YI 6,Foreign,6/29/2025,DAVAO,SHELL,Docking / Undocking,MMSI,2,6/25/2025,RML,,,mmsi-admin@malayanmaritime.com,APPROVED,,,,,,,,,,,,,
6/24/2025,6/24/2025,6/24/2025,SMS,CLIO SHIPPING,,MV YING HUA,Foreign,6/25/2025,DAVAO,GLOBAL PORT,Docking / Undocking,MMSI,2,6/25/2025,RML,,,mmsi-admin@malayanmaritime.com,APPROVED,,,,,,,,,,,,,
6/24/2025,6/24/2025,6/24/2025,Viber,PhilCeb,,SPAN ASIA 50,Local,6/25/2025,DAVAO,GLOBAL PORT,Docking / Undocking,MMSI,2,6/25/2025,RML,,,mmsi-admin@malayanmaritime.com,APPROVED,,,,,,,,,,,,,
6/24/2025,6/24/2025,6/24/2025,Viber,PHIL CEB,,LORCON BACOLOD,Local,6/26/2025,DAVAO,GLOBAL PORT,Docking / Undocking,MMSI,2,6/25/2025,RML,,,mmsi-admin@malayanmaritime.com,APPROVED,,,,,,,,,,,,,
6/27/2025,6/27/2025,6/27/2025,SMS,CLIO SHIPPING,,WELL SAILING,Foreign,6/30/2025,DAVAO,GLOBAL PORT,Docking / Undocking,MMSI,2,6/28/2025,RML,,,mmsi-admin@malayanmaritime.com,APPROVED,,,,,,,,,,,,,
6/27/2025,6/27/2025,6/27/2025,SMS,CLIO SHIPPING,,YIN HAO,Foreign,6/30/2025,DAVAO,GLOBAL PORT,Docking / Undocking,MMSI,2,6/28/2025,RML,,,mmsi-admin@malayanmaritime.com,APPROVED,,,,,,,,,,,,,
6/27/2025,6/27/2025,6/27/2025,SMS,Philhua,,SMOOTH SAILING,Foreign,6/30/2025,DAVAO,GLOBAL PORT,Docking / Undocking,MMSI,2,6/28/2025,RML,,,mmsi-admin@malayanmaritime.com,APPROVED,,,,,,,,,,,,,
6/30/2025,6/30/2025,6/30/2025,Viber,OMS,,TLC 01,Foreign,7/1/2025,DAVAO,KUDOS,Docking / Undocking,MMSI,2,,,,,mmsi-admin@malayanmaritime.com,,,CANCELLED DOUBLE BOOKING - DJB,,,,,,,,,,,
6/30/2025,6/30/2025,6/30/2025,Viber,OMS,,MY HUNG,Foreign,7/5/2025,DAVAO,KUDOS,Docking / Undocking,MMSI,2,,,,,mmsi-admin@malayanmaritime.com,,,"CANCELLED, REMOVED BY OMS IN SCHEDULE GIVEN TO DGM",,,,,,,,,,,
6/30/2025,6/30/2025,6/30/2025,Viber,MARSHIPS,,MT ELANDRA FJORD,Foreign,7/1/2025,DAVAO,IOC,Docking / Undocking,MMSI,3,7/1/2025,RML,,,mmsi-admin@malayanmaritime.com,APPROVED,,,,,,,,,,,,,
7/1/2025,7/1/2025,7/1/2025,Email,MARSHIPS,,ELANDRA FJORD,Foreign,7/2/2025,DAVAO,IOC,Docking / Undocking,MMSI,3,7/3/2025,RML,,,mmsi-admin@malayanmaritime.com,APPROVED,,,,,,,,,,,,,
7/1/2025,7/1/2025,7/1/2025,Email,MARSHIPS,,ELANDRA FJORD,Foreign,7/2/2025,DAVAO,IOC,Tending,MMSI,2,7/3/2025,RML,,,mmsi-admin@malayanmaritime.com,APPROVED,,,,,,,,,,,,,
7/1/2025,7/1/2025,7/1/2025,Email,WINDBAY SHIPPING AND LOGISTICS INC,,JAG PRIYA,Foreign,7/6/2025,DAVAO,IOC,Docking / Undocking,MMSI,3,7/3/2025,RML,,,mmsi-admin@malayanmaritime.com,APPROVED,,,,,,,,,,,,,
7/1/2025,7/1/2025,7/1/2025,Email,WINDBAY SHIPPING AND LOGISTICS INC,,JAG PRIYA,Foreign,7/6/2025,DAVAO,IOC,Tending,MMSI,2,7/3/2025,RML,,,mmsi-admin@malayanmaritime.com,APPROVED,,,,,,,,,,,,,
7/2/2025,7/2/2025,7/2/2025,Viber,PHILCEB,,SPAN ASIA 75,Local,7/3/2025,DAVAO,GLOBAL PORT,Docking / Undocking,MMSI,2,7/3/2025,RML,,,mmsi-admin@malayanmaritime.com,PENDING,,pls check.  HS served this vessel?,,,,,,,,,,,
7/2/2025,7/2/2025,7/2/2025,Viber,PHILCEB,,RASALAS,Local,7/3/2025,DAVAO,GLOBAL PORT,Docking / Undocking,MMSI,2,7/3/2025,RML,,,mmsi-admin@malayanmaritime.com,APPROVED,,,,,,,,,,,,,
7/3/2025,7/3/2025,7/3/2025,Call,GAC,,XU CHANG,Foreign,7/3/2025,DAVAO,GLOBAL PORT,Docking / Undocking,MMSI,2,7/3/2025,RML,,,mmsi-admin@malayanmaritime.com,DISAPPROVED,,Pls vheck if awarded to Mtsc,,,,,,,,,,,
7/4/2025,7/4/2025,7/4/2025,Call,SMC SHIPPING AND LIGHTERAGE CORP,,SL MOLAVE,Local,7/8/2025,DAVAO,PETRON,Docking / Undocking,MMSI,2,7/5/2025,RML,,,mmsi-admin@malayanmaritime.com,APPROVED,,,,,,,,,,,,,
7/4/2025,7/4/2025,7/4/2025,Viber,PHILCEB,,2GO MASIKAP,Local,7/8/2025,DAVAO,GLOBAL PORT,Docking / Undocking,MMSI,2,7/5/2025,RML,,,mmsi-admin@malayanmaritime.com,APPROVED,,,,,,,,,,,,,
7/7/2025,7/7/2025,7/7/2025,Email,SMITHBELL,,SES BRAVE,Foreign,7/7/2025,SARIAYA,AZORA,Docking / Undocking,Other tug provider,2,7/7/2025,RML,,,mmsi-admin@malayanmaritime.com,APPROVED,,,,,,,,,,,,,
7/7/2025,7/7/2025,7/7/2025,Viber,PHILCEB,,TAN BINH 59,Foreign,7/8/2025,DAVAO,GLOBAL PORT,Docking / Undocking,MMSI,2,7/8/2025,RML,,,mmsi-admin@malayanmaritime.com,APPROVED,,,,,,,,,,,,,
7/7/2025,7/7/2025,7/7/2025,Viber,PHILCEB,,DK APOLLO,Foreign,7/9/2025,DAVAO,GLOBAL PORT,Docking / Undocking,MMSI,2,7/8/2025,RML,,,mmsi-admin@malayanmaritime.com,APPROVED,,,,,,,,,,,,,
7/8/2025,7/8/2025,7/8/2025,Email,BENLINE,,MT SEA DOLPHIN,Foreign,7/12/2025,DAVAO,IOC,Docking / Undocking,MMSI,3,7/8/2025,RML,,,mmsi-admin@malayanmaritime.com,APPROVED,,,,,,,,,,,,,
7/8/2025,7/8/2025,7/8/2025,Email,BENLINE,,MT SEA DOLPHIN,Foreign,7/12/2025,DAVAO,IOC,Tending,MMSI,2,7/8/2025,RML,,,mmsi-admin@malayanmaritime.com,APPROVED,,,,,,,,,,,,,
7/8/2025,7/8/2025,7/8/2025,Email,BENLINE,,MV BI JIA SHAN,Foreign,7/10/2025,DAVAO,GLOBAL PORT,Docking / Undocking,MMSI,2,7/8/2025,RML,,,mmsi-admin@malayanmaritime.com,APPROVED,,,,,,,,,,,,,
7/8/2025,7/8/2025,7/8/2025,SMS,SMC SHIPPING AND LIGHTERAGE CORP,,SL TINDALO,Local,7/12/2025,DAVAO,PETRON,Docking / Undocking,MMSI,2,7/8/2025,RML,,,mmsi-admin@malayanmaritime.com,APPROVED,,,,,,,,,,,,,
7/9/2025,7/9/2025,7/9/2025,Viber,PHIL CEB,,SPAN ASIA 51,Local,7/10/2025,DAVAO,GLOBAL PORT,Docking / Undocking,MMSI,2,7/10/2025,RML,,,mmsi-admin@malayanmaritime.com,APPROVED,,,,,,,,,,,,,
7/9/2025,7/9/2025,7/9/2025,Viber,PHIL CEB,,LORCON BACOLOD,Local,7/11/2025,DAVAO,GLOBAL PORT,Docking / Undocking,MMSI,2,7/10/2025,RML,,,mmsi-admin@malayanmaritime.com,APPROVED,,,,,,,,,,,,,
7/10/2025,7/10/2025,7/10/2025,SMS,PHILHUA,,XIN ZHOU XING,Foreign,7/12/2025,DAVAO,GLOBAL PORT,Docking / Undocking,MMSI,2,7/12/2025,RML,,,mmsi-admin@malayanmaritime.com,APPROVED,,,,,,,,,,,,,
7/12/2025,7/12/2025,7/12/2025,Email,SMITHBELL,,MV ECO YOSEMITA PARK,Foreign,7/16/2025,SARIAYA,AZORA,Docking / Undocking,MMSI,2,7/12/2025,RML,,,mmsi-admin@malayanmaritime.com,APPROVED,,,,,,,,,,,,,
7/13/2025,7/13/2025,7/13/2025,SMS,ANIMO MARINE ,,MTKR MARISEL,Local,7/13/2025,DAVAO,PHOENIX,Docking / Undocking,MMSI,1,7/13/2025,RML,,,mmsi-admin@malayanmaritime.com,APPROVED,,,,,,,,,,,,,
7/14/2025,7/14/2025,7/14/2025,Call,PHILCEB,,2GO MASIKAP,Local,7/14/2025,DAVAO,GLOBAL PORT,Docking / Undocking,MMSI,2,7/14/2025,RML,,,mmsi-admin@malayanmaritime.com,APPROVED,,,,,,,,,,,,,
7/14/2025,7/14/2025,7/14/2025,Call,MTSC,,BAIDE 66,Foreign,7/14/2025,DAVAO,GLOBAL PORT,Docking / Undocking,MMSI,1,7/14/2025,RML,,,mmsi-admin@malayanmaritime.com,APPROVED,,,,,,,,,,,,,
7/14/2025,7/14/2025,7/14/2025,Viber,SMITHBELL,,MT ESTEEM ENERGY,Foreign,7/18/2025,SUBIC,PPC,Docking / Undocking,Other tug provider,2,7/15/2025,RML,,,mmsi-admin@malayanmaritime.com,APPROVED,,,,,,,,,,,,,
7/17/2025,7/17/2025,7/17/2025,SMS,SMC SHIPPING AND LIGHTERAGE CORP,,SL MOLAVE,Local,7/21/2025,DAVAO,PETRON,Docking / Undocking,MMSI,2,7/19/2025,RML,,,mmsi-admin@malayanmaritime.com,APPROVED,,,,,,,,,,,,,
7/17/2025,7/17/2025,7/17/2025,Viber,PHILCEB,,MV SPAN ASIA 50,Local,7/19/2025,DAVAO,GLOBAL PORT,Docking / Undocking,MMSI,2,7/19/2025,RML,,,mmsi-admin@malayanmaritime.com,APPROVED,,,,,,,,,,,,,
7/19/2025,7/19/2025,7/19/2025,Call,SHARPORT,,RM 1 ,Foreign,7/19/2025,DAVAO,KTC,Docking / Undocking,MMSI,2,7/19/2025,RML,,,mmsi-admin@malayanmaritime.com,APPROVED,,,,,,,,,,,,,
7/21/2025,7/21/2025,7/21/2025,SMS,SOUTHWEST SHIPPING,,ERA STAR,Foreign,7/27/2025,DAVAO,SHELL,Docking / Undocking,MMSI,2,7/23/2025,RML,,,mmsi-admin@malayanmaritime.com,APPROVED,,,,,,,,,,,,,
7/21/2025,7/21/2025,7/21/2025,SMS,SMC SHIPPING AND LIGHTERAGE CORP,,SL TINDALO,Local,7/24/2025,DAVAO,PETRON,Docking / Undocking,MMSI,2,7/23/2025,RML,,,mmsi-admin@malayanmaritime.com,APPROVED,,,,,,,,,,,,,
7/22/2025,7/22/2025,7/22/2025,Email,MAR SHIPS,,MV YONG CHANG JI XIANG,Foreign,7/26/2025,STA CRUZ,SEA OIL,Docking / Undocking,MMSI,2,7/23/2025,RML,,,mmsi-admin@malayanmaritime.com,APPROVED,,,,,,,,,,,,,
7/23/2025,7/23/2025,7/23/2025,Viber,PHIL CEB,,SWIFT YANGZHOU,Foreign,7/23/2025,DAVAO,THERMA SOUTH,Docking / Undocking,MMSI,2,7/23/2025,RML,,,mmsi-admin@malayanmaritime.com,APPROVED,,,,,,,,,,,,,
7/23/2025,7/23/2025,7/23/2025,Viber,OMS,,OCEAN BRIGHT,Foreign,7/22/2025,DAVAO,KUDOS,Docking / Undocking,MMSI,2,7/23/2025,RML,,,mmsi-admin@malayanmaritime.com,APPROVED,,,,,,,,,,,,,
7/23/2025,7/23/2025,7/23/2025,Viber,OMS,,STAR 55,Foreign,7/21/2025,DAVAO,KUDOS,Docking / Undocking,MMSI,2,7/23/2025,RML,,,mmsi-admin@malayanmaritime.com,APPROVED,,,,,,,,,,,,,
7/23/2025,7/23/2025,7/23/2025,Viber,OMS,,AN THINH PU 08,Foreign,7/24/2025,DAVAO,KUDOS,Docking / Undocking,MMSI,2,7/23/2025,RML,,,mmsi-admin@malayanmaritime.com,APPROVED,,,,,,,,,,,,,
7/23/2025,7/23/2025,7/23/2025,Viber,MARSHIPS,,MV THERESA EMPAT,Foreign,8/14/2025,DAVAO,KTC Terminal,Docking / Undocking,MMSI,3,7/23/2025,RML,,,mmsi-admin@malayanmaritime.com,APPROVED,,,,,,,,,,,,,
7/23/2025,7/23/2025,7/23/2025,Viber,MARSHIPS,,MV THERESA EMPAT,Foreign,8/14/2025,DAVAO,NDOM,Docking / Undocking,MMSI,3,7/23/2025,RML,,,mmsi-admin@malayanmaritime.com,APPROVED,,,,,,,,,,,,,
7/23/2025,7/23/2025,7/23/2025,Viber,MAR-SHIPS,,MT Hui Hang 11,Foreign,8/1/2025,BATANGAS,SEAOIL,Docking / Undocking,MMSI,2,7/23/2025,RML,,,mmsi-admin@malayanmaritime.com,APPROVED,,,,,,,,,,,,,
7/23/2025,7/23/2025,7/23/2025,Viber,PHILCEB,,SPAN ASIA 51,Local,7/24/2025,DAVAO,GLOBAL PORT,Docking / Undocking,MMSI,2,7/23/2025,RML,,,mmsi-admin@malayanmaritime.com,APPROVED,,,,,,,,,,,,,
7/23/2025,7/23/2025,7/23/2025,Viber,PHILCEB,,SPAN ASIA 75,Local,7/26/2025,DAVAO,GLOBAL PORT,Docking / Undocking,MMSI,2,7/23/2025,RML,,,mmsi-admin@malayanmaritime.com,APPROVED,,,,,,,,,,,,,
7/24/2025,7/24/2025,7/24/2025,Viber,PHILCEB,,LORCON BACOLOD,Local,7/26/2025,DAVAO,GLOBAL PORT,Docking / Undocking,MMSI,2,7/25/2025,RML,,,mmsi-admin@malayanmaritime.com,APPROVED,,,,,,,,,,,,,
7/29/2025,7/29/2025,7/29/2025,Viber,SEADOVE,,SUNSHINE 01,Foreign,7/29/2025,DAVAO,GLOBAL PORT,Docking / Undocking,MMSI,2,7/29/2025,RML,,,mmsi-admin@malayanmaritime.com,APPROVED,,,,,,,,,,,,,
7/29/2025,7/29/2025,7/29/2025,Viber,SEADOVE,,LUCKY STAR,Foreign,8/7/2025,DAVAO,GLOBAL PORT,Docking / Undocking,MMSI,2,7/29/2025,RML,,,mmsi-admin@malayanmaritime.com,APPROVED,,,,,,,,,,,,,
7/30/2025,7/30/2025,7/30/2025,SMS,MOLAVE TANKER CORP,,MTC APITONG,Local,7/31/2025,DAVAO,PETRON,Docking / Undocking,MMSI,2,7/31/2025,RML,,,mmsi-admin@malayanmaritime.com,APPROVED,,,,,,,,,,,,,
7/30/2025,7/30/2025,7/30/2025,SMS,SMC SHIPPING AND LOGISTICS INC,,SL MOLAVE,Local,8/3/2025,DAVAO,PETRON,Docking / Undocking,MMSI,2,7/31/2025,RML,,,mmsi-admin@malayanmaritime.com,APPROVED,,,,,,,,,,,,,
7/30/2025,7/30/2025,7/30/2025,Viber,PHILCEB,,SPAN ASIA 25,Local,7/31/2025,DAVAO,GLOBAL PORT,Docking / Undocking,MMSI,2,7/31/2025,RML,,,mmsi-admin@malayanmaritime.com,APPROVED,,,,,,,,,,,,,
7/31/2025,7/31/2025,7/31/2025,SMS,CLIO SHIPPING,,ZHIDA 3,Foreign,8/3/2025,DAVAO,GLOBAL PORT,Docking / Undocking,MMSI,2,7/31/2025,,,,mmsi-admin@malayanmaritime.com,APPROVED,,,,,,,,,,,,,
7/31/2025,7/31/2025,7/31/2025,SMS,PHILHUA,,HAI AU 28,Foreign,8/3/2025,DAVAO,GLOBAL PORT,Docking / Undocking,MMSI,2,7/31/2025,,,,mmsi-admin@malayanmaritime.com,APPROVED,,,,,,,,,,,,,
7/31/2025,7/31/2025,7/31/2025,SMS,PHILHUA,,KELLET ISLAND,Foreign,7/31/2025,DAVAO,GLOBAL PORT,Docking / Undocking,MMSI,2,7/31/2025,,,,mmsi-admin@malayanmaritime.com,APPROVED,,,,,,,,,,,,,
8/4/2025,8/4/2025,8/4/2025,Viber,PHILCEB,,2go Masikap,Local,8/5/2025,DAVAO,GLOBAL PORT,Docking / Undocking,MMSI,2,8/4/2025,,,,mmsi-admin@malayanmaritime.com,APPROVED,,,,,,,,,,,,,
8/7/2025,8/7/2025,8/7/2025,Viber,PHILCEB,,LORCON BACOLOD,Local,8/8/2025,DAVAO,GLOBAL PORT,Docking / Undocking,MMSI,2,8/7/2025,,,,mmsi-admin@malayanmaritime.com,APPROVED,,,,,,,,,,,,,
8/7/2025,8/7/2025,8/7/2025,SMS,SMC SHIPPING AND LOGISTICS CORP,,SL TINDALO,Local,8/11/2025,DAVAO,PETRON,Docking / Undocking,MMSI,2,8/7/2025,,,,mmsi-admin@malayanmaritime.com,APPROVED,,,,,,,,,,,,,
8/10/2025,8/10/2025,8/10/2025,SMS,ANIMO MARINE HAULERS,,MTKR MARISEL,Local,8/13/2025,DAVAO,PHOENIX,Docking / Undocking,MMSI,1,8/11/2025,,,,mmsi-admin@malayanmaritime.com,APPROVED,,,,,,,,,,,,,
8/10/2025,8/10/2025,8/10/2025,Email,MV ROYAL 27,,WINDBAY,Foreign,8/15/2025,DAVAO,SOUTHERN CONCRETE INDUSTRIAL INC,Docking / Undocking,MMSI,2,8/11/2025,,,,mmsi-admin@malayanmaritime.com,APPROVED,,,,,,,,,,,,,
8/10/2025,8/10/2025,8/10/2025,Viber,JC&V,,MT YANGZE,Foreign,8/16/2025,DAVAO,TSI,Docking / Undocking,MMSI,2,8/11/2025,,,,mmsi-admin@malayanmaritime.com,APPROVED,,,,,,,,,,,,,
8/11/2025,8/11/2025,8/11/2025,SMS,SMC SHIPPING AND LOGISTICS CORP,,SL MOLAVE ,Local,8/14/2025,DAVAO,PETRON,Docking / Undocking,MMSI,2,8/11/2025,,,,mmsi-admin@malayanmaritime.com,APPROVED,,,,,,,,,,,,,
8/12/2025,8/12/2025,8/12/2025,SMS,SHARPORT,,S SAHAMIT,Foreign,8/14/2025,DAVAO,DB COM,Docking / Undocking,MMSI,2,8/12/2025,,,,mmsi-admin@malayanmaritime.com,APPROVED,,,,,,,,,,,,,
8/15/2025,8/15/2025,8/15/2025,Viber,PHILCEB,,SPAN ASIA 37,Local,8/15/2025,DAVAO,GLOBAL PORT,Docking / Undocking,MMSI,2,8/17/2025,,,,mmsi-admin@malayanmaritime.com,APPROVED,,,,,,,,,,,,,
8/15/2025,8/15/2025,8/15/2025,Viber,PHIL CEB,,RASALAS,Local,8/17/2025,DAVAO,GLOBAL PORT,Docking / Undocking,MMSI,2,8/17/2025,,,,mmsi-admin@malayanmaritime.com,APPROVED,,,,,,,,,,,,,
8/15/2025,8/15/2025,8/15/2025,Viber,PHIL CEB,,GLOBAL PORT,Local,8/19/2025,DAVAO,GLOBAL PORT,Docking / Undocking,MMSI,2,8/17/2025,,,,mmsi-admin@malayanmaritime.com,APPROVED,,,,,,,,,,,,,
8/15/2025,8/15/2025,8/15/2025,Email,BENLINE,,CLIPPER CLYDE,Foreign,8/24/2025,DAVAO,HOLCIM,Docking / Undocking,MMSI,2,8/17/2025,,,,mmsi-admin@malayanmaritime.com,APPROVED,,,,,,,,,,,,,
8/16/2025,8/16/2025,8/16/2025,Email,MAR SHIPS,,MT JAL KALP,Foreign,8/23/2025,DAVAO,Dbcom,Docking / Undocking,MMSI,3,8/17/2025,,,,mmsi-admin@malayanmaritime.com,APPROVED,,,,,,,,,,,,,
8/16/2025,8/16/2025,8/16/2025,Email,MAR SHIPS,,MV HUI HANG 11,Foreign,8/27/2025,BATANGAS,MABINI,Docking / Undocking,MMSI,2,8/17/2025,,,,mmsi-admin@malayanmaritime.com,APPROVED,,,,,,,,,,,,,
8/19/2025,8/19/2025,8/19/2025,SMS,CLIO SHIPPING,,HUA HENG 166,Foreign,8/20/2025,DAVAO,GLOBAL PORT,Docking / Undocking,MMSI,2,8/20/2025,,,,mmsi-admin@malayanmaritime.com,APPROVED,,,,,,,,,,,,,
8/19/2025,8/19/2025,8/19/2025,SMS,SMC SHIPPING AND LOGISTICS CORP,,SL TINDALO,Local,8/23/2025,DAVAO,PETRON,Docking / Undocking,MMSI,2,8/22/2025,,,,mmsi-admin@malayanmaritime.com,APPROVED,,,,,,,,,,,,,
8/19/2025,8/19/2025,8/19/2025,Viber,PHIL CEB,,SPAN ASIA 57,Local,8/21/2025,DAVAO,GLOBAL PORT,Docking / Undocking,MMSI,2,8/22/2025,,,,mmsi-admin@malayanmaritime.com,APPROVED,,,,,,,,,,,,,
8/21/2025,8/21/2025,8/21/2025,SMS,SOUTHWEST SHIPPING,,FENG YI 3,Foreign,8/26/2025,DAVAO,SHELL,Docking / Undocking,MMSI,2,8/22/2025,,,,mmsi-admjn@malayanmaritime.com,APPROVED,,,,,,,,,,,,,
8/22/2025,8/22/2025,8/22/2025,Viber,PHIL CEB,,LORCON BACOLOD,Local,8/25/2025,DAVAO,GLOBAL PORT,Docking / Undocking,MMSI,2,8/22/2025,,,,mmsi-admin@malayanmaritime.com,APPROVED,,,,,,,,,,,,,
8/26/2025,8/25/2025,8/25/2025,Viber,SHOGUN CO. INC.,,ALEAH LOUISE / 948,Local,8/25/2025,BATANGAS,PETRON MABINI,Docking / Undocking,MMSI,1,8/26/2025,,,,mmsi-ops@malayanmaritime.com,APPROVED,,,,,,,,,,,,,
8/26/2025,8/26/2025,8/26/2025,Call,SMC SHIPPING AND LIGHTERAGE CORP,,SL MOLAVE,Local,8/29/2025,DAVAO,PETRON,Docking / Undocking,MMSI,2,8/26/2025,,,,mmsi-admin@malayanmaritime.com,APPROVED,,,,,,,,,,,,,
8/27/2025,8/27/2025,8/27/2025,Viber,PHILCEB,,SPAN ASIA 55,Local,8/29/2025,DAVAO,GLOBAL PORT,Docking / Undocking,MMSI,2,8/28/2025,,,,mmsi-admin@malayanmaritime.com,APPROVED,,,,,,,,,,,,,
8/28/2025,8/28/2025,8/28/2025,Email,SMITHBELL,,DL LAVENDER,Foreign,9/5/2025,DAVAO,HOLCIM,Docking / Undocking,MMSI,2,8/28/2025,,,,mmsi-admin@malayanmaritime.com,APPROVED,,,,,,,,,,,,,
8/30/2025,8/30/2025,8/30/2025,Call,CLIO SHIPPING,,BAO AN,Foreign,9/4/2025,DAVAO,GLOBAL PORT,Docking / Undocking,MMSI,2,8/30/2025,,,,mmsi-admin@malayanmaritime.com,APPROVED,,,,,,,,,,,,,
9/1/2025,9/1/2025,9/1/2025,Email,BENLINE AGENCIES,,ATLANTIC CROWN,Foreign,9/4/2025,DAVAO,IOC,Docking / Undocking,MMSI,3,9/2/2025,,,,mmsi-admin@malayanmaritime.com,APPROVED,,,,,,,,,,,,,
9/1/2025,9/1/2025,9/1/2025,SMS,SMC SHIPPING AND LIGHTERAGE CORP,,SL TINDALO,Local,9/2/2025,DAVAO,PETRON,Docking / Undocking,MMSI,2,9/2/2025,,,,mmsi-admin@malayanmaritime.com,APPROVED,,,,,,,,,,,,,
9/2/2025,9/2/2025,9/2/2025,Viber,PHIL CEB,,MV TRANSCEDENC DIAMOND,Foreign,9/8/2025,DAVAO,TSI,Docking / Undocking,MMSI,2,9/2/2025,,,,mmsi-admin@malayanmaritime.com,APPROVED,,,,,,,,,,,,,
9/3/2025,9/3/2025,9/3/2025,Email,SMITHBELL,,MV XT DOLPHIN,Foreign,9/9/2025,DAVAO,NDOMILL,Docking / Undocking,MMSI,2,9/3/2025,,,,mmsi-admin@malayanmaritime.com,APPROVED,,,,,,,,,,,,,
9/4/2025,9/4/2025,9/4/2025,SMS,MOLAVE TANKER CORP,,MTC APITONG,Local,9/8/2025,DAVAO,Petron,Docking / Undocking,MMSI,2,9/10/2025,,,,mmsi-admin@malayanmaritime.com,APPROVED,,,,,,,,,,,,,
9/4/2025,9/4/2025,9/4/2025,Email,WINDBAY SHIPPING,,MV TRIDENT UNITY,Foreign,9/17/2025,DAVAO,Southern Concrete Industries Inc,Docking / Undocking,MMSI,3,9/10/2025,,,,mmsi-admin@malayanmaritime.com,APPROVED,,,,,,,,,,,,,
9/4/2025,9/4/2025,9/4/2025,SMS,SMC SHIPPING AND LIGHTERAGE CORP,,SL NARRA,Local,9/6/2025,DAVAO,PETRON,Docking / Undocking,MMSI,2,9/6/2025,,,,mmsi-admin@malayanmaritime.com,APPROVED,,,,,,,,,,,,,
9/8/2025,9/8/2025,9/8/2025,SMS,SMC SHIPPING AND LIGHTERAGE CORP,,SL TINDALO,Local,9/14/2025,DAVAO,PETRON,Docking / Undocking,MMSI,2,9/10/2025,,,,mmsi-admin@malayanmaritime.com,APPROVED,,,,,,,,,,,,,
9/8/2025,9/8/2025,9/8/2025,SMS,ANIMO MARINE HAULERS,,MTKR MARISEL,Local,9/15/2025,DAVAO,PHOENIX,Docking / Undocking,MMSI,1,9/10/2025,,,,mmsi-admin@malayanmaritime.com,APPROVED,,,,,,,,,,,,,
9/9/2025,9/9/2025,9/9/2025,SMS,SOUTHWEST SHIPPING,,MV ERA STAR,Foreign,9/10/2025,DAVAO,SHELL,Docking / Undocking,MMSI,2,9/10/2025,,,,mmsi-admin@malayanmaritime.com,APPROVED,,,,,,,,,,,,,
9/10/2025,9/10/2025,9/10/2025,Email,SMITHBELL,,MV KEN REI,Foreign,9/13/2025,DAVAO,HOLCIM,Docking / Undocking,MMSI,2,9/12/2025,,,,mmsi-admin@malayanmaritime.com,APPROVED,,,,,,,,,,,,,
9/14/2025,9/14/2025,9/14/2025,SMS,PHILHUA SHIPPING,,MV SHUN PING,Foreign,9/16/2025,DAVAO,GLOBAL PORT,Docking / Undocking,MMSI,2,9/15/2025,,,,mmsi-admin@malayanmaritime.com,APPROVED,,,,,,,,,,,,,
9/15/2025,9/15/2025,9/15/2025,Call,SMC SHIPPING AND LOGISTICS CORP,,SL MOLAVE,Local,9/19/2025,DAVAO,DAVAO,Docking / Undocking,MMSI,2,9/15/2025,,,,mmsi-admin@malayanmaritime.com,APPROVED,,,,,,,,,,,,,
9/15/2025,9/15/2025,9/15/2025,Email,MARSHIPS,,MT AQUILA,Foreign,9/19/2025,DAVAO,NDOMILL,Docking / Undocking,MMSI,2,9/15/2025,,,,mmsi-admin@malayanmaritime.com,APPROVED,,,,,,,,,,,,,
9/15/2025,9/15/2025,9/15/2025,Email,MARSHIPS,,MT HUI HANG 11,Foreign,9/20/2025,BATANGAS,SEAOIL,Docking / Undocking,MMSI,2,9/16/2025,,,,mmsi-admin@malayanmaritime.com,APPROVED,,,,,,,,,,,,,
9/18/2025,9/18/2025,9/18/2025,Email,WINDBAY SHIPPING AND LOGISTICS CORP,,NEW ENRICH,Foreign,9/26/2025,DAVAO,SCII,Docking / Undocking,MMSI,3,9/19/2025,,,,mmsi-admin@malayanmaritime.com,APPROVED,,,,,,,,,,,,,
9/18/2025,9/18/2025,9/18/2025,Viber,PHIL CEB,,RASALAS,Local,9/21/2025,DAVAO,GLOBAL PORT,Docking / Undocking,MMSI,2,9/19/2025,,,,mmsi-admin@malayanmaritime.com,APPROVED,,,,,,,,,,,,,
9/24/2025,9/23/2025,9/23/2025,SMS,CLIO SHIPPING AND LOGISTICS CORP,,MV HN FORTUNE,Foreign,9/24/2025,DAVAO,GLOBAL PORT,Docking / Undocking,MMSI,2,9/26/2025,,,,mmsi-admin@malayanmaritime.com,APPROVED,,,,,,,,,,,,,
9/24/2025,9/24/2025,9/24/2025,SMS,SMC SHIPPING AND LOGISTICS CORP,,SL TINDALO,Local,9/27/2025,DAVAO,PETRON,Docking / Undocking,MMSI,2,9/26/2025,,,,mmsi-admin@malayanmaritime.com,APPROVED,,,,,,,,,,,,,
9/25/2025,9/25/2025,9/25/2025,Viber,PHILHUA,,DK SUNRISE,Foreign,9/25/2025,DAVAO,TEFASCO,Docking / Undocking,MMSI,2,9/26/2025,,,,mmsi-admin@malayanmaritime.com,APPROVED,,,,,,,,,,,,,
9/25/2025,9/25/2025,9/25/2025,Viber,PHILHUA,,HONEY ISLAND,Foreign,9/30/2025,DAVAO,GLOBAL PORT,Docking / Undocking,MMSI,2,9/26/2025,,,,mmsi-admin@malayanmaritime.com,APPROVED,,,,,,,,,,,,,
9/25/2025,9/25/2025,9/25/2025,Viber,CLIO SHIPPING AND LOGISTICS CORP,,DS PROPER,Foreign,9/28/2025,DAVAO,GLOBAL PORT,Docking / Undocking,MMSI,2,9/26/2025,,,,mmsi-admin@malayanmaritime.com,APPROVED,,,,,,,,,,,,,
9/25/2025,9/25/2025,9/25/2025,Viber,SOUTHWEST SHIPPING,,FENG YI 3,Foreign,9/26/2025,DAVAO,SHELL,Docking / Undocking,MMSI,2,9/26/2025,,,,mmsi-admin@malayanmaritime.com,APPROVED,,,,,,,,,,,,,
9/25/2025,9/25/2025,9/25/2025,Email,MARSHIPS,,MT THERESA LIMA,Foreign,10/3/2025,DAVAO,NDOMILL,Docking / Undocking,MMSI,3,9/26/2025,,,,mmsi-admin@malayanmaritime.com,APPROVED,,,,,,,,,,,,,
9/29/2025,9/29/2025,9/29/2025,SMS,NARRA TANKER CORP,,NTC FALCON,Local,10/4/2025,DAVAO,PETRON,Docking / Undocking,MMSI,2,9/29/2025,,,,mmsi-admin@malayanmaritime.com,APPROVED,,,,,,,,,,,,,
9/29/2025,9/29/2025,9/29/2025,Viber,PHIL CEB,,MV SHEN HUA,Foreign,10/8/2025,DAVAO,THERMA SOUTH,Docking / Undocking,MMSI,2,10/1/2025,,,,mmsi-admin@malayanmaritime.com,APPROVED,,,,,,,,,,,,,
10/1/2025,10/1/2025,10/1/2025,Viber,SHARPORT,,RM 5,Foreign,10/1/2025,DAVAO,KTC,Docking / Undocking,MMSI,2,10/1/2025,,,,mmsi-admin@malayanmaritime.com,APPROVED,,,,,,,,,,,,,
10/1/2025,10/1/2025,10/1/2025,Viber,PHILCEB,,SPAN ASIA 71,Local,10/1/2025,DAVAO,GLOBAL PORT,Docking / Undocking,MMSI,2,10/1/2025,,,,mmsi-admin@malayanmaritime.com,APPROVED,,,,,,,,,,,,,
10/2/2025,10/2/2025,10/2/2025,SMS,SMC SHIPPING AND LIGHTERAGE CORP,,SL MOLAVE,Local,10/5/2025,DAVAO,PETRON,Docking / Undocking,MMSI,2,10/4/2025,,,,mmsi-admin@malayanmaritime.com,APPROVED,,,,,,,,,,,,,
10/9/2025,10/9/2025,10/9/2025,SMS,PHILHUA,,MV YANG GANG 2,Foreign,10/9/2025,DAVAO,GLOBAL PORT,Docking / Undocking,MMSI,2,10/9/2025,,,,mmsi-admin@malayanmaritime.com,APPROVED,,,,,,,,,,,,,
10/11/2025,10/11/2025,10/11/2025,SMS,NARRA TANKER CORP,,NTC FLAMINGO,Local,10/17/2025,DAVAO,PETRON ,Docking / Undocking,MMSI,2,10/13/2025,,,,mmsi-admin@malayanmaritime.com,APPROVED,,,,,,,,,,,,,
10/13/2025,10/13/2025,10/13/2025,SMS,SOUTHWEST SHIPPING,,ERA STAR,Foreign,10/13/2025,DAVAO,SHELL,Docking / Undocking,MMSI,2,10/13/2025,,,,mmsi-admin@malayanmaritime.com,APPROVED,,,,,,,,,,,,,
10/15/2025,10/15/2025,10/15/2025,Call,CLIO SHIPPING,,GOLDEN CROWN,Foreign,10/15/2025,DAVAO,GLOBAL PORT,Docking / Undocking,MMSI,2,10/17/2025,,,,mmsi-admin@malayanmaritime.com,APPROVED,,,,,,,,,,,,,
10/15/2025,10/15/2025,10/15/2025,Call,PHILHUA,,YUANPING SEA,Foreign,10/15/2025,DAVAO,GLOBAL PORT,Docking / Undocking,MMSI,3,10/17/2025,,,,mmsi-admin@malayanmaritime.com,APPROVED,,,,,,,,,,,,,
10/15/2025,10/15/2025,10/15/2025,SMS,ANIMO HAULERS,,MTKR MARISEL,Local,10/20/2025,DAVAO,PHOENIX,Docking / Undocking,MMSI,1,10/17/2025,,,,mmsi-admin@malayanmaritime.com,APPROVED,,,,,,,,,,,,,
10/15/2025,10/15/2025,10/15/2025,SMS,SMC SHIPPING AND LIGHTERAGE CORP,,SL MOLAVE,Local,10/21/2025,DAVAO,PETRON,Docking / Undocking,MMSI,2,10/17/2025,,,,mmsi-admin@malayanmaritime.com,APPROVED,,,,,,,,,,,,,
10/15/2025,10/15/2025,10/15/2025,SMS,SMC SHIPPING AND LIGHTERAGE CORP,,SL TINDALO,Local,10/23/2025,DAVAO,PETRON,Docking / Undocking,MMSI,2,10/17/2025,,,,mmsi-admin@malayanmaritime.com,APPROVED,,,,,,,,,,,,,
10/18/2025,10/18/2025,10/18/2025,Email,SMITHBELL,,MV NAVIG8 GOAL ,Foreign,10/31/2025,DAVAO,KTC TERMINAL,Docking / Undocking,MMSI,3,10/20/2025,,,,mmsi-admin@malayanmaritime.com,APPROVED,,,,,,,,,,,,,
10/25/2025,10/25/2025,10/25/2025,SMS,NARRA TANKER CORP,,NTC FALCON,Local,10/27/2025,DAVAO,PETRON,Docking / Undocking,MMSI,2,10/27/2025,,,,mmsi-admin@malayanmaritime.com,APPROVED,,,,,,,,,,,,,
10/27/2025,10/27/2025,10/27/2025,Email,MAR SHIPS,,MT SHANG GANG FA XIAN,Foreign,10/30/2025,DAVAO,INSULAR OIL,Docking / Undocking,MMSI,3,10/28/2025,,,,mmsi-admin@malayanmaritime.com,APPROVED,,,,,,,,,,,,,
10/27/2025,10/27/2025,10/27/2025,Call,SOUTHWEST SHIPPING,,FENG YI 3,Foreign,10/26/2025,DAVAO,SHELL,Docking / Undocking,MMSI,2,10/26/2025,,,,mmsi-admin@malayanmaritime.com,APPROVED,,,,,,,,,,,,,
10/27/2025,10/27/2025,10/27/2025,Email,MARSHIPS,,MT QUAN TAI,Foreign,10/31/2025,DAVAO,IOC ,Docking / Undocking,MMSI,2,10/28/2025,,,,mmsi-admin@malayanmaritime.com,APPROVED,,,,,,,,,,,,,
10/27/2025,10/27/2025,10/27/2025,Email,PHIL CEB,,MT JAG ANJALI,Foreign,10/29/2025,DAVAO,THERMA SOUTH,Docking / Undocking,MMSI,2,10/28/2025,,,,mmsi-admin@malayanmaritime.com,APPROVED,,,,,,,,,,,,,
10/31/2025,10/31/2025,10/31/2025,Viber,HERMA SHIPPING,,MT MAALAB 227,Local,11/1/2025,BATANGAS,PETRON MABINI,Docking / Undocking,MMSI,1,10/31/2025,,,,mmsi-ops@malayanmaritime.com,APPROVED,,,,,,,,,,,,,
11/2/2025,11/2/2025,11/2/2025,SMS,SMC SHIPPING AND LIGHTERAGE CORP,,SL TINDALO,Local,11/4/2025,DAVAO,PETRON,Docking / Undocking,MMSI,2,11/3/2025,,,,mmsi-admim@malayanmaritime.com,APPROVED,,,,,,,,,,,,,
11/3/2025,11/3/2025,11/3/2025,Email,MAR-SHIPS,,MT THERESA DUA V06/25,Foreign,11/7/2025,DAVAO,NDOM,Docking / Undocking,MMSI,3,11/7/2025,,,,mmsi-ops@malayanmaritime.com,APPROVED,,,,,,,,,,,,,
11/3/2025,11/3/2025,11/3/2025,Email,MARSHIPS,,MT THERESA DUA,Foreign,11/7/2025,DAVAO,NDOM,Docking / Undocking,MMSI,3,11/7/2025,,,,mmsi-admin@malayanmaritime.com,APPROVED,,,,,,,,,,,,,
11/18/2025,11/18/2025,11/18/2025,SMS,MOLAVE TANKER CORP,,MTC GUIJO,Local,11/22/2025,DAVAO,PETRON,Docking / Undocking,MMSI,2,11/20/2025,,,,mmsi-admin@malayanmaritime.com,APPROVED,,,,,,,,,,,,,
11/18/2025,11/18/2025,11/18/2025,Email,SMITHBELL,,MV ATN LUCKY,Foreign,11/20/2025,DAVAO,HOLCIM,Docking / Undocking,MMSI,2,11/20/2025,,,,mmsi-admin@malayanmaritime.com,APPROVED,,,,,,,,,,,,,
,,,,,,,,,,,,,,,,,,,,,,,,,,,,,,,,
,,,,,,,,,,,,,,,,,,,,,,,,,,,,,,,,
,,,,,,,,,,,,,,,,,,,,,,,,,,,,,,,,
,,,,,,,,,,,,,,,,,,,,,,,,,,,,,,,,
,,,,,,,,,,,,,,,,,,,,,,,,,,,,,,,,
,,,,,,,,,,,,,,,,,,,,,,,,,,,,,,,,
,,,,,,,,,,,,,,,,,,,,,,,,,,,,,,,,
,,,,,,,,,,,,,,,,,,,,,,,,,,,,,,,,
,,,,,,,,,,,,,,,,,,,,,,,,,,,,,,,,
,,,,,,,,,,,,,,,,,,,,,,,,,,,,,,,,
,,,,,,,,,,,,,,,,,,,,,,,,,,,,,,,,
,,,,,,,,,,,,,,,,,,,,,,,,,,,,,,,,
,,,,,,,,,,,,,,,,,,,,,,,,,,,,,,,,
,,,,,,,,,,,,,,,,,,,,,,,,,,,,,,,,
,,,,,,,,,,,,,,,,,,,,,,,,,,,,,,,,
,,,,,,,,,,,,,,,,,,,,,,,,,,,,,,,,
,,,,,,,,,,,,,,,,,,,,,,,,,,,,,,,,
,,,,,,,,,,,,,,,,,,,,,,,,,,,,,,,,
,,,,,,,,,,,,,,,,,,,,,,,,,,,,,,,,
,,,,,,,,,,,,,,,,,,,,,,,,,,,,,,,,
,,,,,,,,,,,,,,,,,,,,,,,,,,,,,,,,
,,,,,,,,,,,,,,,,,,,,,,,,,,,,,,,,
,,,,,,,,,,,,,,,,,,,,,,,,,,,,,,,,
,,,,,,,,,,,,,,,,,,,,,,,,,,,,,,,,
,,,,,,,,,,,,,,,,,,,,,,,,,,,,,,,,
,,,,,,,,,,,,,,,,,,,,,,,,,,,,,,,,
,,,,,,,,,,,,,,,,,,,,,,,,,,,,,,,,
,,,,,,,,,,,,,,,,,,,,,,,,,,,,,,,,
,,,,,,,,,,,,,,,,,,,,,,,,,,,,,,,,
,,,,,,,,,,,,,,,,,,,,,,,,,,,,,,,,
,,,,,,,,,,,,,,,,,,,,,,,,,,,,,,,,
,,,,,,,,,,,,,,,,,,,,,,,,,,,,,,,,
,,,,,,,,,,,,,,,,,,,,,,,,,,,,,,,,
,,,,,,,,,,,,,,,,,,,,,,,,,,,,,,,,
,,,,,,,,,,,,,,,,,,,,,,,,,,,,,,,,
,,,,,,,,,,,,,,,,,,,,,,,,,,,,,,,,
,,,,,,,,,,,,,,,,,,,,,,,,,,,,,,,,
,,,,,,,,,,,,,,,,,,,,,,,,,,,,,,,,
,,,,,,,,,,,,,,,,,,,,,,,,,,,,,,,,
,,,,,,,,,,,,,,,,,,,,,,,,,,,,,,,,
,,,,,,,,,,,,,,,,,,,,,,,,,,,,,,,,
,,,,,,,,,,,,,,,,,,,,,,,,,,,,,,,,
,,,,,,,,,,,,,,,,,,,,,,,,,,,,,,,,
,,,,,,,,,,,,,,,,,,,,,,,,,,,,,,,,
,,,,,,,,,,,,,,,,,,,,,,,,,,,,,,,,
,,,,,,,,,,,,,,,,,,,,,,,,,,,,,,,,
,,,,,,,,,,,,,,,,,,,,,,,,,,,,,,,,
,,,,,,,,,,,,,,,,,,,,,,,,,,,,,,,,
,,,,,,,,,,,,,,,,,,,,,,,,,,,,,,,,
,,,,,,,,,,,,,,,,,,,,,,,,,,,,,,,,
,,,,,,,,,,,,,,,,,,,,,,,,,,,,,,,,
,,,,,,,,,,,,,,,,,,,,,,,,,,,,,,,,
,,,,,,,,,,,,,,,,,,,,,,,,,,,,,,,,
,,,,,,,,,,,,,,,,,,,,,,,,,,,,,,,,
,,,,,,,,,,,,,,,,,,,,,,,,,,,,,,,,
,,,,,,,,,,,,,,,,,,,,,,,,,,,,,,,,
,,,,,,,,,,,,,,,,,,,,,,,,,,,,,,,,
,,,,,,,,,,,,,,,,,,,,,,,,,,,,,,,,
,,,,,,,,,,,,,,,,,,,,,,,,,,,,,,,,
,,,,,,,,,,,,,,,,,,,,,,,,,,,,,,,,
,,,,,,,,,,,,,,,,,,,,,,,,,,,,,,,,
,,,,,,,,,,,,,,,,,,,,,,,,,,,,,,,,
,,,,,,,,,,,,,,,,,,,,,,,,,,,,,,,,
,,,,,,,,,,,,,,,,,,,,,,,,,,,,,,,,
,,,,,,,,,,,,,,,,,,,,,,,,,,,,,,,,
,,,,,,,,,,,,,,,,,,,,,,,,,,,,,,,,
,,,,,,,,,,,,,,,,,,,,,,,,,,,,,,,,
,,,,,,,,,,,,,,,,,,,,,,,,,,,,,,,,
,,,,,,,,,,,,,,,,,,,,,,,,,,,,,,,,
,,,,,,,,,,,,,,,,,,,,,,,,,,,,,,,,
,,,,,,,,,,,,,,,,,,,,,,,,,,,,,,,,
,,,,,,,,,,,,,,,,,,,,,,,,,,,,,,,,
,,,,,,,,,,,,,,,,,,,,,,,,,,,,,,,,
,,,,,,,,,,,,,,,,,,,,,,,,,,,,,,,,
,,,,,,,,,,,,,,,,,,,,,,,,,,,,,,,,
,,,,,,,,,,,,,,,,,,,,,,,,,,,,,,,,
,,,,,,,,,,,,,,,,,,,,,,,,,,,,,,,,
,,,,,,,,,,,,,,,,,,,,,,,,,,,,,,,,
,,,,,,,,,,,,,,,,,,,,,,,,,,,,,,,,
,,,,,,,,,,,,,,,,,,,,,,,,,,,,,,,,
,,,,,,,,,,,,,,,,,,,,,,,,,,,,,,,,
,,,,,,,,,,,,,,,,,,,,,,,,,,,,,,,,
,,,,,,,,,,,,,,,,,,,,,,,,,,,,,,,,
,,,,,,,,,,,,,,,,,,,,,,,,,,,,,,,,
,,,,,,,,,,,,,,,,,,,,,,,,,,,,,,,,
,,,,,,,,,,,,,,,,,,,,,,,,,,,,,,,,
,,,,,,,,,,,,,,,,,,,,,,,,,,,,,,,,
,,,,,,,,,,,,,,,,,,,,,,,,,,,,,,,,
,,,,,,,,,,,,,,,,,,,,,,,,,,,,,,,,
,,,,,,,,,,,,,,,,,,,,,,,,,,,,,,,,
,,,,,,,,,,,,,,,,,,,,,,,,,,,,,,,,
,,,,,,,,,,,,,,,,,,,,,,,,,,,,,,,,
,,,,,,,,,,,,,,,,,,,,,,,,,,,,,,,,
,,,,,,,,,,,,,,,,,,,,,,,,,,,,,,,,
,,,,,,,,,,,,,,,,,,,,,,,,,,,,,,,,
,,,,,,,,,,,,,,,,,,,,,,,,,,,,,,,,
,,,,,,,,,,,,,,,,,,,,,,,,,,,,,,,,
,,,,,,,,,,,,,,,,,,,,,,,,,,,,,,,,
,,,,,,,,,,,,,,,,,,,,,,,,,,,,,,,,
,,,,,,,,,,,,,,,,,,,,,,,,,,,,,,,,
,,,,,,,,,,,,,,,,,,,,,,,,,,,,,,,,
,,,,,,,,,,,,,,,,,,,,,,,,,,,,,,,,
,,,,,,,,,,,,,,,,,,,,,,,,,,,,,,,,
,,,,,,,,,,,,,,,,,,,,,,,,,,,,,,,,
,,,,,,,,,,,,,,,,,,,,,,,,,,,,,,,,
,,,,,,,,,,,,,,,,,,,,,,,,,,,,,,,,
,,,,,,,,,,,,,,,,,,,,,,,,,,,,,,,,
,,,,,,,,,,,,,,,,,,,,,,,,,,,,,,,,
,,,,,,,,,,,,,,,,,,,,,,,,,,,,,,,,
,,,,,,,,,,,,,,,,,,,,,,,,,,,,,,,,
,,,,,,,,,,,,,,,,,,,,,,,,,,,,,,,,
,,,,,,,,,,,,,,,,,,,,,,,,,,,,,,,,
,,,,,,,,,,,,,,,,,,,,,,,,,,,,,,,,
,,,,,,,,,,,,,,,,,,,,,,,,,,,,,,,,
,,,,,,,,,,,,,,,,,,,,,,,,,,,,,,,,
,,,,,,,,,,,,,,,,,,,,,,,,,,,,,,,,
,,,,,,,,,,,,,,,,,,,,,,,,,,,,,,,,
,,,,,,,,,,,,,,,,,,,,,,,,,,,,,,,,
,,,,,,,,,,,,,,,,,,,,,,,,,,,,,,,,
,,,,,,,,,,,,,,,,,,,,,,,,,,,,,,,,
,,,,,,,,,,,,,,,,,,,,,,,,,,,,,,,,
,,,,,,,,,,,,,,,,,,,,,,,,,,,,,,,,
,,,,,,,,,,,,,,,,,,,,,,,,,,,,,,,,
,,,,,,,,,,,,,,,,,,,,,,,,,,,,,,,,
,,,,,,,,,,,,,,,,,,,,,,,,,,,,,,,,
,,,,,,,,,,,,,,,,,,,,,,,,,,,,,,,,
,,,,,,,,,,,,,,,,,,,,,,,,,,,,,,,,
,,,,,,,,,,,,,,,,,,,,,,,,,,,,,,,,
,,,,,,,,,,,,,,,,,,,,,,,,,,,,,,,,
,,,,,,,,,,,,,,,,,,,,,,,,,,,,,,,,
,,,,,,,,,,,,,,,,,,,,,,,,,,,,,,,,
,,,,,,,,,,,,,,,,,,,,,,,,,,,,,,,,
,,,,,,,,,,,,,,,,,,,,,,,,,,,,,,,,
,,,,,,,,,,,,,,,,,,,,,,,,,,,,,,,,
,,,,,,,,,,,,,,,,,,,,,,,,,,,,,,,,
,,,,,,,,,,,,,,,,,,,,,,,,,,,,,,,,
,,,,,,,,,,,,,,,,,,,,,,,,,,,,,,,,
,,,,,,,,,,,,,,,,,,,,,,,,,,,,,,,,
,,,,,,,,,,,,,,,,,,,,,,,,,,,,,,,,
,,,,,,,,,,,,,,,,,,,,,,,,,,,,,,,,
,,,,,,,,,,,,,,,,,,,,,,,,,,,,,,,,
,,,,,,,,,,,,,,,,,,,,,,,,,,,,,,,,
,,,,,,,,,,,,,,,,,,,,,,,,,,,,,,,,
,,,,,,,,,,,,,,,,,,,,,,,,,,,,,,,,
,,,,,,,,,,,,,,,,,,,,,,,,,,,,,,,,
,,,,,,,,,,,,,,,,,,,,,,,,,,,,,,,,
,,,,,,,,,,,,,,,,,,,,,,,,,,,,,,,,
,,,,,,,,,,,,,,,,,,,,,,,,,,,,,,,,
,,,,,,,,,,,,,,,,,,,,,,,,,,,,,,,,
,,,,,,,,,,,,,,,,,,,,,,,,,,,,,,,,
,,,,,,,,,,,,,,,,,,,,,,,,,,,,,,,,
,,,,,,,,,,,,,,,,,,,,,,,,,,,,,,,,
,,,,,,,,,,,,,,,,,,,,,,,,,,,,,,,,
,,,,,,,,,,,,,,,,,,,,,,,,,,,,,,,,
,,,,,,,,,,,,,,,,,,,,,,,,,,,,,,,,
,,,,,,,,,,,,,,,,,,,,,,,,,,,,,,,,
,,,,,,,,,,,,,,,,,,,,,,,,,,,,,,,,
,,,,,,,,,,,,,,,,,,,,,,,,,,,,,,,,
,,,,,,,,,,,,,,,,,,,,,,,,,,,,,,,,
,,,,,,,,,,,,,,,,,,,,,,,,,,,,,,,,
,,,,,,,,,,,,,,,,,,,,,,,,,,,,,,,,
,,,,,,,,,,,,,,,,,,,,,,,,,,,,,,,,
,,,,,,,,,,,,,,,,,,,,,,,,,,,,,,,,
,,,,,,,,,,,,,,,,,,,,,,,,,,,,,,,,
,,,,,,,,,,,,,,,,,,,,,,,,,,,,,,,,
,,,,,,,,,,,,,,,,,,,,,,,,,,,,,,,,
,,,,,,,,,,,,,,,,,,,,,,,,,,,,,,,,
,,,,,,,,,,,,,,,,,,,,,,,,,,,,,,,,
,,,,,,,,,,,,,,,,,,,,,,,,,,,,,,,,
,,,,,,,,,,,,,,,,,,,,,,,,,,,,,,,,
,,,,,,,,,,,,,,,,,,,,,,,,,,,,,,,,
,,,,,,,,,,,,,,,,,,,,,,,,,,,,,,,,
,,,,,,,,,,,,,,,,,,,,,,,,,,,,,,,,
,,,,,,,,,,,,,,,,,,,,,,,,,,,,,,,,
,,,,,,,,,,,,,,,,,,,,,,,,,,,,,,,,
,,,,,,,,,,,,,,,,,,,,,,,,,,,,,,,,
,,,,,,,,,,,,,,,,,,,,,,,,,,,,,,,,
,,,,,,,,,,,,,,,,,,,,,,,,,,,,,,,,
,,,,,,,,,,,,,,,,,,,,,,,,,,,,,,,,
,,,,,,,,,,,,,,,,,,,,,,,,,,,,,,,,
,,,,,,,,,,,,,,,,,,,,,,,,,,,,,,,,
,,,,,,,,,,,,,,,,,,,,,,,,,,,,,,,,
,,,,,,,,,,,,,,,,,,,,,,,,,,,,,,,,
,,,,,,,,,,,,,,,,,,,,,,,,,,,,,,,,
,,,,,,,,,,,,,,,,,,,,,,,,,,,,,,,,
,,,,,,,,,,,,,,,,,,,,,,,,,,,,,,,,
,,,,,,,,,,,,,,,,,,,,,,,,,,,,,,,,
,,,,,,,,,,,,,,,,,,,,,,,,,,,,,,,,
,,,,,,,,,,,,,,,,,,,,,,,,,,,,,,,,
,,,,,,,,,,,,,,,,,,,,,,,,,,,,,,,,
,,,,,,,,,,,,,,,,,,,,,,,,,,,,,,,,
,,,,,,,,,,,,,,,,,,,,,,,,,,,,,,,,
,,,,,,,,,,,,,,,,,,,,,,,,,,,,,,,,
,,,,,,,,,,,,,,,,,,,,,,,,,,,,,,,,
,,,,,,,,,,,,,,,,,,,,,,,,,,,,,,,,
,,,,,,,,,,,,,,,,,,,,,,,,,,,,,,,,
,,,,,,,,,,,,,,,,,,,,,,,,,,,,,,,,
,,,,,,,,,,,,,,,,,,,,,,,,,,,,,,,,
,,,,,,,,,,,,,,,,,,,,,,,,,,,,,,,,
,,,,,,,,,,,,,,,,,,,,,,,,,,,,,,,,
,,,,,,,,,,,,,,,,,,,,,,,,,,,,,,,,
,,,,,,,,,,,,,,,,,,,,,,,,,,,,,,,,
,,,,,,,,,,,,,,,,,,,,,,,,,,,,,,,,
,,,,,,,,,,,,,,,,,,,,,,,,,,,,,,,,
,,,,,,,,,,,,,,,,,,,,,,,,,,,,,,,,
,,,,,,,,,,,,,,,,,,,,,,,,,,,,,,,,
,,,,,,,,,,,,,,,,,,,,,,,,,,,,,,,,
,,,,,,,,,,,,,,,,,,,,,,,,,,,,,,,,
,,,,,,,,,,,,,,,,,,,,,,,,,,,,,,,,
,,,,,,,,,,,,,,,,,,,,,,,,,,,,,,,,
,,,,,,,,,,,,,,,,,,,,,,,,,,,,,,,,
,,,,,,,,,,,,,,,,,,,,,,,,,,,,,,,,
,,,,,,,,,,,,,,,,,,,,,,,,,,,,,,,,
,,,,,,,,,,,,,,,,,,,,,,,,,,,,,,,,
,,,,,,,,,,,,,,,,,,,,,,,,,,,,,,,,
,,,,,,,,,,,,,,,,,,,,,,,,,,,,,,,,
,,,,,,,,,,,,,,,,,,,,,,,,,,,,,,,,
,,,,,,,,,,,,,,,,,,,,,,,,,,,,,,,,
,,,,,,,,,,,,,,,,,,,,,,,,,,,,,,,,
,,,,,,,,,,,,,,,,,,,,,,,,,,,,,,,,
,,,,,,,,,,,,,,,,,,,,,,,,,,,,,,,,
,,,,,,,,,,,,,,,,,,,,,,,,,,,,,,,,
,,,,,,,,,,,,,,,,,,,,,,,,,,,,,,,,
,,,,,,,,,,,,,,,,,,,,,,,,,,,,,,,,
,,,,,,,,,,,,,,,,,,,,,,,,,,,,,,,,
,,,,,,,,,,,,,,,,,,,,,,,,,,,,,,,,
,,,,,,,,,,,,,,,,,,,,,,,,,,,,,,,,
,,,,,,,,,,,,,,,,,,,,,,,,,,,,,,,,
,,,,,,,,,,,,,,,,,,,,,,,,,,,,,,,,
,,,,,,,,,,,,,,,,,,,,,,,,,,,,,,,,
,,,,,,,,,,,,,,,,,,,,,,,,,,,,,,,,
,,,,,,,,,,,,,,,,,,,,,,,,,,,,,,,,
,,,,,,,,,,,,,,,,,,,,,,,,,,,,,,,,
,,,,,,,,,,,,,,,,,,,,,,,,,,,,,,,,
,,,,,,,,,,,,,,,,,,,,,,,,,,,,,,,,
,,,,,,,,,,,,,,,,,,,,,,,,,,,,,,,,
,,,,,,,,,,,,,,,,,,,,,,,,,,,,,,,,
,,,,,,,,,,,,,,,,,,,,,,,,,,,,,,,,
,,,,,,,,,,,,,,,,,,,,,,,,,,,,,,,,
,,,,,,,,,,,,,,,,,,,,,,,,,,,,,,,,
,,,,,,,,,,,,,,,,,,,,,,,,,,,,,,,,
,,,,,,,,,,,,,,,,,,,,,,,,,,,,,,,,
,,,,,,,,,,,,,,,,,,,,,,,,,,,,,,,,
,,,,,,,,,,,,,,,,,,,,,,,,,,,,,,,,
,,,,,,,,,,,,,,,,,,,,,,,,,,,,,,,,
,,,,,,,,,,,,,,,,,,,,,,,,,,,,,,,,
,,,,,,,,,,,,,,,,,,,,,,,,,,,,,,,,
,,,,,,,,,,,,,,,,,,,,,,,,,,,,,,,,
,,,,,,,,,,,,,,,,,,,,,,,,,,,,,,,,
,,,,,,,,,,,,,,,,,,,,,,,,,,,,,,,,
,,,,,,,,,,,,,,,,,,,,,,,,,,,,,,,,
,,,,,,,,,,,,,,,,,,,,,,,,,,,,,,,,
,,,,,,,,,,,,,,,,,,,,,,,,,,,,,,,,
,,,,,,,,,,,,,,,,,,,,,,,,,,,,,,,,
,,,,,,,,,,,,,,,,,,,,,,,,,,,,,,,,
,,,,,,,,,,,,,,,,,,,,,,,,,,,,,,,,
,,,,,,,,,,,,,,,,,,,,,,,,,,,,,,,,
,,,,,,,,,,,,,,,,,,,,,,,,,,,,,,,,
,,,,,,,,,,,,,,,,,,,,,,,,,,,,,,,,
,,,,,,,,,,,,,,,,,,,,,,,,,,,,,,,,
,,,,,,,,,,,,,,,,,,,,,,,,,,,,,,,,
,,,,,,,,,,,,,,,,,,,,,,,,,,,,,,,,
,,,,,,,,,,,,,,,,,,,,,,,,,,,,,,,,
,,,,,,,,,,,,,,,,,,,,,,,,,,,,,,,,
,,,,,,,,,,,,,,,,,,,,,,,,,,,,,,,,
,,,,,,,,,,,,,,,,,,,,,,,,,,,,,,,,
,,,,,,,,,,,,,,,,,,,,,,,,,,,,,,,,
,,,,,,,,,,,,,,,,,,,,,,,,,,,,,,,,
,,,,,,,,,,,,,,,,,,,,,,,,,,,,,,,,
,,,,,,,,,,,,,,,,,,,,,,,,,,,,,,,,
,,,,,,,,,,,,,,,,,,,,,,,,,,,,,,,,
,,,,,,,,,,,,,,,,,,,,,,,,,,,,,,,,
,,,,,,,,,,,,,,,,,,,,,,,,,,,,,,,,
,,,,,,,,,,,,,,,,,,,,,,,,,,,,,,,,
,,,,,,,,,,,,,,,,,,,,,,,,,,,,,,,,
,,,,,,,,,,,,,,,,,,,,,,,,,,,,,,,,
,,,,,,,,,,,,,,,,,,,,,,,,,,,,,,,,
,,,,,,,,,,,,,,,,,,,,,,,,,,,,,,,,
,,,,,,,,,,,,,,,,,,,,,,,,,,,,,,,,
,,,,,,,,,,,,,,,,,,,,,,,,,,,,,,,,
,,,,,,,,,,,,,,,,,,,,,,,,,,,,,,,,
,,,,,,,,,,,,,,,,,,,,,,,,,,,,,,,,
,,,,,,,,,,,,,,,,,,,,,,,,,,,,,,,,
,,,,,,,,,,,,,,,,,,,,,,,,,,,,,,,,
,,,,,,,,,,,,,,,,,,,,,,,,,,,,,,,,
,,,,,,,,,,,,,,,,,,,,,,,,,,,,,,,,
,,,,,,,,,,,,,,,,,,,,,,,,,,,,,,,,
,,,,,,,,,,,,,,,,,,,,,,,,,,,,,,,,
,,,,,,,,,,,,,,,,,,,,,,,,,,,,,,,,
,,,,,,,,,,,,,,,,,,,,,,,,,,,,,,,,
,,,,,,,,,,,,,,,,,,,,,,,,,,,,,,,,
,,,,,,,,,,,,,,,,,,,,,,,,,,,,,,,,
,,,,,,,,,,,,,,,,,,,,,,,,,,,,,,,,
,,,,,,,,,,,,,,,,,,,,,,,,,,,,,,,,
,,,,,,,,,,,,,,,,,,,,,,,,,,,,,,,,
,,,,,,,,,,,,,,,,,,,,,,,,,,,,,,,,
,,,,,,,,,,,,,,,,,,,,,,,,,,,,,,,,
,,,,,,,,,,,,,,,,,,,,,,,,,,,,,,,,
,,,,,,,,,,,,,,,,,,,,,,,,,,,,,,,,
,,,,,,,,,,,,,,,,,,,,,,,,,,,,,,,,
,,,,,,,,,,,,,,,,,,,,,,,,,,,,,,,,
,,,,,,,,,,,,,,,,,,,,,,,,,,,,,,,,
,,,,,,,,,,,,,,,,,,,,,,,,,,,,,,,,
,,,,,,,,,,,,,,,,,,,,,,,,,,,,,,,,
,,,,,,,,,,,,,,,,,,,,,,,,,,,,,,,,
,,,,,,,,,,,,,,,,,,,,,,,,,,,,,,,,
,,,,,,,,,,,,,,,,,,,,,,,,,,,,,,,,
,,,,,,,,,,,,,,,,,,,,,,,,,,,,,,,,
,,,,,,,,,,,,,,,,,,,,,,,,,,,,,,,,
,,,,,,,,,,,,,,,,,,,,,,,,,,,,,,,,
,,,,,,,,,,,,,,,,,,,,,,,,,,,,,,,,
,,,,,,,,,,,,,,,,,,,,,,,,,,,,,,,,
,,,,,,,,,,,,,,,,,,,,,,,,,,,,,,,,
,,,,,,,,,,,,,,,,,,,,,,,,,,,,,,,,
,,,,,,,,,,,,,,,,,,,,,,,,,,,,,,,,
,,,,,,,,,,,,,,,,,,,,,,,,,,,,,,,,
,,,,,,,,,,,,,,,,,,,,,,,,,,,,,,,,
,,,,,,,,,,,,,,,,,,,,,,,,,,,,,,,,
,,,,,,,,,,,,,,,,,,,,,,,,,,,,,,,,
,,,,,,,,,,,,,,,,,,,,,,,,,,,,,,,,
,,,,,,,,,,,,,,,,,,,,,,,,,,,,,,,,
,,,,,,,,,,,,,,,,,,,,,,,,,,,,,,,,
,,,,,,,,,,,,,,,,,,,,,,,,,,,,,,,,
,,,,,,,,,,,,,,,,,,,,,,,,,,,,,,,,
,,,,,,,,,,,,,,,,,,,,,,,,,,,,,,,,
,,,,,,,,,,,,,,,,,,,,,,,,,,,,,,,,
,,,,,,,,,,,,,,,,,,,,,,,,,,,,,,,,
,,,,,,,,,,,,,,,,,,,,,,,,,,,,,,,,
,,,,,,,,,,,,,,,,,,,,,,,,,,,,,,,,
,,,,,,,,,,,,,,,,,,,,,,,,,,,,,,,,
,,,,,,,,,,,,,,,,,,,,,,,,,,,,,,,,
,,,,,,,,,,,,,,,,,,,,,,,,,,,,,,,,
,,,,,,,,,,,,,,,,,,,,,,,,,,,,,,,,
,,,,,,,,,,,,,,,,,,,,,,,,,,,,,,,,
,,,,,,,,,,,,,,,,,,,,,,,,,,,,,,,,
,,,,,,,,,,,,,,,,,,,,,,,,,,,,,,,,
,,,,,,,,,,,,,,,,,,,,,,,,,,,,,,,,
,,,,,,,,,,,,,,,,,,,,,,,,,,,,,,,,
,,,,,,,,,,,,,,,,,,,,,,,,,,,,,,,,
,,,,,,,,,,,,,,,,,,,,,,,,,,,,,,,,
,,,,,,,,,,,,,,,,,,,,,,,,,,,,,,,,
,,,,,,,,,,,,,,,,,,,,,,,,,,,,,,,,
,,,,,,,,,,,,,,,,,,,,,,,,,,,,,,,,
,,,,,,,,,,,,,,,,,,,,,,,,,,,,,,,,
,,,,,,,,,,,,,,,,,,,,,,,,,,,,,,,,
,,,,,,,,,,,,,,,,,,,,,,,,,,,,,,,,
,,,,,,,,,,,,,,,,,,,,,,,,,,,,,,,,
,,,,,,,,,,,,,,,,,,,,,,,,,,,,,,,,
,,,,,,,,,,,,,,,,,,,,,,,,,,,,,,,,
,,,,,,,,,,,,,,,,,,,,,,,,,,,,,,,,
,,,,,,,,,,,,,,,,,,,,,,,,,,,,,,,,
,,,,,,,,,,,,,,,,,,,,,,,,,,,,,,,,
,,,,,,,,,,,,,,,,,,,,,,,,,,,,,,,,
,,,,,,,,,,,,,,,,,,,,,,,,,,,,,,,,
,,,,,,,,,,,,,,,,,,,,,,,,,,,,,,,,
,,,,,,,,,,,,,,,,,,,,,,,,,,,,,,,,
,,,,,,,,,,,,,,,,,,,,,,,,,,,,,,,,
,,,,,,,,,,,,,,,,,,,,,,,,,,,,,,,,
,,,,,,,,,,,,,,,,,,,,,,,,,,,,,,,,
,,,,,,,,,,,,,,,,,,,,,,,,,,,,,,,,
,,,,,,,,,,,,,,,,,,,,,,,,,,,,,,,,
,,,,,,,,,,,,,,,,,,,,,,,,,,,,,,,,
,,,,,,,,,,,,,,,,,,,,,,,,,,,,,,,,
,,,,,,,,,,,,,,,,,,,,,,,,,,,,,,,,
,,,,,,,,,,,,,,,,,,,,,,,,,,,,,,,,
,,,,,,,,,,,,,,,,,,,,,,,,,,,,,,,,
,,,,,,,,,,,,,,,,,,,,,,,,,,,,,,,,
,,,,,,,,,,,,,,,,,,,,,,,,,,,,,,,,
,,,,,,,,,,,,,,,,,,,,,,,,,,,,,,,,
,,,,,,,,,,,,,,,,,,,,,,,,,,,,,,,,
,,,,,,,,,,,,,,,,,,,,,,,,,,,,,,,,
,,,,,,,,,,,,,,,,,,,,,,,,,,,,,,,,
,,,,,,,,,,,,,,,,,,,,,,,,,,,,,,,,
,,,,,,,,,,,,,,,,,,,,,,,,,,,,,,,,
,,,,,,,,,,,,,,,,,,,,,,,,,,,,,,,,
,,,,,,,,,,,,,,,,,,,,,,,,,,,,,,,,
,,,,,,,,,,,,,,,,,,,,,,,,,,,,,,,,
,,,,,,,,,,,,,,,,,,,,,,,,,,,,,,,,
,,,,,,,,,,,,,,,,,,,,,,,,,,,,,,,,
,,,,,,,,,,,,,,,,,,,,,,,,,,,,,,,,
,,,,,,,,,,,,,,,,,,,,,,,,,,,,,,,,
,,,,,,,,,,,,,,,,,,,,,,,,,,,,,,,,
,,,,,,,,,,,,,,,,,,,,,,,,,,,,,,,,
,,,,,,,,,,,,,,,,,,,,,,,,,,,,,,,,
,,,,,,,,,,,,,,,,,,,,,,,,,,,,,,,,
,,,,,,,,,,,,,,,,,,,,,,,,,,,,,,,,
,,,,,,,,,,,,,,,,,,,,,,,,,,,,,,,,
,,,,,,,,,,,,,,,,,,,,,,,,,,,,,,,,
,,,,,,,,,,,,,,,,,,,,,,,,,,,,,,,,
,,,,,,,,,,,,,,,,,,,,,,,,,,,,,,,,
,,,,,,,,,,,,,,,,,,,,,,,,,,,,,,,,
,,,,,,,,,,,,,,,,,,,,,,,,,,,,,,,,
,,,,,,,,,,,,,,,,,,,,,,,,,,,,,,,,
,,,,,,,,,,,,,,,,,,,,,,,,,,,,,,,,
,,,,,,,,,,,,,,,,,,,,,,,,,,,,,,,,
,,,,,,,,,,,,,,,,,,,,,,,,,,,,,,,,
,,,,,,,,,,,,,,,,,,,,,,,,,,,,,,,,
,,,,,,,,,,,,,,,,,,,,,,,,,,,,,,,,
,,,,,,,,,,,,,,,,,,,,,,,,,,,,,,,,
,,,,,,,,,,,,,,,,,,,,,,,,,,,,,,,,
,,,,,,,,,,,,,,,,,,,,,,,,,,,,,,,,
,,,,,,,,,,,,,,,,,,,,,,,,,,,,,,,,
,,,,,,,,,,,,,,,,,,,,,,,,,,,,,,,,
,,,,,,,,,,,,,,,,,,,,,,,,,,,,,,,,
,,,,,,,,,,,,,,,,,,,,,,,,,,,,,,,,
,,,,,,,,,,,,,,,,,,,,,,,,,,,,,,,,
,,,,,,,,,,,,,,,,,,,,,,,,,,,,,,,,
,,,,,,,,,,,,,,,,,,,,,,,,,,,,,,,,
,,,,,,,,,,,,,,,,,,,,,,,,,,,,,,,,
,,,,,,,,,,,,,,,,,,,,,,,,,,,,,,,,
,,,,,,,,,,,,,,,,,,,,,,,,,,,,,,,,
,,,,,,,,,,,,,,,,,,,,,,,,,,,,,,,,
,,,,,,,,,,,,,,,,,,,,,,,,,,,,,,,,
,,,,,,,,,,,,,,,,,,,,,,,,,,,,,,,,
,,,,,,,,,,,,,,,,,,,,,,,,,,,,,,,,
,,,,,,,,,,,,,,,,,,,,,,,,,,,,,,,,
,,,,,,,,,,,,,,,,,,,,,,,,,,,,,,,,
,,,,,,,,,,,,,,,,,,,,,,,,,,,,,,,,
,,,,,,,,,,,,,,,,,,,,,,,,,,,,,,,,
,,,,,,,,,,,,,,,,,,,,,,,,,,,,,,,,
,,,,,,,,,,,,,,,,,,,,,,,,,,,,,,,,
,,,,,,,,,,,,,,,,,,,,,,,,,,,,,,,,
,,,,,,,,,,,,,,,,,,,,,,,,,,,,,,,,
,,,,,,,,,,,,,,,,,,,,,,,,,,,,,,,,
,,,,,,,,,,,,,,,,,,,,,,,,,,,,,,,,
,,,,,,,,,,,,,,,,,,,,,,,,,,,,,,,,
,,,,,,,,,,,,,,,,,,,,,,,,,,,,,,,,
,,,,,,,,,,,,,,,,,,,,,,,,,,,,,,,,
,,,,,,,,,,,,,,,,,,,,,,,,,,,,,,,,
,,,,,,,,,,,,,,,,,,,,,,,,,,,,,,,,
,,,,,,,,,,,,,,,,,,,,,,,,,,,,,,,,
,,,,,,,,,,,,,,,,,,,,,,,,,,,,,,,,
,,,,,,,,,,,,,,,,,,,,,,,,,,,,,,,,
,,,,,,,,,,,,,,,,,,,,,,,,,,,,,,,,
,,,,,,,,,,,,,,,,,,,,,,,,,,,,,,,,
,,,,,,,,,,,,,,,,,,,,,,,,,,,,,,,,
,,,,,,,,,,,,,,,,,,,,,,,,,,,,,,,,
,,,,,,,,,,,,,,,,,,,,,,,,,,,,,,,,
,,,,,,,,,,,,,,,,,,,,,,,,,,,,,,,,
,,,,,,,,,,,,,,,,,,,,,,,,,,,,,,,,
,,,,,,,,,,,,,,,,,,,,,,,,,,,,,,,,
,,,,,,,,,,,,,,,,,,,,,,,,,,,,,,,,
,,,,,,,,,,,,,,,,,,,,,,,,,,,,,,,,
,,,,,,,,,,,,,,,,,,,,,,,,,,,,,,,,
,,,,,,,,,,,,,,,,,,,,,,,,,,,,,,,,
,,,,,,,,,,,,,,,,,,,,,,,,,,,,,,,,
,,,,,,,,,,,,,,,,,,,,,,,,,,,,,,,,
,,,,,,,,,,,,,,,,,,,,,,,,,,,,,,,,
,,,,,,,,,,,,,,,,,,,,,,,,,,,,,,,,
,,,,,,,,,,,,,,,,,,,,,,,,,,,,,,,,
,,,,,,,,,,,,,,,,,,,,,,,,,,,,,,,,
,,,,,,,,,,,,,,,,,,,,,,,,,,,,,,,,
,,,,,,,,,,,,,,,,,,,,,,,,,,,,,,,,
,,,,,,,,,,,,,,,,,,,,,,,,,,,,,,,,
,,,,,,,,,,,,,,,,,,,,,,,,,,,,,,,,
,,,,,,,,,,,,,,,,,,,,,,,,,,,,,,,,
,,,,,,,,,,,,,,,,,,,,,,,,,,,,,,,,
,,,,,,,,,,,,,,,,,,,,,,,,,,,,,,,,
,,,,,,,,,,,,,,,,,,,,,,,,,,,,,,,,
,,,,,,,,,,,,,,,,,,,,,,,,,,,,,,,,
,,,,,,,,,,,,,,,,,,,,,,,,,,,,,,,,
,,,,,,,,,,,,,,,,,,,,,,,,,,,,,,,,
,,,,,,,,,,,,,,,,,,,,,,,,,,,,,,,,
,,,,,,,,,,,,,,,,,,,,,,,,,,,,,,,,
,,,,,,,,,,,,,,,,,,,,,,,,,,,,,,,,
,,,,,,,,,,,,,,,,,,,,,,,,,,,,,,,,
,,,,,,,,,,,,,,,,,,,,,,,,,,,,,,,,
,,,,,,,,,,,,,,,,,,,,,,,,,,,,,,,,
,,,,,,,,,,,,,,,,,,,,,,,,,,,,,,,,
,,,,,,,,,,,,,,,,,,,,,,,,,,,,,,,,
,,,,,,,,,,,,,,,,,,,,,,,,,,,,,,,,
,,,,,,,,,,,,,,,,,,,,,,,,,,,,,,,,
,,,,,,,,,,,,,,,,,,,,,,,,,,,,,,,,
,,,,,,,,,,,,,,,,,,,,,,,,,,,,,,,,
,,,,,,,,,,,,,,,,,,,,,,,,,,,,,,,,
,,,,,,,,,,,,,,,,,,,,,,,,,,,,,,,,
,,,,,,,,,,,,,,,,,,,,,,,,,,,,,,,,
,,,,,,,,,,,,,,,,,,,,,,,,,,,,,,,,
,,,,,,,,,,,,,,,,,,,,,,,,,,,,,,,,
,,,,,,,,,,,,,,,,,,,,,,,,,,,,,,,,
,,,,,,,,,,,,,,,,,,,,,,,,,,,,,,,,
,,,,,,,,,,,,,,,,,,,,,,,,,,,,,,,,
,,,,,,,,,,,,,,,,,,,,,,,,,,,,,,,,
,,,,,,,,,,,,,,,,,,,,,,,,,,,,,,,,
,,,,,,,,,,,,,,,,,,,,,,,,,,,,,,,,
,,,,,,,,,,,,,,,,,,,,,,,,,,,,,,,,
,,,,,,,,,,,,,,,,,,,,,,,,,,,,,,,,
,,,,,,,,,,,,,,,,,,,,,,,,,,,,,,,,
,,,,,,,,,,,,,,,,,,,,,,,,,,,,,,,,
,,,,,,,,,,,,,,,,,,,,,,,,,,,,,,,,
,,,,,,,,,,,,,,,,,,,,,,,,,,,,,,,,
,,,,,,,,,,,,,,,,,,,,,,,,,,,,,,,,
,,,,,,,,,,,,,,,,,,,,,,,,,,,,,,,,
,,,,,,,,,,,,,,,,,,,,,,,,,,,,,,,,
,,,,,,,,,,,,,,,,,,,,,,,,,,,,,,,,
,,,,,,,,,,,,,,,,,,,,,,,,,,,,,,,,
,,,,,,,,,,,,,,,,,,,,,,,,,,,,,,,,
,,,,,,,,,,,,,,,,,,,,,,,,,,,,,,,,
,,,,,,,,,,,,,,,,,,,,,,,,,,,,,,,,
,,,,,,,,,,,,,,,,,,,,,,,,,,,,,,,,
,,,,,,,,,,,,,,,,,,,,,,,,,,,,,,,,
,,,,,,,,,,,,,,,,,,,,,,,,,,,,,,,,
,,,,,,,,,,,,,,,,,,,,,,,,,,,,,,,,
,,,,,,,,,,,,,,,,,,,,,,,,,,,,,,,,
,,,,,,,,,,,,,,,,,,,,,,,,,,,,,,,,
,,,,,,,,,,,,,,,,,,,,,,,,,,,,,,,,
,,,,,,,,,,,,,,,,,,,,,,,,,,,,,,,,
,,,,,,,,,,,,,,,,,,,,,,,,,,,,,,,,
,,,,,,,,,,,,,,,,,,,,,,,,,,,,,,,,
,,,,,,,,,,,,,,,,,,,,,,,,,,,,,,,,
,,,,,,,,,,,,,,,,,,,,,,,,,,,,,,,,
,,,,,,,,,,,,,,,,,,,,,,,,,,,,,,,,
,,,,,,,,,,,,,,,,,,,,,,,,,,,,,,,,
,,,,,,,,,,,,,,,,,,,,,,,,,,,,,,,,
,,,,,,,,,,,,,,,,,,,,,,,,,,,,,,,,
,,,,,,,,,,,,,,,,,,,,,,,,,,,,,,,,
,,,,,,,,,,,,,,,,,,,,,,,,,,,,,,,,
,,,,,,,,,,,,,,,,,,,,,,,,,,,,,,,,
,,,,,,,,,,,,,,,,,,,,,,,,,,,,,,,,
,,,,,,,,,,,,,,,,,,,,,,,,,,,,,,,,
,,,,,,,,,,,,,,,,,,,,,,,,,,,,,,,,
,,,,,,,,,,,,,,,,,,,,,,,,,,,,,,,,
,,,,,,,,,,,,,,,,,,,,,,,,,,,,,,,,
,,,,,,,,,,,,,,,,,,,,,,,,,,,,,,,,
,,,,,,,,,,,,,,,,,,,,,,,,,,,,,,,,
,,,,,,,,,,,,,,,,,,,,,,,,,,,,,,,,
,,,,,,,,,,,,,,,,,,,,,,,,,,,,,,,,
,,,,,,,,,,,,,,,,,,,,,,,,,,,,,,,,
,,,,,,,,,,,,,,,,,,,,,,,,,,,,,,,,
,,,,,,,,,,,,,,,,,,,,,,,,,,,,,,,,
,,,,,,,,,,,,,,,,,,,,,,,,,,,,,,,,
,,,,,,,,,,,,,,,,,,,,,,,,,,,,,,,,
,,,,,,,,,,,,,,,,,,,,,,,,,,,,,,,,
,,,,,,,,,,,,,,,,,,,,,,,,,,,,,,,,
,,,,,,,,,,,,,,,,,,,,,,,,,,,,,,,,
,,,,,,,,,,,,,,,,,,,,,,,,,,,,,,,,
,,,,,,,,,,,,,,,,,,,,,,,,,,,,,,,,
,,,,,,,,,,,,,,,,,,,,,,,,,,,,,,,,
,,,,,,,,,,,,,,,,,,,,,,,,,,,,,,,,
,,,,,,,,,,,,,,,,,,,,,,,,,,,,,,,,
,,,,,,,,,,,,,,,,,,,,,,,,,,,,,,,,
,,,,,,,,,,,,,,,,,,,,,,,,,,,,,,,,
,,,,,,,,,,,,,,,,,,,,,,,,,,,,,,,,
,,,,,,,,,,,,,,,,,,,,,,,,,,,,,,,,
,,,,,,,,,,,,,,,,,,,,,,,,,,,,,,,,
,,,,,,,,,,,,,,,,,,,,,,,,,,,,,,,,
,,,,,,,,,,,,,,,,,,,,,,,,,,,,,,,,
,,,,,,,,,,,,,,,,,,,,,,,,,,,,,,,,
,,,,,,,,,,,,,,,,,,,,,,,,,,,,,,,,
,,,,,,,,,,,,,,,,,,,,,,,,,,,,,,,,
,,,,,,,,,,,,,,,,,,,,,,,,,,,,,,,,
,,,,,,,,,,,,,,,,,,,,,,,,,,,,,,,,
,,,,,,,,,,,,,,,,,,,,,,,,,,,,,,,,
,,,,,,,,,,,,,,,,,,,,,,,,,,,,,,,,
,,,,,,,,,,,,,,,,,,,,,,,,,,,,,,,,
,,,,,,,,,,,,,,,,,,,,,,,,,,,,,,,,
,,,,,,,,,,,,,,,,,,,,,,,,,,,,,,,,
,,,,,,,,,,,,,,,,,,,,,,,,,,,,,,,,
,,,,,,,,,,,,,,,,,,,,,,,,,,,,,,,,
,,,,,,,,,,,,,,,,,,,,,,,,,,,,,,,,
,,,,,,,,,,,,,,,,,,,,,,,,,,,,,,,,
,,,,,,,,,,,,,,,,,,,,,,,,,,,,,,,,
,,,,,,,,,,,,,,,,,,,,,,,,,,,,,,,,
,,,,,,,,,,,,,,,,,,,,,,,,,,,,,,,,
,,,,,,,,,,,,,,,,,,,,,,,,,,,,,,,,
,,,,,,,,,,,,,,,,,,,,,,,,,,,,,,,,
,,,,,,,,,,,,,,,,,,,,,,,,,,,,,,,,
,,,,,,,,,,,,,,,,,,,,,,,,,,,,,,,,
,,,,,,,,,,,,,,,,,,,,,,,,,,,,,,,,
,,,,,,,,,,,,,,,,,,,,,,,,,,,,,,,,
,,,,,,,,,,,,,,,,,,,,,,,,,,,,,,,,
,,,,,,,,,,,,,,,,,,,,,,,,,,,,,,,,
,,,,,,,,,,,,,,,,,,,,,,,,,,,,,,,,
,,,,,,,,,,,,,,,,,,,,,,,,,,,,,,,,
,,,,,,,,,,,,,,,,,,,,,,,,,,,,,,,,
,,,,,,,,,,,,,,,,,,,,,,,,,,,,,,,,
,,,,,,,,,,,,,,,,,,,,,,,,,,,,,,,,
,,,,,,,,,,,,,,,,,,,,,,,,,,,,,,,,
,,,,,,,,,,,,,,,,,,,,,,,,,,,,,,,,
,,,,,,,,,,,,,,,,,,,,,,,,,,,,,,,,
,,,,,,,,,,,,,,,,,,,,,,,,,,,,,,,,
,,,,,,,,,,,,,,,,,,,,,,,,,,,,,,,,
,,,,,,,,,,,,,,,,,,,,,,,,,,,,,,,,
,,,,,,,,,,,,,,,,,,,,,,,,,,,,,,,,
,,,,,,,,,,,,,,,,,,,,,,,,,,,,,,,,
,,,,,,,,,,,,,,,,,,,,,,,,,,,,,,,,
,,,,,,,,,,,,,,,,,,,,,,,,,,,,,,,,
,,,,,,,,,,,,,,,,,,,,,,,,,,,,,,,,
,,,,,,,,,,,,,,,,,,,,,,,,,,,,,,,,
,,,,,,,,,,,,,,,,,,,,,,,,,,,,,,,,
,,,,,,,,,,,,,,,,,,,,,,,,,,,,,,,,
,,,,,,,,,,,,,,,,,,,,,,,,,,,,,,,,
,,,,,,,,,,,,,,,,,,,,,,,,,,,,,,,,
,,,,,,,,,,,,,,,,,,,,,,,,,,,,,,,,
,,,,,,,,,,,,,,,,,,,,,,,,,,,,,,,,
,,,,,,,,,,,,,,,,,,,,,,,,,,,,,,,,
,,,,,,,,,,,,,,,,,,,,,,,,,,,,,,,,
,,,,,,,,,,,,,,,,,,,,,,,,,,,,,,,,
,,,,,,,,,,,,,,,,,,,,,,,,,,,,,,,,
,,,,,,,,,,,,,,,,,,,,,,,,,,,,,,,,
,,,,,,,,,,,,,,,,,,,,,,,,,,,,,,,,
,,,,,,,,,,,,,,,,,,,,,,,,,,,,,,,,
,,,,,,,,,,,,,,,,,,,,,,,,,,,,,,,,
,,,,,,,,,,,,,,,,,,,,,,,,,,,,,,,,
,,,,,,,,,,,,,,,,,,,,,,,,,,,,,,,,
,,,,,,,,,,,,,,,,,,,,,,,,,,,,,,,,
,,,,,,,,,,,,,,,,,,,,,,,,,,,,,,,,
,,,,,,,,,,,,,,,,,,,,,,,,,,,,,,,,
,,,,,,,,,,,,,,,,,,,,,,,,,,,,,,,,
,,,,,,,,,,,,,,,,,,,,,,,,,,,,,,,,
,,,,,,,,,,,,,,,,,,,,,,,,,,,,,,,,
,,,,,,,,,,,,,,,,,,,,,,,,,,,,,,,,
,,,,,,,,,,,,,,,,,,,,,,,,,,,,,,,,
,,,,,,,,,,,,,,,,,,,,,,,,,,,,,,,,
,,,,,,,,,,,,,,,,,,,,,,,,,,,,,,,,
,,,,,,,,,,,,,,,,,,,,,,,,,,,,,,,,
,,,,,,,,,,,,,,,,,,,,,,,,,,,,,,,,
,,,,,,,,,,,,,,,,,,,,,,,,,,,,,,,,
,,,,,,,,,,,,,,,,,,,,,,,,,,,,,,,,
,,,,,,,,,,,,,,,,,,,,,,,,,,,,,,,,
,,,,,,,,,,,,,,,,,,,,,,,,,,,,,,,,
,,,,,,,,,,,,,,,,,,,,,,,,,,,,,,,,
,,,,,,,,,,,,,,,,,,,,,,,,,,,,,,,,
,,,,,,,,,,,,,,,,,,,,,,,,,,,,,,,,
,,,,,,,,,,,,,,,,,,,,,,,,,,,,,,,,
,,,,,,,,,,,,,,,,,,,,,,,,,,,,,,,,
,,,,,,,,,,,,,,,,,,,,,,,,,,,,,,,,
,,,,,,,,,,,,,,,,,,,,,,,,,,,,,,,,
,,,,,,,,,,,,,,,,,,,,,,,,,,,,,,,,
,,,,,,,,,,,,,,,,,,,,,,,,,,,,,,,,
,,,,,,,,,,,,,,,,,,,,,,,,,,,,,,,,
,,,,,,,,,,,,,,,,,,,,,,,,,,,,,,,,
,,,,,,,,,,,,,,,,,,,,,,,,,,,,,,,,
,,,,,,,,,,,,,,,,,,,,,,,,,,,,,,,,
,,,,,,,,,,,,,,,,,,,,,,,,,,,,,,,,
,,,,,,,,,,,,,,,,,,,,,,,,,,,,,,,,
,,,,,,,,,,,,,,,,,,,,,,,,,,,,,,,,
,,,,,,,,,,,,,,,,,,,,,,,,,,,,,,,,
,,,,,,,,,,,,,,,,,,,,,,,,,,,,,,,,
,,,,,,,,,,,,,,,,,,,,,,,,,,,,,,,,
,,,,,,,,,,,,,,,,,,,,,,,,,,,,,,,,
,,,,,,,,,,,,,,,,,,,,,,,,,,,,,,,,
,,,,,,,,,,,,,,,,,,,,,,,,,,,,,,,,
,,,,,,,,,,,,,,,,,,,,,,,,,,,,,,,,
,,,,,,,,,,,,,,,,,,,,,,,,,,,,,,,,
,,,,,,,,,,,,,,,,,,,,,,,,,,,,,,,,
,,,,,,,,,,,,,,,,,,,,,,,,,,,,,,,,
,,,,,,,,,,,,,,,,,,,,,,,,,,,,,,,,
,,,,,,,,,,,,,,,,,,,,,,,,,,,,,,,,
,,,,,,,,,,,,,,,,,,,,,,,,,,,,,,,,
,,,,,,,,,,,,,,,,,,,,,,,,,,,,,,,,
,,,,,,,,,,,,,,,,,,,,,,,,,,,,,,,,
,,,,,,,,,,,,,,,,,,,,,,,,,,,,,,,,
,,,,,,,,,,,,,,,,,,,,,,,,,,,,,,,,
,,,,,,,,,,,,,,,,,,,,,,,,,,,,,,,,
,,,,,,,,,,,,,,,,,,,,,,,,,,,,,,,,
,,,,,,,,,,,,,,,,,,,,,,,,,,,,,,,,
,,,,,,,,,,,,,,,,,,,,,,,,,,,,,,,,
,,,,,,,,,,,,,,,,,,,,,,,,,,,,,,,,
,,,,,,,,,,,,,,,,,,,,,,,,,,,,,,,,
,,,,,,,,,,,,,,,,,,,,,,,,,,,,,,,,
,,,,,,,,,,,,,,,,,,,,,,,,,,,,,,,,
,,,,,,,,,,,,,,,,,,,,,,,,,,,,,,,,
,,,,,,,,,,,,,,,,,,,,,,,,,,,,,,,,
,,,,,,,,,,,,,,,,,,,,,,,,,,,,,,,,
,,,,,,,,,,,,,,,,,,,,,,,,,,,,,,,,
,,,,,,,,,,,,,,,,,,,,,,,,,,,,,,,,
,,,,,,,,,,,,,,,,,,,,,,,,,,,,,,,,
,,,,,,,,,,,,,,,,,,,,,,,,,,,,,,,,
,,,,,,,,,,,,,,,,,,,,,,,,,,,,,,,,
,,,,,,,,,,,,,,,,,,,,,,,,,,,,,,,,
,,,,,,,,,,,,,,,,,,,,,,,,,,,,,,,,
,,,,,,,,,,,,,,,,,,,,,,,,,,,,,,,,
,,,,,,,,,,,,,,,,,,,,,,,,,,,,,,,,
,,,,,,,,,,,,,,,,,,,,,,,,,,,,,,,,
,,,,,,,,,,,,,,,,,,,,,,,,,,,,,,,,
,,,,,,,,,,,,,,,,,,,,,,,,,,,,,,,,
,,,,,,,,,,,,,,,,,,,,,,,,,,,,,,,,
,,,,,,,,,,,,,,,,,,,,,,,,,,,,,,,,
,,,,,,,,,,,,,,,,,,,,,,,,,,,,,,,,
,,,,,,,,,,,,,,,,,,,,,,,,,,,,,,,,
,,,,,,,,,,,,,,,,,,,,,,,,,,,,,,,,
,,,,,,,,,,,,,,,,,,,,,,,,,,,,,,,,
,,,,,,,,,,,,,,,,,,,,,,,,,,,,,,,,
,,,,,,,,,,,,,,,,,,,,,,,,,,,,,,,,
,,,,,,,,,,,,,,,,,,,,,,,,,,,,,,,,
,,,,,,,,,,,,,,,,,,,,,,,,,,,,,,,,
,,,,,,,,,,,,,,,,,,,,,,,,,,,,,,,,
,,,,,,,,,,,,,,,,,,,,,,,,,,,,,,,,
,,,,,,,,,,,,,,,,,,,,,,,,,,,,,,,,
,,,,,,,,,,,,,,,,,,,,,,,,,,,,,,,,
,,,,,,,,,,,,,,,,,,,,,,,,,,,,,,,,
,,,,,,,,,,,,,,,,,,,,,,,,,,,,,,,,
,,,,,,,,,,,,,,,,,,,,,,,,,,,,,,,,
,,,,,,,,,,,,,,,,,,,,,,,,,,,,,,,,
,,,,,,,,,,,,,,,,,,,,,,,,,,,,,,,,
,,,,,,,,,,,,,,,,,,,,,,,,,,,,,,,,
,,,,,,,,,,,,,,,,,,,,,,,,,,,,,,,,
,,,,,,,,,,,,,,,,,,,,,,,,,,,,,,,,
,,,,,,,,,,,,,,,,,,,,,,,,,,,,,,,,
,,,,,,,,,,,,,,,,,,,,,,,,,,,,,,,,
,,,,,,,,,,,,,,,,,,,,,,,,,,,,,,,,
,,,,,,,,,,,,,,,,,,,,,,,,,,,,,,,,
,,,,,,,,,,,,,,,,,,,,,,,,,,,,,,,,
,,,,,,,,,,,,,,,,,,,,,,,,,,,,,,,,
,,,,,,,,,,,,,,,,,,,,,,,,,,,,,,,,
,,,,,,,,,,,,,,,,,,,,,,,,,,,,,,,,
,,,,,,,,,,,,,,,,,,,,,,,,,,,,,,,,
,,,,,,,,,,,,,,,,,,,,,,,,,,,,,,,,
,,,,,,,,,,,,,,,,,,,,,,,,,,,,,,,,
,,,,,,,,,,,,,,,,,,,,,,,,,,,,,,,,
,,,,,,,,,,,,,,,,,,,,,,,,,,,,,,,,
,,,,,,,,,,,,,,,,,,,,,,,,,,,,,,,,
,,,,,,,,,,,,,,,,,,,,,,,,,,,,,,,,
,,,,,,,,,,,,,,,,,,,,,,,,,,,,,,,,
,,,,,,,,,,,,,,,,,,,,,,,,,,,,,,,,
,,,,,,,,,,,,,,,,,,,,,,,,,,,,,,,,
,,,,,,,,,,,,,,,,,,,,,,,,,,,,,,,,
,,,,,,,,,,,,,,,,,,,,,,,,,,,,,,,,
,,,,,,,,,,,,,,,,,,,,,,,,,,,,,,,,
,,,,,,,,,,,,,,,,,,,,,,,,,,,,,,,,
,,,,,,,,,,,,,,,,,,,,,,,,,,,,,,,,
,,,,,,,,,,,,,,,,,,,,,,,,,,,,,,,,
,,,,,,,,,,,,,,,,,,,,,,,,,,,,,,,,
,,,,,,,,,,,,,,,,,,,,,,,,,,,,,,,,
,,,,,,,,,,,,,,,,,,,,,,,,,,,,,,,,
,,,,,,,,,,,,,,,,,,,,,,,,,,,,,,,,
,,,,,,,,,,,,,,,,,,,,,,,,,,,,,,,,
,,,,,,,,,,,,,,,,,,,,,,,,,,,,,,,,
,,,,,,,,,,,,,,,,,,,,,,,,,,,,,,,,
,,,,,,,,,,,,,,,,,,,,,,,,,,,,,,,,
,,,,,,,,,,,,,,,,,,,,,,,,,,,,,,,,
,,,,,,,,,,,,,,,,,,,,,,,,,,,,,,,,
,,,,,,,,,,,,,,,,,,,,,,,,,,,,,,,,
,,,,,,,,,,,,,,,,,,,,,,,,,,,,,,,,
,,,,,,,,,,,,,,,,,,,,,,,,,,,,,,,,
,,,,,,,,,,,,,,,,,,,,,,,,,,,,,,,,
,,,,,,,,,,,,,,,,,,,,,,,,,,,,,,,,
,,,,,,,,,,,,,,,,,,,,,,,,,,,,,,,,
,,,,,,,,,,,,,,,,,,,,,,,,,,,,,,,,
,,,,,,,,,,,,,,,,,,,,,,,,,,,,,,,,
,,,,,,,,,,,,,,,,,,,,,,,,,,,,,,,,
,,,,,,,,,,,,,,,,,,,,,,,,,,,,,,,,
,,,,,,,,,,,,,,,,,,,,,,,,,,,,,,,,
,,,,,,,,,,,,,,,,,,,,,,,,,,,,,,,,
,,,,,,,,,,,,,,,,,,,,,,,,,,,,,,,,
,,,,,,,,,,,,,,,,,,,,,,,,,,,,,,,,
,,,,,,,,,,,,,,,,,,,,,,,,,,,,,,,,
,,,,,,,,,,,,,,,,,,,,,,,,,,,,,,,,
,,,,,,,,,,,,,,,,,,,,,,,,,,,,,,,,
,,,,,,,,,,,,,,,,,,,,,,,,,,,,,,,,
,,,,,,,,,,,,,,,,,,,,,,,,,,,,,,,,
,,,,,,,,,,,,,,,,,,,,,,,,,,,,,,,,
,,,,,,,,,,,,,,,,,,,,,,,,,,,,,,,,
,,,,,,,,,,,,,,,,,,,,,,,,,,,,,,,,
,,,,,,,,,,,,,,,,,,,,,,,,,,,,,,,,
,,,,,,,,,,,,,,,,,,,,,,,,,,,,,,,,
,,,,,,,,,,,,,,,,,,,,,,,,,,,,,,,,
,,,,,,,,,,,,,,,,,,,,,,,,,,,,,,,,
,,,,,,,,,,,,,,,,,,,,,,,,,,,,,,,,
,,,,,,,,,,,,,,,,,,,,,,,,,,,,,,,,
,,,,,,,,,,,,,,,,,,,,,,,,,,,,,,,,
,,,,,,,,,,,,,,,,,,,,,,,,,,,,,,,,
,,,,,,,,,,,,,,,,,,,,,,,,,,,,,,,,
,,,,,,,,,,,,,,,,,,,,,,,,,,,,,,,,
,,,,,,,,,,,,,,,,,,,,,,,,,,,,,,,,
,,,,,,,,,,,,,,,,,,,,,,,,,,,,,,,,
,,,,,,,,,,,,,,,,,,,,,,,,,,,,,,,,
,,,,,,,,,,,,,,,,,,,,,,,,,,,,,,,,
,,,,,,,,,,,,,,,,,,,,,,,,,,,,,,,,
,,,,,,,,,,,,,,,,,,,,,,,,,,,,,,,,
,,,,,,,,,,,,,,,,,,,,,,,,,,,,,,,,
,,,,,,,,,,,,,,,,,,,,,,,,,,,,,,,,
,,,,,,,,,,,,,,,,,,,,,,,,,,,,,,,,
,,,,,,,,,,,,,,,,,,,,,,,,,,,,,,,,
,,,,,,,,,,,,,,,,,,,,,,,,,,,,,,,,
,,,,,,,,,,,,,,,,,,,,,,,,,,,,,,,,
,,,,,,,,,,,,,,,,,,,,,,,,,,,,,,,,
,,,,,,,,,,,,,,,,,,,,,,,,,,,,,,,,
,,,,,,,,,,,,,,,,,,,,,,,,,,,,,,,,
,,,,,,,,,,,,,,,,,,,,,,,,,,,,,,,,
,,,,,,,,,,,,,,,,,,,,,,,,,,,,,,,,
,,,,,,,,,,,,,,,,,,,,,,,,,,,,,,,,
,,,,,,,,,,,,,,,,,,,,,,,,,,,,,,,,
,,,,,,,,,,,,,,,,,,,,,,,,,,,,,,,,
,,,,,,,,,,,,,,,,,,,,,,,,,,,,,,,,
,,,,,,,,,,,,,,,,,,,,,,,,,,,,,,,,
,,,,,,,,,,,,,,,,,,,,,,,,,,,,,,,,
,,,,,,,,,,,,,,,,,,,,,,,,,,,,,,,,
,,,,,,,,,,,,,,,,,,,,,,,,,,,,,,,,
,,,,,,,,,,,,,,,,,,,,,,,,,,,,,,,,
,,,,,,,,,,,,,,,,,,,,,,,,,,,,,,,,
,,,,,,,,,,,,,,,,,,,,,,,,,,,,,,,,
,,,,,,,,,,,,,,,,,,,,,,,,,,,,,,,,
,,,,,,,,,,,,,,,,,,,,,,,,,,,,,,,,
,,,,,,,,,,,,,,,,,,,,,,,,,,,,,,,,
,,,,,,,,,,,,,,,,,,,,,,,,,,,,,,,,
,,,,,,,,,,,,,,,,,,,,,,,,,,,,,,,,
,,,,,,,,,,,,,,,,,,,,,,,,,,,,,,,,
,,,,,,,,,,,,,,,,,,,,,,,,,,,,,,,,
,,,,,,,,,,,,,,,,,,,,,,,,,,,,,,,,
,,,,,,,,,,,,,,,,,,,,,,,,,,,,,,,,
,,,,,,,,,,,,,,,,,,,,,,,,,,,,,,,,
,,,,,,,,,,,,,,,,,,,,,,,,,,,,,,,,
,,,,,,,,,,,,,,,,,,,,,,,,,,,,,,,,
,,,,,,,,,,,,,,,,,,,,,,,,,,,,,,,,
,,,,,,,,,,,,,,,,,,,,,,,,,,,,,,,,
,,,,,,,,,,,,,,,,,,,,,,,,,,,,,,,,
,,,,,,,,,,,,,,,,,,,,,,,,,,,,,,,,
,,,,,,,,,,,,,,,,,,,,,,,,,,,,,,,,
,,,,,,,,,,,,,,,,,,,,,,,,,,,,,,,,
,,,,,,,,,,,,,,,,,,,,,,,,,,,,,,,,
,,,,,,,,,,,,,,,,,,,,,,,,,,,,,,,,
,,,,,,,,,,,,,,,,,,,,,,,,,,,,,,,,
,,,,,,,,,,,,,,,,,,,,,,,,,,,,,,,,
,,,,,,,,,,,,,,,,,,,,,,,,,,,,,,,,
,,,,,,,,,,,,,,,,,,,,,,,,,,,,,,,,
,,,,,,,,,,,,,,,,,,,,,,,,,,,,,,,,
,,,,,,,,,,,,,,,,,,,,,,,,,,,,,,,,
,,,,,,,,,,,,,,,,,,,,,,,,,,,,,,,,
,,,,,,,,,,,,,,,,,,,,,,,,,,,,,,,,
,,,,,,,,,,,,,,,,,,,,,,,,,,,,,,,,
,,,,,,,,,,,,,,,,,,,,,,,,,,,,,,,,
,,,,,,,,,,,,,,,,,,,,,,,,,,,,,,,,
,,,,,,,,,,,,,,,,,,,,,,,,,,,,,,,,
,,,,,,,,,,,,,,,,,,,,,,,,,,,,,,,,
,,,,,,,,,,,,,,,,,,,,,,,,,,,,,,,,
,,,,,,,,,,,,,,,,,,,,,,,,,,,,,,,,
,,,,,,,,,,,,,,,,,,,,,,,,,,,,,,,,
,,,,,,,,,,,,,,,,,,,,,,,,,,,,,,,,
,,,,,,,,,,,,,,,,,,,,,,,,,,,,,,,,
,,,,,,,,,,,,,,,,,,,,,,,,,,,,,,,,
,,,,,,,,,,,,,,,,,,,,,,,,,,,,,,,,
,,,,,,,,,,,,,,,,,,,,,,,,,,,,,,,,
,,,,,,,,,,,,,,,,,,,,,,,,,,,,,,,,
,,,,,,,,,,,,,,,,,,,,,,,,,,,,,,,,
,,,,,,,,,,,,,,,,,,,,,,,,,,,,,,,,
,,,,,,,,,,,,,,,,,,,,,,,,,,,,,,,,
,,,,,,,,,,,,,,,,,,,,,,,,,,,,,,,,
,,,,,,,,,,,,,,,,,,,,,,,,,,,,,,,,
,,,,,,,,,,,,,,,,,,,,,,,,,,,,,,,,
,,,,,,,,,,,,,,,,,,,,,,,,,,,,,,,,
,,,,,,,,,,,,,,,,,,,,,,,,,,,,,,,,
,,,,,,,,,,,,,,,,,,,,,,,,,,,,,,,,
,,,,,,,,,,,,,,,,,,,,,,,,,,,,,,,,
,,,,,,,,,,,,,,,,,,,,,,,,,,,,,,,,
,,,,,,,,,,,,,,,,,,,,,,,,,,,,,,,,
,,,,,,,,,,,,,,,,,,,,,,,,,,,,,,,,
,,,,,,,,,,,,,,,,,,,,,,,,,,,,,,,,
,,,,,,,,,,,,,,,,,,,,,,,,,,,,,,,,
,,,,,,,,,,,,,,,,,,,,,,,,,,,,,,,,
,,,,,,,,,,,,,,,,,,,,,,,,,,,,,,,,
,,,,,,,,,,,,,,,,,,,,,,,,,,,,,,,,
,,,,,,,,,,,,,,,,,,,,,,,,,,,,,,,,
,,,,,,,,,,,,,,,,,,,,,,,,,,,,,,,,
,,,,,,,,,,,,,,,,,,,,,,,,,,,,,,,,
,,,,,,,,,,,,,,,,,,,,,,,,,,,,,,,,
,,,,,,,,,,,,,,,,,,,,,,,,,,,,,,,,
,,,,,,,,,,,,,,,,,,,,,,,,,,,,,,,,
,,,,,,,,,,,,,,,,,,,,,,,,,,,,,,,,
,,,,,,,,,,,,,,,,,,,,,,,,,,,,,,,,
,,,,,,,,,,,,,,,,,,,,,,,,,,,,,,,,
,,,,,,,,,,,,,,,,,,,,,,,,,,,,,,,,
,,,,,,,,,,,,,,,,,,,,,,,,,,,,,,,,
,,,,,,,,,,,,,,,,,,,,,,,,,,,,,,,,
,,,,,,,,,,,,,,,,,,,,,,,,,,,,,,,,
,,,,,,,,,,,,,,,,,,,,,,,,,,,,,,,,
,,,,,,,,,,,,,,,,,,,,,,,,,,,,,,,,
,,,,,,,,,,,,,,,,,,,,,,,,,,,,,,,,
,,,,,,,,,,,,,,,,,,,,,,,,,,,,,,,,
,,,,,,,,,,,,,,,,,,,,,,,,,,,,,,,,
,,,,,,,,,,,,,,,,,,,,,,,,,,,,,,,,
,,,,,,,,,,,,,,,,,,,,,,,,,,,,,,,,
,,,,,,,,,,,,,,,,,,,,,,,,,,,,,,,,
,,,,,,,,,,,,,,,,,,,,,,,,,,,,,,,,
,,,,,,,,,,,,,,,,,,,,,,,,,,,,,,,,
,,,,,,,,,,,,,,,,,,,,,,,,,,,,,,,,
,,,,,,,,,,,,,,,,,,,,,,,,,,,,,,,,
,,,,,,,,,,,,,,,,,,,,,,,,,,,,,,,,
,,,,,,,,,,,,,,,,,,,,,,,,,,,,,,,,
,,,,,,,,,,,,,,,,,,,,,,,,,,,,,,,,
,,,,,,,,,,,,,,,,,,,,,,,,,,,,,,,,
,,,,,,,,,,,,,,,,,,,,,,,,,,,,,,,,
,,,,,,,,,,,,,,,,,,,,,,,,,,,,,,,,
,,,,,,,,,,,,,,,,,,,,,,,,,,,,,,,,
,,,,,,,,,,,,,,,,,,,,,,,,,,,,,,,,
,,,,,,,,,,,,,,,,,,,,,,,,,,,,,,,,
,,,,,,,,,,,,,,,,,,,,,,,,,,,,,,,,
,,,,,,,,,,,,,,,,,,,,,,,,,,,,,,,,
,,,,,,,,,,,,,,,,,,,,,,,,,,,,,,,,
,,,,,,,,,,,,,,,,,,,,,,,,,,,,,,,,
,,,,,,,,,,,,,,,,,,,,,,,,,,,,,,,,
,,,,,,,,,,,,,,,,,,,,,,,,,,,,,,,,
,,,,,,,,,,,,,,,,,,,,,,,,,,,,,,,,
,,,,,,,,,,,,,,,,,,,,,,,,,,,,,,,,
,,,,,,,,,,,,,,,,,,,,,,,,,,,,,,,,
,,,,,,,,,,,,,,,,,,,,,,,,,,,,,,,,
,,,,,,,,,,,,,,,,,,,,,,,,,,,,,,,,
,,,,,,,,,,,,,,,,,,,,,,,,,,,,,,,,
,,,,,,,,,,,,,,,,,,,,,,,,,,,,,,,,
,,,,,,,,,,,,,,,,,,,,,,,,,,,,,,,,
,,,,,,,,,,,,,,,,,,,,,,,,,,,,,,,,
,,,,,,,,,,,,,,,,,,,,,,,,,,,,,,,,
,,,,,,,,,,,,,,,,,,,,,,,,,,,,,,,,
,,,,,,,,,,,,,,,,,,,,,,,,,,,,,,,,
,,,,,,,,,,,,,,,,,,,,,,,,,,,,,,,,
,,,,,,,,,,,,,,,,,,,,,,,,,,,,,,,,
,,,,,,,,,,,,,,,,,,,,,,,,,,,,,,,,
,,,,,,,,,,,,,,,,,,,,,,,,,,,,,,,,
,,,,,,,,,,,,,,,,,,,,,,,,,,,,,,,,
,,,,,,,,,,,,,,,,,,,,,,,,,,,,,,,,
,,,,,,,,,,,,,,,,,,,,,,,,,,,,,,,,
,,,,,,,,,,,,,,,,,,,,,,,,,,,,,,,,
,,,,,,,,,,,,,,,,,,,,,,,,,,,,,,,,
,,,,,,,,,,,,,,,,,,,,,,,,,,,,,,,,
,,,,,,,,,,,,,,,,,,,,,,,,,,,,,,,,
,,,,,,,,,,,,,,,,,,,,,,,,,,,,,,,,
,,,,,,,,,,,,,,,,,,,,,,,,,,,,,,,,
,,,,,,,,,,,,,,,,,,,,,,,,,,,,,,,,
,,,,,,,,,,,,,,,,,,,,,,,,,,,,,,,,
,,,,,,,,,,,,,,,,,,,,,,,,,,,,,,,,
,,,,,,,,,,,,,,,,,,,,,,,,,,,,,,,,
,,,,,,,,,,,,,,,,,,,,,,,,,,,,,,,,
,,,,,,,,,,,,,,,,,,,,,,,,,,,,,,,,
,,,,,,,,,,,,,,,,,,,,,,,,,,,,,,,,
,,,,,,,,,,,,,,,,,,,,,,,,,,,,,,,,
,,,,,,,,,,,,,,,,,,,,,,,,,,,,,,,,
,,,,,,,,,,,,,,,,,,,,,,,,,,,,,,,,
,,,,,,,,,,,,,,,,,,,,,,,,,,,,,,,,
,,,,,,,,,,,,,,,,,,,,,,,,,,,,,,,,
,,,,,,,,,,,,,,,,,,,,,,,,,,,,,,,,
,,,,,,,,,,,,,,,,,,,,,,,,,,,,,,,,
,,,,,,,,,,,,,,,,,,,,,,,,,,,,,,,,
,,,,,,,,,,,,,,,,,,,,,,,,,,,,,,,,
,,,,,,,,,,,,,,,,,,,,,,,,,,,,,,,,
,,,,,,,,,,,,,,,,,,,,,,,,,,,,,,,,
,,,,,,,,,,,,,,,,,,,,,,,,,,,,,,,,
,,,,,,,,,,,,,,,,,,,,,,,,,,,,,,,,
,,,,,,,,,,,,,,,,,,,,,,,,,,,,,,,,
,,,,,,,,,,,,,,,,,,,,,,,,,,,,,,,,
,,,,,,,,,,,,,,,,,,,,,,,,,,,,,,,,
,,,,,,,,,,,,,,,,,,,,,,,,,,,,,,,,
,,,,,,,,,,,,,,,,,,,,,,,,,,,,,,,,
,,,,,,,,,,,,,,,,,,,,,,,,,,,,,,,,
,,,,,,,,,,,,,,,,,,,,,,,,,,,,,,,,
,,,,,,,,,,,,,,,,,,,,,,,,,,,,,,,,
,,,,,,,,,,,,,,,,,,,,,,,,,,,,,,,,
,,,,,,,,,,,,,,,,,,,,,,,,,,,,,,,,
,,,,,,,,,,,,,,,,,,,,,,,,,,,,,,,,
,,,,,,,,,,,,,,,,,,,,,,,,,,,,,,,,
,,,,,,,,,,,,,,,,,,,,,,,,,,,,,,,,
,,,,,,,,,,,,,,,,,,,,,,,,,,,,,,,,
,,,,,,,,,,,,,,,,,,,,,,,,,,,,,,,,
,,,,,,,,,,,,,,,,,,,,,,,,,,,,,,,,
,,,,,,,,,,,,,,,,,,,,,,,,,,,,,,,,
,,,,,,,,,,,,,,,,,,,,,,,,,,,,,,,,
,,,,,,,,,,,,,,,,,,,,,,,,,,,,,,,,
,,,,,,,,,,,,,,,,,,,,,,,,,,,,,,,,
,,,,,,,,,,,,,,,,,,,,,,,,,,,,,,,,
,,,,,,,,,,,,,,,,,,,,,,,,,,,,,,,,
,,,,,,,,,,,,,,,,,,,,,,,,,,,,,,,,
,,,,,,,,,,,,,,,,,,,,,,,,,,,,,,,,
,,,,,,,,,,,,,,,,,,,,,,,,,,,,,,,,
,,,,,,,,,,,,,,,,,,,,,,,,,,,,,,,,
,,,,,,,,,,,,,,,,,,,,,,,,,,,,,,,,
,,,,,,,,,,,,,,,,,,,,,,,,,,,,,,,,
,,,,,,,,,,,,,,,,,,,,,,,,,,,,,,,,
,,,,,,,,,,,,,,,,,,,,,,,,,,,,,,,,
,,,,,,,,,,,,,,,,,,,,,,,,,,,,,,,,
,,,,,,,,,,,,,,,,,,,,,,,,,,,,,,,,
